"coordinate","configurations","parents","osvMatches","disposition"
"androidx.activity:activity-compose:1.9.3",":app/project/devDebugAndroidTestCompileClasspath; :app/project/devDebugAndroidTestRuntimeClasspath; :app/project/devDebugCompileClasspath; :app/project/devDebugRuntimeClasspath; :app/project/devDebugUnitTestCompileClasspath; :app/project/devDebugUnitTestRuntimeClasspath; :app/project/devReleaseCompileClasspath; :app/project/devReleaseRuntimeClasspath; :app/project/devReleaseUnitTestCompileClasspath; :app/project/devReleaseUnitTestRuntimeClasspath; :app/project/prodDebugAndroidTestCompileClasspath; :app/project/prodDebugAndroidTestRuntimeClasspath; :app/project/prodDebugCompileClasspath; :app/project/prodDebugRuntimeClasspath; :app/project/prodDebugUnitTestCompileClasspath; :app/project/prodDebugUnitTestRuntimeClasspath; :app/project/prodReleaseCompileClasspath; :app/project/prodReleaseRuntimeClasspath; :app/project/prodReleaseUnitTestCompileClasspath; :app/project/prodReleaseUnitTestRuntimeClasspath; :app/project/qaDebugAndroidTestCompileClasspath; :app/project/qaDebugAndroidTestRuntimeClasspath; :app/project/qaDebugCompileClasspath; :app/project/qaDebugRuntimeClasspath; :app/project/qaDebugUnitTestCompileClasspath; :app/project/qaDebugUnitTestRuntimeClasspath; :app/project/qaReleaseCompileClasspath; :app/project/qaReleaseRuntimeClasspath; :app/project/qaReleaseUnitTestCompileClasspath; :app/project/qaReleaseUnitTestRuntimeClasspath; :app/project/stagingDebugAndroidTestCompileClasspath; :app/project/stagingDebugAndroidTestRuntimeClasspath; :app/project/stagingDebugCompileClasspath; :app/project/stagingDebugRuntimeClasspath; :app/project/stagingDebugUnitTestCompileClasspath; :app/project/stagingDebugUnitTestRuntimeClasspath; :app/project/stagingReleaseCompileClasspath; :app/project/stagingReleaseRuntimeClasspath; :app/project/stagingReleaseUnitTestCompileClasspath; :app/project/stagingReleaseUnitTestRuntimeClasspath","androidx.compose.material3:material3-android:1.3.1; androidx.compose.ui:ui-test-android:1.7.6; androidx.compose.ui:ui-test-junit4-android:1.7.6; androidx.navigation:navigation-compose:2.5.1; project :app","","Retain pending scoped work packages; no OSV match is not security clearance"
"androidx.activity:activity-ktx:1.9.3",":app/project/devDebugAndroidTestCompileClasspath; :app/project/devDebugAndroidTestRuntimeClasspath; :app/project/devDebugCompileClasspath; :app/project/devDebugRuntimeClasspath; :app/project/devDebugUnitTestCompileClasspath; :app/project/devDebugUnitTestRuntimeClasspath; :app/project/devReleaseCompileClasspath; :app/project/devReleaseRuntimeClasspath; :app/project/devReleaseUnitTestCompileClasspath; :app/project/devReleaseUnitTestRuntimeClasspath; :app/project/prodDebugAndroidTestCompileClasspath; :app/project/prodDebugAndroidTestRuntimeClasspath; :app/project/prodDebugCompileClasspath; :app/project/prodDebugRuntimeClasspath; :app/project/prodDebugUnitTestCompileClasspath; :app/project/prodDebugUnitTestRuntimeClasspath; :app/project/prodReleaseCompileClasspath; :app/project/prodReleaseRuntimeClasspath; :app/project/prodReleaseUnitTestCompileClasspath; :app/project/prodReleaseUnitTestRuntimeClasspath; :app/project/qaDebugAndroidTestCompileClasspath; :app/project/qaDebugAndroidTestRuntimeClasspath; :app/project/qaDebugCompileClasspath; :app/project/qaDebugRuntimeClasspath; :app/project/qaDebugUnitTestCompileClasspath; :app/project/qaDebugUnitTestRuntimeClasspath; :app/project/qaReleaseCompileClasspath; :app/project/qaReleaseRuntimeClasspath; :app/project/qaReleaseUnitTestCompileClasspath; :app/project/qaReleaseUnitTestRuntimeClasspath; :app/project/stagingDebugAndroidTestCompileClasspath; :app/project/stagingDebugAndroidTestRuntimeClasspath; :app/project/stagingDebugCompileClasspath; :app/project/stagingDebugRuntimeClasspath; :app/project/stagingDebugUnitTestCompileClasspath; :app/project/stagingDebugUnitTestRuntimeClasspath; :app/project/stagingReleaseCompileClasspath; :app/project/stagingReleaseRuntimeClasspath; :app/project/stagingReleaseUnitTestCompileClasspath; :app/project/stagingReleaseUnitTestRuntimeClasspath","androidx.activity:activity-compose:1.9.3; androidx.compose.ui:ui-android:1.7.6; androidx.navigation:navigation-runtime:2.5.1","","Retain pending scoped work packages; no OSV match is not security clearance"
"androidx.activity:activity:1.9.3",":app/project/devDebugAndroidTestCompileClasspath; :app/project/devDebugAndroidTestRuntimeClasspath; :app/project/devDebugCompileClasspath; :app/project/devDebugRuntimeClasspath; :app/project/devDebugUnitTestCompileClasspath; :app/project/devDebugUnitTestRuntimeClasspath; :app/project/devReleaseCompileClasspath; :app/project/devReleaseRuntimeClasspath; :app/project/devReleaseUnitTestCompileClasspath; :app/project/devReleaseUnitTestRuntimeClasspath; :app/project/prodDebugAndroidTestCompileClasspath; :app/project/prodDebugAndroidTestRuntimeClasspath; :app/project/prodDebugCompileClasspath; :app/project/prodDebugRuntimeClasspath; :app/project/prodDebugUnitTestCompileClasspath; :app/project/prodDebugUnitTestRuntimeClasspath; :app/project/prodReleaseCompileClasspath; :app/project/prodReleaseRuntimeClasspath; :app/project/prodReleaseUnitTestCompileClasspath; :app/project/prodReleaseUnitTestRuntimeClasspath; :app/project/qaDebugAndroidTestCompileClasspath; :app/project/qaDebugAndroidTestRuntimeClasspath; :app/project/qaDebugCompileClasspath; :app/project/qaDebugRuntimeClasspath; :app/project/qaDebugUnitTestCompileClasspath; :app/project/qaDebugUnitTestRuntimeClasspath; :app/project/qaReleaseCompileClasspath; :app/project/qaReleaseRuntimeClasspath; :app/project/qaReleaseUnitTestCompileClasspath; :app/project/qaReleaseUnitTestRuntimeClasspath; :app/project/stagingDebugAndroidTestCompileClasspath; :app/project/stagingDebugAndroidTestRuntimeClasspath; :app/project/stagingDebugCompileClasspath; :app/project/stagingDebugRuntimeClasspath; :app/project/stagingDebugUnitTestCompileClasspath; :app/project/stagingDebugUnitTestRuntimeClasspath; :app/project/stagingReleaseCompileClasspath; :app/project/stagingReleaseRuntimeClasspath; :app/project/stagingReleaseUnitTestCompileClasspath; :app/project/stagingReleaseUnitTestRuntimeClasspath","androidx.activity:activity-ktx:1.9.3; androidx.biometric:biometric:1.1.0; androidx.compose.ui:ui-test-junit4-android:1.7.6; androidx.compose.ui:ui-test-manifest:1.7.6; androidx.fragment:fragment:1.5.1; com.google.dagger:hilt-android:2.56.2","","Retain pending scoped work packages; no OSV match is not security clearance"
"androidx.annotation:annotation-experimental:1.4.1",":app/project/devDebugAndroidTestCompileClasspath; :app/project/devDebugAndroidTestRuntimeClasspath; :app/project/devDebugCompileClasspath; :app/project/devDebugRuntimeClasspath; :app/project/devDebugUnitTestCompileClasspath; :app/project/devDebugUnitTestRuntimeClasspath; :app/project/devReleaseCompileClasspath; :app/project/devReleaseRuntimeClasspath; :app/project/devReleaseUnitTestCompileClasspath; :app/project/devReleaseUnitTestRuntimeClasspath; :app/project/prodDebugAndroidTestCompileClasspath; :app/project/prodDebugAndroidTestRuntimeClasspath; :app/project/prodDebugCompileClasspath; :app/project/prodDebugRuntimeClasspath; :app/project/prodDebugUnitTestCompileClasspath; :app/project/prodDebugUnitTestRuntimeClasspath; :app/project/prodReleaseCompileClasspath; :app/project/prodReleaseRuntimeClasspath; :app/project/prodReleaseUnitTestCompileClasspath; :app/project/prodReleaseUnitTestRuntimeClasspath; :app/project/qaDebugAndroidTestCompileClasspath; :app/project/qaDebugAndroidTestRuntimeClasspath; :app/project/qaDebugCompileClasspath; :app/project/qaDebugRuntimeClasspath; :app/project/qaDebugUnitTestCompileClasspath; :app/project/qaDebugUnitTestRuntimeClasspath; :app/project/qaReleaseCompileClasspath; :app/project/qaReleaseRuntimeClasspath; :app/project/qaReleaseUnitTestCompileClasspath; :app/project/qaReleaseUnitTestRuntimeClasspath; :app/project/stagingDebugAndroidTestCompileClasspath; :app/project/stagingDebugAndroidTestRuntimeClasspath; :app/project/stagingDebugCompileClasspath; :app/project/stagingDebugRuntimeClasspath; :app/project/stagingDebugUnitTestCompileClasspath; :app/project/stagingDebugUnitTestRuntimeClasspath; :app/project/stagingReleaseCompileClasspath; :app/project/stagingReleaseRuntimeClasspath; :app/project/stagingReleaseUnitTestCompileClasspath; :app/project/stagingReleaseUnitTestRuntimeClasspath","androidx.camera:camera-core:1.4.1; androidx.compose.animation:animation-android:1.7.6; androidx.compose.foundation:foundation-android:1.7.6; androidx.compose.foundation:foundation-layout-android:1.7.6; androidx.compose.material3:material3-android:1.3.1; androidx.compose.runtime:runtime-android:1.7.6; androidx.compose.ui:ui-android:1.7.6; androidx.compose.ui:ui-graphics-android:1.7.6; androidx.compose.ui:ui-text-android:1.7.6; androidx.compose.ui:ui-unit-android:1.7.6; androidx.compose.ui:ui-util-android:1.7.6; androidx.core:core:1.15.0; androidx.fragment:fragment:1.5.1; androidx.navigation:navigation-runtime:2.5.1; androidx.room:room-runtime:2.6.1; androidx.test:annotation:1.0.1; com.google.dagger:hilt-android:2.56.2","","Retain pending scoped work packages; no OSV match is not security clearance"
"androidx.annotation:annotation-jvm:1.8.1",":app/project/devDebugAndroidTestCompileClasspath; :app/project/devDebugAndroidTestRuntimeClasspath; :app/project/devDebugCompileClasspath; :app/project/devDebugRuntimeClasspath; :app/project/devDebugUnitTestCompileClasspath; :app/project/devDebugUnitTestRuntimeClasspath; :app/project/devReleaseCompileClasspath; :app/project/devReleaseRuntimeClasspath; :app/project/devReleaseUnitTestCompileClasspath; :app/project/devReleaseUnitTestRuntimeClasspath; :app/project/prodDebugAndroidTestCompileClasspath; :app/project/prodDebugAndroidTestRuntimeClasspath; :app/project/prodDebugCompileClasspath; :app/project/prodDebugRuntimeClasspath; :app/project/prodDebugUnitTestCompileClasspath; :app/project/prodDebugUnitTestRuntimeClasspath; :app/project/prodReleaseCompileClasspath; :app/project/prodReleaseRuntimeClasspath; :app/project/prodReleaseUnitTestCompileClasspath; :app/project/prodReleaseUnitTestRuntimeClasspath; :app/project/qaDebugAndroidTestCompileClasspath; :app/project/qaDebugAndroidTestRuntimeClasspath; :app/project/qaDebugCompileClasspath; :app/project/qaDebugRuntimeClasspath; :app/project/qaDebugUnitTestCompileClasspath; :app/project/qaDebugUnitTestRuntimeClasspath; :app/project/qaReleaseCompileClasspath; :app/project/qaReleaseRuntimeClasspath; :app/project/qaReleaseUnitTestCompileClasspath; :app/project/qaReleaseUnitTestRuntimeClasspath; :app/project/stagingDebugAndroidTestCompileClasspath; :app/project/stagingDebugAndroidTestRuntimeClasspath; :app/project/stagingDebugCompileClasspath; :app/project/stagingDebugRuntimeClasspath; :app/project/stagingDebugUnitTestCompileClasspath; :app/project/stagingDebugUnitTestRuntimeClasspath; :app/project/stagingReleaseCompileClasspath; :app/project/stagingReleaseRuntimeClasspath; :app/project/stagingReleaseUnitTestCompileClasspath; :app/project/stagingReleaseUnitTestRuntimeClasspath","androidx.annotation:annotation:1.8.1; com.google.dagger:hilt-android:2.56.2","","Retain pending scoped work packages; no OSV match is not security clearance"
"androidx.annotation:annotation:1.3.0",":app/project/kspDevDebugAndroidTestKotlinProcessorClasspath; :app/project/kspDevDebugKotlinProcessorClasspath; :app/project/kspDevDebugUnitTestKotlinProcessorClasspath; :app/project/kspDevReleaseKotlinProcessorClasspath; :app/project/kspDevReleaseUnitTestKotlinProcessorClasspath; :app/project/kspProdDebugAndroidTestKotlinProcessorClasspath; :app/project/kspProdDebugKotlinProcessorClasspath; :app/project/kspProdDebugUnitTestKotlinProcessorClasspath; :app/project/kspProdReleaseKotlinProcessorClasspath; :app/project/kspProdReleaseUnitTestKotlinProcessorClasspath; :app/project/kspQaDebugAndroidTestKotlinProcessorClasspath; :app/project/kspQaDebugKotlinProcessorClasspath; :app/project/kspQaDebugUnitTestKotlinProcessorClasspath; :app/project/kspQaReleaseKotlinProcessorClasspath; :app/project/kspQaReleaseUnitTestKotlinProcessorClasspath; :app/project/kspStagingDebugAndroidTestKotlinProcessorClasspath; :app/project/kspStagingDebugKotlinProcessorClasspath; :app/project/kspStagingDebugUnitTestKotlinProcessorClasspath; :app/project/kspStagingReleaseKotlinProcessorClasspath; :app/project/kspStagingReleaseUnitTestKotlinProcessorClasspath","androidx.room:room-common:2.6.1","","Retain pending scoped work packages; no OSV match is not security clearance"
"androidx.annotation:annotation:1.8.1",":app/project/devDebugAndroidTestCompileClasspath; :app/project/devDebugAndroidTestRuntimeClasspath; :app/project/devDebugCompileClasspath; :app/project/devDebugRuntimeClasspath; :app/project/devDebugUnitTestCompileClasspath; :app/project/devDebugUnitTestRuntimeClasspath; :app/project/devReleaseCompileClasspath; :app/project/devReleaseRuntimeClasspath; :app/project/devReleaseUnitTestCompileClasspath; :app/project/devReleaseUnitTestRuntimeClasspath; :app/project/prodDebugAndroidTestCompileClasspath; :app/project/prodDebugAndroidTestRuntimeClasspath; :app/project/prodDebugCompileClasspath; :app/project/prodDebugRuntimeClasspath; :app/project/prodDebugUnitTestCompileClasspath; :app/project/prodDebugUnitTestRuntimeClasspath; :app/project/prodReleaseCompileClasspath; :app/project/prodReleaseRuntimeClasspath; :app/project/prodReleaseUnitTestCompileClasspath; :app/project/prodReleaseUnitTestRuntimeClasspath; :app/project/qaDebugAndroidTestCompileClasspath; :app/project/qaDebugAndroidTestRuntimeClasspath; :app/project/qaDebugCompileClasspath; :app/project/qaDebugRuntimeClasspath; :app/project/qaDebugUnitTestCompileClasspath; :app/project/qaDebugUnitTestRuntimeClasspath; :app/project/qaReleaseCompileClasspath; :app/project/qaReleaseRuntimeClasspath; :app/project/qaReleaseUnitTestCompileClasspath; :app/project/qaReleaseUnitTestRuntimeClasspath; :app/project/stagingDebugAndroidTestCompileClasspath; :app/project/stagingDebugAndroidTestRuntimeClasspath; :app/project/stagingDebugCompileClasspath; :app/project/stagingDebugRuntimeClasspath; :app/project/stagingDebugUnitTestCompileClasspath; :app/project/stagingDebugUnitTestRuntimeClasspath; :app/project/stagingReleaseCompileClasspath; :app/project/stagingReleaseRuntimeClasspath; :app/project/stagingReleaseUnitTestCompileClasspath; :app/project/stagingReleaseUnitTestRuntimeClasspath","androidx.activity:activity:1.9.3; androidx.appcompat:appcompat-resources:1.2.0; androidx.appcompat:appcompat:1.2.0; androidx.arch.core:core-common:2.2.0; androidx.arch.core:core-runtime:2.2.0; androidx.biometric:biometric:1.1.0; androidx.camera:camera-camera2:1.4.1; androidx.camera:camera-core:1.4.1; androidx.collection:collection-jvm:1.4.4; androidx.compose.animation:animation-android:1.7.6; androidx.compose.animation:animation-core-android:1.7.6; androidx.compose.foundation:foundation-android:1.7.6; androidx.compose.foundation:foundation-layout-android:1.7.6; androidx.compose.material3:material3-android:1.3.1; androidx.compose.runtime:runtime-saveable-android:1.7.6; androidx.compose.ui:ui-android:1.7.6; androidx.compose.ui:ui-geometry-android:1.7.6; androidx.compose.ui:ui-graphics-android:1.7.6; androidx.compose.ui:ui-test-android:1.7.6; androidx.compose.ui:ui-test-junit4-android:1.7.6; androidx.compose.ui:ui-text-android:1.7.6; androidx.compose.ui:ui-tooling-preview-android:1.7.6; androidx.compose.ui:ui-unit-android:1.7.6; androidx.concurrent:concurrent-futures:1.1.0; androidx.core:core-ktx:1.15.0; androidx.core:core:1.15.0; androidx.cursoradapter:cursoradapter:1.0.0; androidx.customview:customview:1.0.0; androidx.drawerlayout:drawerlayout:1.0.0; androidx.emoji2:emoji2:1.3.0; androidx.exifinterface:exifinterface:1.3.2; androidx.fragment:fragment:1.5.1; androidx.hilt:hilt-navigation:1.2.0; androidx.interpolator:interpolator:1.0.0; androidx.lifecycle:lifecycle-common-java8:2.8.7; androidx.lifecycle:lifecycle-common-jvm:2.8.7; androidx.lifecycle:lifecycle-process:2.8.7; androidx.lifecycle:lifecycle-runtime-android:2.8.7; androidx.lifecycle:lifecycle-runtime-compose-android:2.8.7; androidx.lifecycle:lifecycle-runtime-ktx-android:2.8.7; androidx.lifecycle:lifecycle-viewmodel-android:2.8.7; androidx.lifecycle:lifecycle-viewmodel-compose-android:2.8.7; androidx.lifecycle:lifecycle-viewmodel-savedstate:2.8.7; androidx.loader:loader:1.0.0; androidx.navigation:navigation-common:2.5.1; androidx.profileinstaller:profileinstaller:1.3.1; androidx.room:room-common:2.6.1; androidx.savedstate:savedstate:1.2.1; androidx.security:security-crypto:1.1.0-alpha06; androidx.sqlite:sqlite-framework:2.4.0; androidx.sqlite:sqlite:2.4.0; androidx.startup:startup-runtime:1.1.1; androidx.test:annotation:1.0.1; androidx.test:core:1.6.1; androidx.test:monitor:1.7.2; androidx.test:runner:1.6.2; androidx.test.espresso:espresso-core:3.5.0; androidx.test.ext:junit:1.2.1; androidx.test.services:storage:1.5.0; androidx.test.uiautomator:uiautomator:2.3.0; androidx.tracing:tracing:1.2.0; androidx.vectordrawable:vectordrawable:1.1.0; androidx.versionedparcelable:versionedparcelable:1.1.1; androidx.viewpager:viewpager:1.0.0; com.google.dagger:hilt-android:2.56.2","","Retain pending scoped work packages; no OSV match is not security clearance"
"androidx.appcompat:appcompat-resources:1.2.0",":app/project/devDebugRuntimeClasspath; :app/project/devDebugUnitTestRuntimeClasspath; :app/project/devReleaseRuntimeClasspath; :app/project/devReleaseUnitTestRuntimeClasspath; :app/project/prodDebugRuntimeClasspath; :app/project/prodDebugUnitTestRuntimeClasspath; :app/project/prodReleaseRuntimeClasspath; :app/project/prodReleaseUnitTestRuntimeClasspath; :app/project/qaDebugRuntimeClasspath; :app/project/qaDebugUnitTestRuntimeClasspath; :app/project/qaReleaseRuntimeClasspath; :app/project/qaReleaseUnitTestRuntimeClasspath; :app/project/stagingDebugRuntimeClasspath; :app/project/stagingDebugUnitTestRuntimeClasspath; :app/project/stagingReleaseRuntimeClasspath; :app/project/stagingReleaseUnitTestRuntimeClasspath","androidx.appcompat:appcompat:1.2.0","","Retain pending scoped work packages; no OSV match is not security clearance"
"androidx.appcompat:appcompat:1.2.0",":app/project/devDebugRuntimeClasspath; :app/project/devDebugUnitTestRuntimeClasspath; :app/project/devReleaseRuntimeClasspath; :app/project/devReleaseUnitTestRuntimeClasspath; :app/project/prodDebugRuntimeClasspath; :app/project/prodDebugUnitTestRuntimeClasspath; :app/project/prodReleaseRuntimeClasspath; :app/project/prodReleaseUnitTestRuntimeClasspath; :app/project/qaDebugRuntimeClasspath; :app/project/qaDebugUnitTestRuntimeClasspath; :app/project/qaReleaseRuntimeClasspath; :app/project/qaReleaseUnitTestRuntimeClasspath; :app/project/stagingDebugRuntimeClasspath; :app/project/stagingDebugUnitTestRuntimeClasspath; :app/project/stagingReleaseRuntimeClasspath; :app/project/stagingReleaseUnitTestRuntimeClasspath","androidx.biometric:biometric:1.1.0","","Retain pending scoped work packages; no OSV match is not security clearance"
"androidx.arch.core:core-common:2.2.0",":app/project/devDebugAndroidTestCompileClasspath; :app/project/devDebugAndroidTestRuntimeClasspath; :app/project/devDebugCompileClasspath; :app/project/devDebugRuntimeClasspath; :app/project/devDebugUnitTestCompileClasspath; :app/project/devDebugUnitTestRuntimeClasspath; :app/project/devReleaseCompileClasspath; :app/project/devReleaseRuntimeClasspath; :app/project/devReleaseUnitTestCompileClasspath; :app/project/devReleaseUnitTestRuntimeClasspath; :app/project/prodDebugAndroidTestCompileClasspath; :app/project/prodDebugAndroidTestRuntimeClasspath; :app/project/prodDebugCompileClasspath; :app/project/prodDebugRuntimeClasspath; :app/project/prodDebugUnitTestCompileClasspath; :app/project/prodDebugUnitTestRuntimeClasspath; :app/project/prodReleaseCompileClasspath; :app/project/prodReleaseRuntimeClasspath; :app/project/prodReleaseUnitTestCompileClasspath; :app/project/prodReleaseUnitTestRuntimeClasspath; :app/project/qaDebugAndroidTestCompileClasspath; :app/project/qaDebugAndroidTestRuntimeClasspath; :app/project/qaDebugCompileClasspath; :app/project/qaDebugRuntimeClasspath; :app/project/qaDebugUnitTestCompileClasspath; :app/project/qaDebugUnitTestRuntimeClasspath; :app/project/qaReleaseCompileClasspath; :app/project/qaReleaseRuntimeClasspath; :app/project/qaReleaseUnitTestCompileClasspath; :app/project/qaReleaseUnitTestRuntimeClasspath; :app/project/stagingDebugAndroidTestCompileClasspath; :app/project/stagingDebugAndroidTestRuntimeClasspath; :app/project/stagingDebugCompileClasspath; :app/project/stagingDebugRuntimeClasspath; :app/project/stagingDebugUnitTestCompileClasspath; :app/project/stagingDebugUnitTestRuntimeClasspath; :app/project/stagingReleaseCompileClasspath; :app/project/stagingReleaseRuntimeClasspath; :app/project/stagingReleaseUnitTestCompileClasspath; :app/project/stagingReleaseUnitTestRuntimeClasspath","androidx.arch.core:core-runtime:2.2.0; androidx.lifecycle:lifecycle-livedata-core:2.8.7; androidx.lifecycle:lifecycle-livedata:2.8.7; androidx.lifecycle:lifecycle-runtime-android:2.8.7; androidx.savedstate:savedstate:1.2.1","","Retain pending scoped work packages; no OSV match is not security clearance"
"androidx.arch.core:core-runtime:2.2.0",":app/project/devDebugAndroidTestCompileClasspath; :app/project/devDebugAndroidTestRuntimeClasspath; :app/project/devDebugCompileClasspath; :app/project/devDebugRuntimeClasspath; :app/project/devDebugUnitTestCompileClasspath; :app/project/devDebugUnitTestRuntimeClasspath; :app/project/devReleaseCompileClasspath; :app/project/devReleaseRuntimeClasspath; :app/project/devReleaseUnitTestCompileClasspath; :app/project/devReleaseUnitTestRuntimeClasspath; :app/project/prodDebugAndroidTestCompileClasspath; :app/project/prodDebugAndroidTestRuntimeClasspath; :app/project/prodDebugCompileClasspath; :app/project/prodDebugRuntimeClasspath; :app/project/prodDebugUnitTestCompileClasspath; :app/project/prodDebugUnitTestRuntimeClasspath; :app/project/prodReleaseCompileClasspath; :app/project/prodReleaseRuntimeClasspath; :app/project/prodReleaseUnitTestCompileClasspath; :app/project/prodReleaseUnitTestRuntimeClasspath; :app/project/qaDebugAndroidTestCompileClasspath; :app/project/qaDebugAndroidTestRuntimeClasspath; :app/project/qaDebugCompileClasspath; :app/project/qaDebugRuntimeClasspath; :app/project/qaDebugUnitTestCompileClasspath; :app/project/qaDebugUnitTestRuntimeClasspath; :app/project/qaReleaseCompileClasspath; :app/project/qaReleaseRuntimeClasspath; :app/project/qaReleaseUnitTestCompileClasspath; :app/project/qaReleaseUnitTestRuntimeClasspath; :app/project/stagingDebugAndroidTestCompileClasspath; :app/project/stagingDebugAndroidTestRuntimeClasspath; :app/project/stagingDebugCompileClasspath; :app/project/stagingDebugRuntimeClasspath; :app/project/stagingDebugUnitTestCompileClasspath; :app/project/stagingDebugUnitTestRuntimeClasspath; :app/project/stagingReleaseCompileClasspath; :app/project/stagingReleaseRuntimeClasspath; :app/project/stagingReleaseUnitTestCompileClasspath; :app/project/stagingReleaseUnitTestRuntimeClasspath","androidx.lifecycle:lifecycle-livedata-core:2.8.7; androidx.lifecycle:lifecycle-livedata:2.8.7; androidx.lifecycle:lifecycle-runtime-android:2.8.7; androidx.room:room-runtime:2.6.1","","Retain pending scoped work packages; no OSV match is not security clearance"
"androidx.autofill:autofill:1.0.0",":app/project/devDebugAndroidTestRuntimeClasspath; :app/project/devDebugRuntimeClasspath; :app/project/devDebugUnitTestRuntimeClasspath; :app/project/devReleaseRuntimeClasspath; :app/project/devReleaseUnitTestRuntimeClasspath; :app/project/prodDebugAndroidTestRuntimeClasspath; :app/project/prodDebugRuntimeClasspath; :app/project/prodDebugUnitTestRuntimeClasspath; :app/project/prodReleaseRuntimeClasspath; :app/project/prodReleaseUnitTestRuntimeClasspath; :app/project/qaDebugAndroidTestRuntimeClasspath; :app/project/qaDebugRuntimeClasspath; :app/project/qaDebugUnitTestRuntimeClasspath; :app/project/qaReleaseRuntimeClasspath; :app/project/qaReleaseUnitTestRuntimeClasspath; :app/project/stagingDebugAndroidTestRuntimeClasspath; :app/project/stagingDebugRuntimeClasspath; :app/project/stagingDebugUnitTestRuntimeClasspath; :app/project/stagingReleaseRuntimeClasspath; :app/project/stagingReleaseUnitTestRuntimeClasspath","androidx.compose.ui:ui-android:1.7.6","","Retain pending scoped work packages; no OSV match is not security clearance"
"androidx.biometric:biometric:1.1.0",":app/project/devDebugAndroidTestCompileClasspath; :app/project/devDebugCompileClasspath; :app/project/devDebugRuntimeClasspath; :app/project/devDebugUnitTestCompileClasspath; :app/project/devDebugUnitTestRuntimeClasspath; :app/project/devReleaseCompileClasspath; :app/project/devReleaseRuntimeClasspath; :app/project/devReleaseUnitTestCompileClasspath; :app/project/devReleaseUnitTestRuntimeClasspath; :app/project/prodDebugAndroidTestCompileClasspath; :app/project/prodDebugCompileClasspath; :app/project/prodDebugRuntimeClasspath; :app/project/prodDebugUnitTestCompileClasspath; :app/project/prodDebugUnitTestRuntimeClasspath; :app/project/prodReleaseCompileClasspath; :app/project/prodReleaseRuntimeClasspath; :app/project/prodReleaseUnitTestCompileClasspath; :app/project/prodReleaseUnitTestRuntimeClasspath; :app/project/qaDebugAndroidTestCompileClasspath; :app/project/qaDebugCompileClasspath; :app/project/qaDebugRuntimeClasspath; :app/project/qaDebugUnitTestCompileClasspath; :app/project/qaDebugUnitTestRuntimeClasspath; :app/project/qaReleaseCompileClasspath; :app/project/qaReleaseRuntimeClasspath; :app/project/qaReleaseUnitTestCompileClasspath; :app/project/qaReleaseUnitTestRuntimeClasspath; :app/project/stagingDebugAndroidTestCompileClasspath; :app/project/stagingDebugCompileClasspath; :app/project/stagingDebugRuntimeClasspath; :app/project/stagingDebugUnitTestCompileClasspath; :app/project/stagingDebugUnitTestRuntimeClasspath; :app/project/stagingReleaseCompileClasspath; :app/project/stagingReleaseRuntimeClasspath; :app/project/stagingReleaseUnitTestCompileClasspath; :app/project/stagingReleaseUnitTestRuntimeClasspath","project :app","","Retain pending scoped work packages; no OSV match is not security clearance"
"androidx.camera:camera-camera2:1.4.1",":app/project/devDebugAndroidTestCompileClasspath; :app/project/devDebugCompileClasspath; :app/project/devDebugRuntimeClasspath; :app/project/devDebugUnitTestCompileClasspath; :app/project/devDebugUnitTestRuntimeClasspath; :app/project/devReleaseCompileClasspath; :app/project/devReleaseRuntimeClasspath; :app/project/devReleaseUnitTestCompileClasspath; :app/project/devReleaseUnitTestRuntimeClasspath; :app/project/prodDebugAndroidTestCompileClasspath; :app/project/prodDebugCompileClasspath; :app/project/prodDebugRuntimeClasspath; :app/project/prodDebugUnitTestCompileClasspath; :app/project/prodDebugUnitTestRuntimeClasspath; :app/project/prodReleaseCompileClasspath; :app/project/prodReleaseRuntimeClasspath; :app/project/prodReleaseUnitTestCompileClasspath; :app/project/prodReleaseUnitTestRuntimeClasspath; :app/project/qaDebugAndroidTestCompileClasspath; :app/project/qaDebugCompileClasspath; :app/project/qaDebugRuntimeClasspath; :app/project/qaDebugUnitTestCompileClasspath; :app/project/qaDebugUnitTestRuntimeClasspath; :app/project/qaReleaseCompileClasspath; :app/project/qaReleaseRuntimeClasspath; :app/project/qaReleaseUnitTestCompileClasspath; :app/project/qaReleaseUnitTestRuntimeClasspath; :app/project/stagingDebugAndroidTestCompileClasspath; :app/project/stagingDebugCompileClasspath; :app/project/stagingDebugRuntimeClasspath; :app/project/stagingDebugUnitTestCompileClasspath; :app/project/stagingDebugUnitTestRuntimeClasspath; :app/project/stagingReleaseCompileClasspath; :app/project/stagingReleaseRuntimeClasspath; :app/project/stagingReleaseUnitTestCompileClasspath; :app/project/stagingReleaseUnitTestRuntimeClasspath","project :app","","Retain pending scoped work packages; no OSV match is not security clearance"
"androidx.camera:camera-core:1.4.1",":app/project/devDebugAndroidTestCompileClasspath; :app/project/devDebugCompileClasspath; :app/project/devDebugRuntimeClasspath; :app/project/devDebugUnitTestCompileClasspath; :app/project/devDebugUnitTestRuntimeClasspath; :app/project/devReleaseCompileClasspath; :app/project/devReleaseRuntimeClasspath; :app/project/devReleaseUnitTestCompileClasspath; :app/project/devReleaseUnitTestRuntimeClasspath; :app/project/prodDebugAndroidTestCompileClasspath; :app/project/prodDebugCompileClasspath; :app/project/prodDebugRuntimeClasspath; :app/project/prodDebugUnitTestCompileClasspath; :app/project/prodDebugUnitTestRuntimeClasspath; :app/project/prodReleaseCompileClasspath; :app/project/prodReleaseRuntimeClasspath; :app/project/prodReleaseUnitTestCompileClasspath; :app/project/prodReleaseUnitTestRuntimeClasspath; :app/project/qaDebugAndroidTestCompileClasspath; :app/project/qaDebugCompileClasspath; :app/project/qaDebugRuntimeClasspath; :app/project/qaDebugUnitTestCompileClasspath; :app/project/qaDebugUnitTestRuntimeClasspath; :app/project/qaReleaseCompileClasspath; :app/project/qaReleaseRuntimeClasspath; :app/project/qaReleaseUnitTestCompileClasspath; :app/project/qaReleaseUnitTestRuntimeClasspath; :app/project/stagingDebugAndroidTestCompileClasspath; :app/project/stagingDebugCompileClasspath; :app/project/stagingDebugRuntimeClasspath; :app/project/stagingDebugUnitTestCompileClasspath; :app/project/stagingDebugUnitTestRuntimeClasspath; :app/project/stagingReleaseCompileClasspath; :app/project/stagingReleaseRuntimeClasspath; :app/project/stagingReleaseUnitTestCompileClasspath; :app/project/stagingReleaseUnitTestRuntimeClasspath","androidx.camera:camera-camera2:1.4.1; androidx.camera:camera-lifecycle:1.4.1; project :app","","Retain pending scoped work packages; no OSV match is not security clearance"
"androidx.camera:camera-lifecycle:1.4.1",":app/project/devDebugAndroidTestCompileClasspath; :app/project/devDebugCompileClasspath; :app/project/devDebugRuntimeClasspath; :app/project/devDebugUnitTestCompileClasspath; :app/project/devDebugUnitTestRuntimeClasspath; :app/project/devReleaseCompileClasspath; :app/project/devReleaseRuntimeClasspath; :app/project/devReleaseUnitTestCompileClasspath; :app/project/devReleaseUnitTestRuntimeClasspath; :app/project/prodDebugAndroidTestCompileClasspath; :app/project/prodDebugCompileClasspath; :app/project/prodDebugRuntimeClasspath; :app/project/prodDebugUnitTestCompileClasspath; :app/project/prodDebugUnitTestRuntimeClasspath; :app/project/prodReleaseCompileClasspath; :app/project/prodReleaseRuntimeClasspath; :app/project/prodReleaseUnitTestCompileClasspath; :app/project/prodReleaseUnitTestRuntimeClasspath; :app/project/qaDebugAndroidTestCompileClasspath; :app/project/qaDebugCompileClasspath; :app/project/qaDebugRuntimeClasspath; :app/project/qaDebugUnitTestCompileClasspath; :app/project/qaDebugUnitTestRuntimeClasspath; :app/project/qaReleaseCompileClasspath; :app/project/qaReleaseRuntimeClasspath; :app/project/qaReleaseUnitTestCompileClasspath; :app/project/qaReleaseUnitTestRuntimeClasspath; :app/project/stagingDebugAndroidTestCompileClasspath; :app/project/stagingDebugCompileClasspath; :app/project/stagingDebugRuntimeClasspath; :app/project/stagingDebugUnitTestCompileClasspath; :app/project/stagingDebugUnitTestRuntimeClasspath; :app/project/stagingReleaseCompileClasspath; :app/project/stagingReleaseRuntimeClasspath; :app/project/stagingReleaseUnitTestCompileClasspath; :app/project/stagingReleaseUnitTestRuntimeClasspath","project :app","","Retain pending scoped work packages; no OSV match is not security clearance"
"androidx.collection:collection-jvm:1.4.4",":app/project/devDebugAndroidTestCompileClasspath; :app/project/devDebugAndroidTestRuntimeClasspath; :app/project/devDebugCompileClasspath; :app/project/devDebugRuntimeClasspath; :app/project/devDebugUnitTestCompileClasspath; :app/project/devDebugUnitTestRuntimeClasspath; :app/project/devReleaseCompileClasspath; :app/project/devReleaseRuntimeClasspath; :app/project/devReleaseUnitTestCompileClasspath; :app/project/devReleaseUnitTestRuntimeClasspath; :app/project/prodDebugAndroidTestCompileClasspath; :app/project/prodDebugAndroidTestRuntimeClasspath; :app/project/prodDebugCompileClasspath; :app/project/prodDebugRuntimeClasspath; :app/project/prodDebugUnitTestCompileClasspath; :app/project/prodDebugUnitTestRuntimeClasspath; :app/project/prodReleaseCompileClasspath; :app/project/prodReleaseRuntimeClasspath; :app/project/prodReleaseUnitTestCompileClasspath; :app/project/prodReleaseUnitTestRuntimeClasspath; :app/project/qaDebugAndroidTestCompileClasspath; :app/project/qaDebugAndroidTestRuntimeClasspath; :app/project/qaDebugCompileClasspath; :app/project/qaDebugRuntimeClasspath; :app/project/qaDebugUnitTestCompileClasspath; :app/project/qaDebugUnitTestRuntimeClasspath; :app/project/qaReleaseCompileClasspath; :app/project/qaReleaseRuntimeClasspath; :app/project/qaReleaseUnitTestCompileClasspath; :app/project/qaReleaseUnitTestRuntimeClasspath; :app/project/stagingDebugAndroidTestCompileClasspath; :app/project/stagingDebugAndroidTestRuntimeClasspath; :app/project/stagingDebugCompileClasspath; :app/project/stagingDebugRuntimeClasspath; :app/project/stagingDebugUnitTestCompileClasspath; :app/project/stagingDebugUnitTestRuntimeClasspath; :app/project/stagingReleaseCompileClasspath; :app/project/stagingReleaseRuntimeClasspath; :app/project/stagingReleaseUnitTestCompileClasspath; :app/project/stagingReleaseUnitTestRuntimeClasspath","androidx.collection:collection:1.4.4","","Retain pending scoped work packages; no OSV match is not security clearance"
"androidx.collection:collection-ktx:1.4.4",":app/project/devDebugAndroidTestRuntimeClasspath; :app/project/devDebugRuntimeClasspath; :app/project/devDebugUnitTestRuntimeClasspath; :app/project/devReleaseRuntimeClasspath; :app/project/devReleaseUnitTestRuntimeClasspath; :app/project/prodDebugAndroidTestRuntimeClasspath; :app/project/prodDebugRuntimeClasspath; :app/project/prodDebugUnitTestRuntimeClasspath; :app/project/prodReleaseRuntimeClasspath; :app/project/prodReleaseUnitTestRuntimeClasspath; :app/project/qaDebugAndroidTestRuntimeClasspath; :app/project/qaDebugRuntimeClasspath; :app/project/qaDebugUnitTestRuntimeClasspath; :app/project/qaReleaseRuntimeClasspath; :app/project/qaReleaseUnitTestRuntimeClasspath; :app/project/stagingDebugAndroidTestRuntimeClasspath; :app/project/stagingDebugRuntimeClasspath; :app/project/stagingDebugUnitTestRuntimeClasspath; :app/project/stagingReleaseRuntimeClasspath; :app/project/stagingReleaseUnitTestRuntimeClasspath","androidx.compose.ui:ui-unit-android:1.7.6; androidx.navigation:navigation-common:2.5.1","","Retain pending scoped work packages; no OSV match is not security clearance"
"androidx.collection:collection:1.4.4",":app/project/devDebugAndroidTestCompileClasspath; :app/project/devDebugAndroidTestRuntimeClasspath; :app/project/devDebugCompileClasspath; :app/project/devDebugRuntimeClasspath; :app/project/devDebugUnitTestCompileClasspath; :app/project/devDebugUnitTestRuntimeClasspath; :app/project/devReleaseCompileClasspath; :app/project/devReleaseRuntimeClasspath; :app/project/devReleaseUnitTestCompileClasspath; :app/project/devReleaseUnitTestRuntimeClasspath; :app/project/prodDebugAndroidTestCompileClasspath; :app/project/prodDebugAndroidTestRuntimeClasspath; :app/project/prodDebugCompileClasspath; :app/project/prodDebugRuntimeClasspath; :app/project/prodDebugUnitTestCompileClasspath; :app/project/prodDebugUnitTestRuntimeClasspath; :app/project/prodReleaseCompileClasspath; :app/project/prodReleaseRuntimeClasspath; :app/project/prodReleaseUnitTestCompileClasspath; :app/project/prodReleaseUnitTestRuntimeClasspath; :app/project/qaDebugAndroidTestCompileClasspath; :app/project/qaDebugAndroidTestRuntimeClasspath; :app/project/qaDebugCompileClasspath; :app/project/qaDebugRuntimeClasspath; :app/project/qaDebugUnitTestCompileClasspath; :app/project/qaDebugUnitTestRuntimeClasspath; :app/project/qaReleaseCompileClasspath; :app/project/qaReleaseRuntimeClasspath; :app/project/qaReleaseUnitTestCompileClasspath; :app/project/qaReleaseUnitTestRuntimeClasspath; :app/project/stagingDebugAndroidTestCompileClasspath; :app/project/stagingDebugAndroidTestRuntimeClasspath; :app/project/stagingDebugCompileClasspath; :app/project/stagingDebugRuntimeClasspath; :app/project/stagingDebugUnitTestCompileClasspath; :app/project/stagingDebugUnitTestRuntimeClasspath; :app/project/stagingReleaseCompileClasspath; :app/project/stagingReleaseRuntimeClasspath; :app/project/stagingReleaseUnitTestCompileClasspath; :app/project/stagingReleaseUnitTestRuntimeClasspath","androidx.activity:activity:1.9.3; androidx.appcompat:appcompat-resources:1.2.0; androidx.appcompat:appcompat:1.2.0; androidx.collection:collection-ktx:1.4.4; androidx.compose.animation:animation-android:1.7.6; androidx.compose.animation:animation-core-android:1.7.6; androidx.compose.foundation:foundation-android:1.7.6; androidx.compose.foundation:foundation-layout-android:1.7.6; androidx.compose.material:material-ripple-android:1.7.6; androidx.compose.material3:material3-android:1.3.1; androidx.compose.runtime:runtime-android:1.7.6; androidx.compose.runtime:runtime-saveable-android:1.7.6; androidx.compose.ui:ui-android:1.7.6; androidx.compose.ui:ui-graphics-android:1.7.6; androidx.compose.ui:ui-test-android:1.7.6; androidx.compose.ui:ui-text-android:1.7.6; androidx.compose.ui:ui-unit-android:1.7.6; androidx.core:core:1.15.0; androidx.emoji2:emoji2:1.3.0; androidx.fragment:fragment:1.5.1; androidx.navigation:navigation-runtime:2.5.1; androidx.security:security-crypto:1.1.0-alpha06; androidx.vectordrawable:vectordrawable-animated:1.1.0; androidx.vectordrawable:vectordrawable:1.1.0; androidx.versionedparcelable:versionedparcelable:1.1.1","","Retain pending scoped work packages; no OSV match is not security clearance"
"androidx.compose:compose-bom:2024.12.01",":app/project/devDebugAndroidTestCompileClasspath; :app/project/devDebugAndroidTestRuntimeClasspath; :app/project/devDebugCompileClasspath; :app/project/devDebugRuntimeClasspath; :app/project/devDebugUnitTestCompileClasspath; :app/project/devDebugUnitTestRuntimeClasspath; :app/project/devReleaseCompileClasspath; :app/project/devReleaseRuntimeClasspath; :app/project/devReleaseUnitTestCompileClasspath; :app/project/devReleaseUnitTestRuntimeClasspath; :app/project/prodDebugAndroidTestCompileClasspath; :app/project/prodDebugAndroidTestRuntimeClasspath; :app/project/prodDebugCompileClasspath; :app/project/prodDebugRuntimeClasspath; :app/project/prodDebugUnitTestCompileClasspath; :app/project/prodDebugUnitTestRuntimeClasspath; :app/project/prodReleaseCompileClasspath; :app/project/prodReleaseRuntimeClasspath; :app/project/prodReleaseUnitTestCompileClasspath; :app/project/prodReleaseUnitTestRuntimeClasspath; :app/project/qaDebugAndroidTestCompileClasspath; :app/project/qaDebugAndroidTestRuntimeClasspath; :app/project/qaDebugCompileClasspath; :app/project/qaDebugRuntimeClasspath; :app/project/qaDebugUnitTestCompileClasspath; :app/project/qaDebugUnitTestRuntimeClasspath; :app/project/qaReleaseCompileClasspath; :app/project/qaReleaseRuntimeClasspath; :app/project/qaReleaseUnitTestCompileClasspath; :app/project/qaReleaseUnitTestRuntimeClasspath; :app/project/stagingDebugAndroidTestCompileClasspath; :app/project/stagingDebugAndroidTestRuntimeClasspath; :app/project/stagingDebugCompileClasspath; :app/project/stagingDebugRuntimeClasspath; :app/project/stagingDebugUnitTestCompileClasspath; :app/project/stagingDebugUnitTestRuntimeClasspath; :app/project/stagingReleaseCompileClasspath; :app/project/stagingReleaseRuntimeClasspath; :app/project/stagingReleaseUnitTestCompileClasspath; :app/project/stagingReleaseUnitTestRuntimeClasspath","project :app","","Retain pending scoped work packages; no OSV match is not security clearance"
"androidx.compose.animation:animation-android:1.7.6",":app/project/devDebugAndroidTestCompileClasspath; :app/project/devDebugCompileClasspath; :app/project/devDebugRuntimeClasspath; :app/project/devDebugUnitTestCompileClasspath; :app/project/devDebugUnitTestRuntimeClasspath; :app/project/devReleaseCompileClasspath; :app/project/devReleaseRuntimeClasspath; :app/project/devReleaseUnitTestCompileClasspath; :app/project/devReleaseUnitTestRuntimeClasspath; :app/project/prodDebugAndroidTestCompileClasspath; :app/project/prodDebugCompileClasspath; :app/project/prodDebugRuntimeClasspath; :app/project/prodDebugUnitTestCompileClasspath; :app/project/prodDebugUnitTestRuntimeClasspath; :app/project/prodReleaseCompileClasspath; :app/project/prodReleaseRuntimeClasspath; :app/project/prodReleaseUnitTestCompileClasspath; :app/project/prodReleaseUnitTestRuntimeClasspath; :app/project/qaDebugAndroidTestCompileClasspath; :app/project/qaDebugCompileClasspath; :app/project/qaDebugRuntimeClasspath; :app/project/qaDebugUnitTestCompileClasspath; :app/project/qaDebugUnitTestRuntimeClasspath; :app/project/qaReleaseCompileClasspath; :app/project/qaReleaseRuntimeClasspath; :app/project/qaReleaseUnitTestCompileClasspath; :app/project/qaReleaseUnitTestRuntimeClasspath; :app/project/stagingDebugAndroidTestCompileClasspath; :app/project/stagingDebugCompileClasspath; :app/project/stagingDebugRuntimeClasspath; :app/project/stagingDebugUnitTestCompileClasspath; :app/project/stagingDebugUnitTestRuntimeClasspath; :app/project/stagingReleaseCompileClasspath; :app/project/stagingReleaseRuntimeClasspath; :app/project/stagingReleaseUnitTestCompileClasspath; :app/project/stagingReleaseUnitTestRuntimeClasspath","androidx.compose.animation:animation:1.7.6","","Retain pending scoped work packages; no OSV match is not security clearance"
"androidx.compose.animation:animation-core-android:1.7.6",":app/project/devDebugAndroidTestCompileClasspath; :app/project/devDebugCompileClasspath; :app/project/devDebugRuntimeClasspath; :app/project/devDebugUnitTestCompileClasspath; :app/project/devDebugUnitTestRuntimeClasspath; :app/project/devReleaseCompileClasspath; :app/project/devReleaseRuntimeClasspath; :app/project/devReleaseUnitTestCompileClasspath; :app/project/devReleaseUnitTestRuntimeClasspath; :app/project/prodDebugAndroidTestCompileClasspath; :app/project/prodDebugCompileClasspath; :app/project/prodDebugRuntimeClasspath; :app/project/prodDebugUnitTestCompileClasspath; :app/project/prodDebugUnitTestRuntimeClasspath; :app/project/prodReleaseCompileClasspath; :app/project/prodReleaseRuntimeClasspath; :app/project/prodReleaseUnitTestCompileClasspath; :app/project/prodReleaseUnitTestRuntimeClasspath; :app/project/qaDebugAndroidTestCompileClasspath; :app/project/qaDebugCompileClasspath; :app/project/qaDebugRuntimeClasspath; :app/project/qaDebugUnitTestCompileClasspath; :app/project/qaDebugUnitTestRuntimeClasspath; :app/project/qaReleaseCompileClasspath; :app/project/qaReleaseRuntimeClasspath; :app/project/qaReleaseUnitTestCompileClasspath; :app/project/qaReleaseUnitTestRuntimeClasspath; :app/project/stagingDebugAndroidTestCompileClasspath; :app/project/stagingDebugCompileClasspath; :app/project/stagingDebugRuntimeClasspath; :app/project/stagingDebugUnitTestCompileClasspath; :app/project/stagingDebugUnitTestRuntimeClasspath; :app/project/stagingReleaseCompileClasspath; :app/project/stagingReleaseRuntimeClasspath; :app/project/stagingReleaseUnitTestCompileClasspath; :app/project/stagingReleaseUnitTestRuntimeClasspath","androidx.compose.animation:animation-core:1.7.6","","Retain pending scoped work packages; no OSV match is not security clearance"
"androidx.compose.animation:animation-core:1.7.6",":app/project/devDebugAndroidTestCompileClasspath; :app/project/devDebugCompileClasspath; :app/project/devDebugRuntimeClasspath; :app/project/devDebugUnitTestCompileClasspath; :app/project/devDebugUnitTestRuntimeClasspath; :app/project/devReleaseCompileClasspath; :app/project/devReleaseRuntimeClasspath; :app/project/devReleaseUnitTestCompileClasspath; :app/project/devReleaseUnitTestRuntimeClasspath; :app/project/prodDebugAndroidTestCompileClasspath; :app/project/prodDebugCompileClasspath; :app/project/prodDebugRuntimeClasspath; :app/project/prodDebugUnitTestCompileClasspath; :app/project/prodDebugUnitTestRuntimeClasspath; :app/project/prodReleaseCompileClasspath; :app/project/prodReleaseRuntimeClasspath; :app/project/prodReleaseUnitTestCompileClasspath; :app/project/prodReleaseUnitTestRuntimeClasspath; :app/project/qaDebugAndroidTestCompileClasspath; :app/project/qaDebugCompileClasspath; :app/project/qaDebugRuntimeClasspath; :app/project/qaDebugUnitTestCompileClasspath; :app/project/qaDebugUnitTestRuntimeClasspath; :app/project/qaReleaseCompileClasspath; :app/project/qaReleaseRuntimeClasspath; :app/project/qaReleaseUnitTestCompileClasspath; :app/project/qaReleaseUnitTestRuntimeClasspath; :app/project/stagingDebugAndroidTestCompileClasspath; :app/project/stagingDebugCompileClasspath; :app/project/stagingDebugRuntimeClasspath; :app/project/stagingDebugUnitTestCompileClasspath; :app/project/stagingDebugUnitTestRuntimeClasspath; :app/project/stagingReleaseCompileClasspath; :app/project/stagingReleaseRuntimeClasspath; :app/project/stagingReleaseUnitTestCompileClasspath; :app/project/stagingReleaseUnitTestRuntimeClasspath","androidx.compose.animation:animation-android:1.7.6; androidx.compose.foundation:foundation-layout-android:1.7.6; androidx.compose.material3:material3-android:1.3.1","","Retain pending scoped work packages; no OSV match is not security clearance"
"androidx.compose.animation:animation:1.7.6",":app/project/devDebugAndroidTestCompileClasspath; :app/project/devDebugCompileClasspath; :app/project/devDebugRuntimeClasspath; :app/project/devDebugUnitTestCompileClasspath; :app/project/devDebugUnitTestRuntimeClasspath; :app/project/devReleaseCompileClasspath; :app/project/devReleaseRuntimeClasspath; :app/project/devReleaseUnitTestCompileClasspath; :app/project/devReleaseUnitTestRuntimeClasspath; :app/project/prodDebugAndroidTestCompileClasspath; :app/project/prodDebugCompileClasspath; :app/project/prodDebugRuntimeClasspath; :app/project/prodDebugUnitTestCompileClasspath; :app/project/prodDebugUnitTestRuntimeClasspath; :app/project/prodReleaseCompileClasspath; :app/project/prodReleaseRuntimeClasspath; :app/project/prodReleaseUnitTestCompileClasspath; :app/project/prodReleaseUnitTestRuntimeClasspath; :app/project/qaDebugAndroidTestCompileClasspath; :app/project/qaDebugCompileClasspath; :app/project/qaDebugRuntimeClasspath; :app/project/qaDebugUnitTestCompileClasspath; :app/project/qaDebugUnitTestRuntimeClasspath; :app/project/qaReleaseCompileClasspath; :app/project/qaReleaseRuntimeClasspath; :app/project/qaReleaseUnitTestCompileClasspath; :app/project/qaReleaseUnitTestRuntimeClasspath; :app/project/stagingDebugAndroidTestCompileClasspath; :app/project/stagingDebugCompileClasspath; :app/project/stagingDebugRuntimeClasspath; :app/project/stagingDebugUnitTestCompileClasspath; :app/project/stagingDebugUnitTestRuntimeClasspath; :app/project/stagingReleaseCompileClasspath; :app/project/stagingReleaseRuntimeClasspath; :app/project/stagingReleaseUnitTestCompileClasspath; :app/project/stagingReleaseUnitTestRuntimeClasspath","androidx.compose.foundation:foundation-android:1.7.6; androidx.compose.material:material-ripple-android:1.7.6; androidx.navigation:navigation-compose:2.5.1","","Retain pending scoped work packages; no OSV match is not security clearance"
"androidx.compose.foundation:foundation-android:1.7.6",":app/project/devDebugAndroidTestCompileClasspath; :app/project/devDebugCompileClasspath; :app/project/devDebugRuntimeClasspath; :app/project/devDebugUnitTestCompileClasspath; :app/project/devDebugUnitTestRuntimeClasspath; :app/project/devReleaseCompileClasspath; :app/project/devReleaseRuntimeClasspath; :app/project/devReleaseUnitTestCompileClasspath; :app/project/devReleaseUnitTestRuntimeClasspath; :app/project/prodDebugAndroidTestCompileClasspath; :app/project/prodDebugCompileClasspath; :app/project/prodDebugRuntimeClasspath; :app/project/prodDebugUnitTestCompileClasspath; :app/project/prodDebugUnitTestRuntimeClasspath; :app/project/prodReleaseCompileClasspath; :app/project/prodReleaseRuntimeClasspath; :app/project/prodReleaseUnitTestCompileClasspath; :app/project/prodReleaseUnitTestRuntimeClasspath; :app/project/qaDebugAndroidTestCompileClasspath; :app/project/qaDebugCompileClasspath; :app/project/qaDebugRuntimeClasspath; :app/project/qaDebugUnitTestCompileClasspath; :app/project/qaDebugUnitTestRuntimeClasspath; :app/project/qaReleaseCompileClasspath; :app/project/qaReleaseRuntimeClasspath; :app/project/qaReleaseUnitTestCompileClasspath; :app/project/qaReleaseUnitTestRuntimeClasspath; :app/project/stagingDebugAndroidTestCompileClasspath; :app/project/stagingDebugCompileClasspath; :app/project/stagingDebugRuntimeClasspath; :app/project/stagingDebugUnitTestCompileClasspath; :app/project/stagingDebugUnitTestRuntimeClasspath; :app/project/stagingReleaseCompileClasspath; :app/project/stagingReleaseRuntimeClasspath; :app/project/stagingReleaseUnitTestCompileClasspath; :app/project/stagingReleaseUnitTestRuntimeClasspath","androidx.compose.foundation:foundation:1.7.6","","Retain pending scoped work packages; no OSV match is not security clearance"
"androidx.compose.foundation:foundation-layout-android:1.7.6",":app/project/devDebugAndroidTestCompileClasspath; :app/project/devDebugCompileClasspath; :app/project/devDebugRuntimeClasspath; :app/project/devDebugUnitTestCompileClasspath; :app/project/devDebugUnitTestRuntimeClasspath; :app/project/devReleaseCompileClasspath; :app/project/devReleaseRuntimeClasspath; :app/project/devReleaseUnitTestCompileClasspath; :app/project/devReleaseUnitTestRuntimeClasspath; :app/project/prodDebugAndroidTestCompileClasspath; :app/project/prodDebugCompileClasspath; :app/project/prodDebugRuntimeClasspath; :app/project/prodDebugUnitTestCompileClasspath; :app/project/prodDebugUnitTestRuntimeClasspath; :app/project/prodReleaseCompileClasspath; :app/project/prodReleaseRuntimeClasspath; :app/project/prodReleaseUnitTestCompileClasspath; :app/project/prodReleaseUnitTestRuntimeClasspath; :app/project/qaDebugAndroidTestCompileClasspath; :app/project/qaDebugCompileClasspath; :app/project/qaDebugRuntimeClasspath; :app/project/qaDebugUnitTestCompileClasspath; :app/project/qaDebugUnitTestRuntimeClasspath; :app/project/qaReleaseCompileClasspath; :app/project/qaReleaseRuntimeClasspath; :app/project/qaReleaseUnitTestCompileClasspath; :app/project/qaReleaseUnitTestRuntimeClasspath; :app/project/stagingDebugAndroidTestCompileClasspath; :app/project/stagingDebugCompileClasspath; :app/project/stagingDebugRuntimeClasspath; :app/project/stagingDebugUnitTestCompileClasspath; :app/project/stagingDebugUnitTestRuntimeClasspath; :app/project/stagingReleaseCompileClasspath; :app/project/stagingReleaseRuntimeClasspath; :app/project/stagingReleaseUnitTestCompileClasspath; :app/project/stagingReleaseUnitTestRuntimeClasspath","androidx.compose.foundation:foundation-layout:1.7.6","","Retain pending scoped work packages; no OSV match is not security clearance"
"androidx.compose.foundation:foundation-layout:1.7.6",":app/project/devDebugAndroidTestCompileClasspath; :app/project/devDebugCompileClasspath; :app/project/devDebugRuntimeClasspath; :app/project/devDebugUnitTestCompileClasspath; :app/project/devDebugUnitTestRuntimeClasspath; :app/project/devReleaseCompileClasspath; :app/project/devReleaseRuntimeClasspath; :app/project/devReleaseUnitTestCompileClasspath; :app/project/devReleaseUnitTestRuntimeClasspath; :app/project/prodDebugAndroidTestCompileClasspath; :app/project/prodDebugCompileClasspath; :app/project/prodDebugRuntimeClasspath; :app/project/prodDebugUnitTestCompileClasspath; :app/project/prodDebugUnitTestRuntimeClasspath; :app/project/prodReleaseCompileClasspath; :app/project/prodReleaseRuntimeClasspath; :app/project/prodReleaseUnitTestCompileClasspath; :app/project/prodReleaseUnitTestRuntimeClasspath; :app/project/qaDebugAndroidTestCompileClasspath; :app/project/qaDebugCompileClasspath; :app/project/qaDebugRuntimeClasspath; :app/project/qaDebugUnitTestCompileClasspath; :app/project/qaDebugUnitTestRuntimeClasspath; :app/project/qaReleaseCompileClasspath; :app/project/qaReleaseRuntimeClasspath; :app/project/qaReleaseUnitTestCompileClasspath; :app/project/qaReleaseUnitTestRuntimeClasspath; :app/project/stagingDebugAndroidTestCompileClasspath; :app/project/stagingDebugCompileClasspath; :app/project/stagingDebugRuntimeClasspath; :app/project/stagingDebugUnitTestCompileClasspath; :app/project/stagingDebugUnitTestRuntimeClasspath; :app/project/stagingReleaseCompileClasspath; :app/project/stagingReleaseRuntimeClasspath; :app/project/stagingReleaseUnitTestCompileClasspath; :app/project/stagingReleaseUnitTestRuntimeClasspath","androidx.compose.animation:animation-android:1.7.6; androidx.compose.foundation:foundation-android:1.7.6; androidx.compose.material3:material3-android:1.3.1; androidx.navigation:navigation-compose:2.5.1","","Retain pending scoped work packages; no OSV match is not security clearance"
"androidx.compose.foundation:foundation:1.7.6",":app/project/devDebugAndroidTestCompileClasspath; :app/project/devDebugCompileClasspath; :app/project/devDebugRuntimeClasspath; :app/project/devDebugUnitTestCompileClasspath; :app/project/devDebugUnitTestRuntimeClasspath; :app/project/devReleaseCompileClasspath; :app/project/devReleaseRuntimeClasspath; :app/project/devReleaseUnitTestCompileClasspath; :app/project/devReleaseUnitTestRuntimeClasspath; :app/project/prodDebugAndroidTestCompileClasspath; :app/project/prodDebugCompileClasspath; :app/project/prodDebugRuntimeClasspath; :app/project/prodDebugUnitTestCompileClasspath; :app/project/prodDebugUnitTestRuntimeClasspath; :app/project/prodReleaseCompileClasspath; :app/project/prodReleaseRuntimeClasspath; :app/project/prodReleaseUnitTestCompileClasspath; :app/project/prodReleaseUnitTestRuntimeClasspath; :app/project/qaDebugAndroidTestCompileClasspath; :app/project/qaDebugCompileClasspath; :app/project/qaDebugRuntimeClasspath; :app/project/qaDebugUnitTestCompileClasspath; :app/project/qaDebugUnitTestRuntimeClasspath; :app/project/qaReleaseCompileClasspath; :app/project/qaReleaseRuntimeClasspath; :app/project/qaReleaseUnitTestCompileClasspath; :app/project/qaReleaseUnitTestRuntimeClasspath; :app/project/stagingDebugAndroidTestCompileClasspath; :app/project/stagingDebugCompileClasspath; :app/project/stagingDebugRuntimeClasspath; :app/project/stagingDebugUnitTestCompileClasspath; :app/project/stagingDebugUnitTestRuntimeClasspath; :app/project/stagingReleaseCompileClasspath; :app/project/stagingReleaseRuntimeClasspath; :app/project/stagingReleaseUnitTestCompileClasspath; :app/project/stagingReleaseUnitTestRuntimeClasspath","androidx.compose.material:material-ripple-android:1.7.6; androidx.compose.material3:material3-android:1.3.1","","Retain pending scoped work packages; no OSV match is not security clearance"
"androidx.compose.material:material-icons-core-android:1.7.6",":app/project/devDebugAndroidTestCompileClasspath; :app/project/devDebugCompileClasspath; :app/project/devDebugRuntimeClasspath; :app/project/devDebugUnitTestCompileClasspath; :app/project/devDebugUnitTestRuntimeClasspath; :app/project/devReleaseCompileClasspath; :app/project/devReleaseRuntimeClasspath; :app/project/devReleaseUnitTestCompileClasspath; :app/project/devReleaseUnitTestRuntimeClasspath; :app/project/prodDebugAndroidTestCompileClasspath; :app/project/prodDebugCompileClasspath; :app/project/prodDebugRuntimeClasspath; :app/project/prodDebugUnitTestCompileClasspath; :app/project/prodDebugUnitTestRuntimeClasspath; :app/project/prodReleaseCompileClasspath; :app/project/prodReleaseRuntimeClasspath; :app/project/prodReleaseUnitTestCompileClasspath; :app/project/prodReleaseUnitTestRuntimeClasspath; :app/project/qaDebugAndroidTestCompileClasspath; :app/project/qaDebugCompileClasspath; :app/project/qaDebugRuntimeClasspath; :app/project/qaDebugUnitTestCompileClasspath; :app/project/qaDebugUnitTestRuntimeClasspath; :app/project/qaReleaseCompileClasspath; :app/project/qaReleaseRuntimeClasspath; :app/project/qaReleaseUnitTestCompileClasspath; :app/project/qaReleaseUnitTestRuntimeClasspath; :app/project/stagingDebugAndroidTestCompileClasspath; :app/project/stagingDebugCompileClasspath; :app/project/stagingDebugRuntimeClasspath; :app/project/stagingDebugUnitTestCompileClasspath; :app/project/stagingDebugUnitTestRuntimeClasspath; :app/project/stagingReleaseCompileClasspath; :app/project/stagingReleaseRuntimeClasspath; :app/project/stagingReleaseUnitTestCompileClasspath; :app/project/stagingReleaseUnitTestRuntimeClasspath","androidx.compose.material:material-icons-core:1.7.6","","Retain pending scoped work packages; no OSV match is not security clearance"
"androidx.compose.material:material-icons-core:1.7.6",":app/project/devDebugAndroidTestCompileClasspath; :app/project/devDebugCompileClasspath; :app/project/devDebugRuntimeClasspath; :app/project/devDebugUnitTestCompileClasspath; :app/project/devDebugUnitTestRuntimeClasspath; :app/project/devReleaseCompileClasspath; :app/project/devReleaseRuntimeClasspath; :app/project/devReleaseUnitTestCompileClasspath; :app/project/devReleaseUnitTestRuntimeClasspath; :app/project/prodDebugAndroidTestCompileClasspath; :app/project/prodDebugCompileClasspath; :app/project/prodDebugRuntimeClasspath; :app/project/prodDebugUnitTestCompileClasspath; :app/project/prodDebugUnitTestRuntimeClasspath; :app/project/prodReleaseCompileClasspath; :app/project/prodReleaseRuntimeClasspath; :app/project/prodReleaseUnitTestCompileClasspath; :app/project/prodReleaseUnitTestRuntimeClasspath; :app/project/qaDebugAndroidTestCompileClasspath; :app/project/qaDebugCompileClasspath; :app/project/qaDebugRuntimeClasspath; :app/project/qaDebugUnitTestCompileClasspath; :app/project/qaDebugUnitTestRuntimeClasspath; :app/project/qaReleaseCompileClasspath; :app/project/qaReleaseRuntimeClasspath; :app/project/qaReleaseUnitTestCompileClasspath; :app/project/qaReleaseUnitTestRuntimeClasspath; :app/project/stagingDebugAndroidTestCompileClasspath; :app/project/stagingDebugCompileClasspath; :app/project/stagingDebugRuntimeClasspath; :app/project/stagingDebugUnitTestCompileClasspath; :app/project/stagingDebugUnitTestRuntimeClasspath; :app/project/stagingReleaseCompileClasspath; :app/project/stagingReleaseRuntimeClasspath; :app/project/stagingReleaseUnitTestCompileClasspath; :app/project/stagingReleaseUnitTestRuntimeClasspath","androidx.compose.material:material-icons-extended-android:1.7.6; androidx.compose.material3:material3-android:1.3.1","","Retain pending scoped work packages; no OSV match is not security clearance"
"androidx.compose.material:material-icons-extended-android:1.7.6",":app/project/devDebugAndroidTestCompileClasspath; :app/project/devDebugCompileClasspath; :app/project/devDebugRuntimeClasspath; :app/project/devDebugUnitTestCompileClasspath; :app/project/devDebugUnitTestRuntimeClasspath; :app/project/devReleaseCompileClasspath; :app/project/devReleaseRuntimeClasspath; :app/project/devReleaseUnitTestCompileClasspath; :app/project/devReleaseUnitTestRuntimeClasspath; :app/project/prodDebugAndroidTestCompileClasspath; :app/project/prodDebugCompileClasspath; :app/project/prodDebugRuntimeClasspath; :app/project/prodDebugUnitTestCompileClasspath; :app/project/prodDebugUnitTestRuntimeClasspath; :app/project/prodReleaseCompileClasspath; :app/project/prodReleaseRuntimeClasspath; :app/project/prodReleaseUnitTestCompileClasspath; :app/project/prodReleaseUnitTestRuntimeClasspath; :app/project/qaDebugAndroidTestCompileClasspath; :app/project/qaDebugCompileClasspath; :app/project/qaDebugRuntimeClasspath; :app/project/qaDebugUnitTestCompileClasspath; :app/project/qaDebugUnitTestRuntimeClasspath; :app/project/qaReleaseCompileClasspath; :app/project/qaReleaseRuntimeClasspath; :app/project/qaReleaseUnitTestCompileClasspath; :app/project/qaReleaseUnitTestRuntimeClasspath; :app/project/stagingDebugAndroidTestCompileClasspath; :app/project/stagingDebugCompileClasspath; :app/project/stagingDebugRuntimeClasspath; :app/project/stagingDebugUnitTestCompileClasspath; :app/project/stagingDebugUnitTestRuntimeClasspath; :app/project/stagingReleaseCompileClasspath; :app/project/stagingReleaseRuntimeClasspath; :app/project/stagingReleaseUnitTestCompileClasspath; :app/project/stagingReleaseUnitTestRuntimeClasspath","androidx.compose.material:material-icons-extended:1.7.6","","Retain pending scoped work packages; no OSV match is not security clearance"
"androidx.compose.material:material-icons-extended:1.7.6",":app/project/devDebugAndroidTestCompileClasspath; :app/project/devDebugCompileClasspath; :app/project/devDebugRuntimeClasspath; :app/project/devDebugUnitTestCompileClasspath; :app/project/devDebugUnitTestRuntimeClasspath; :app/project/devReleaseCompileClasspath; :app/project/devReleaseRuntimeClasspath; :app/project/devReleaseUnitTestCompileClasspath; :app/project/devReleaseUnitTestRuntimeClasspath; :app/project/prodDebugAndroidTestCompileClasspath; :app/project/prodDebugCompileClasspath; :app/project/prodDebugRuntimeClasspath; :app/project/prodDebugUnitTestCompileClasspath; :app/project/prodDebugUnitTestRuntimeClasspath; :app/project/prodReleaseCompileClasspath; :app/project/prodReleaseRuntimeClasspath; :app/project/prodReleaseUnitTestCompileClasspath; :app/project/prodReleaseUnitTestRuntimeClasspath; :app/project/qaDebugAndroidTestCompileClasspath; :app/project/qaDebugCompileClasspath; :app/project/qaDebugRuntimeClasspath; :app/project/qaDebugUnitTestCompileClasspath; :app/project/qaDebugUnitTestRuntimeClasspath; :app/project/qaReleaseCompileClasspath; :app/project/qaReleaseRuntimeClasspath; :app/project/qaReleaseUnitTestCompileClasspath; :app/project/qaReleaseUnitTestRuntimeClasspath; :app/project/stagingDebugAndroidTestCompileClasspath; :app/project/stagingDebugCompileClasspath; :app/project/stagingDebugRuntimeClasspath; :app/project/stagingDebugUnitTestCompileClasspath; :app/project/stagingDebugUnitTestRuntimeClasspath; :app/project/stagingReleaseCompileClasspath; :app/project/stagingReleaseRuntimeClasspath; :app/project/stagingReleaseUnitTestCompileClasspath; :app/project/stagingReleaseUnitTestRuntimeClasspath","project :app","","Retain pending scoped work packages; no OSV match is not security clearance"
"androidx.compose.material:material-ripple-android:1.7.6",":app/project/devDebugAndroidTestCompileClasspath; :app/project/devDebugCompileClasspath; :app/project/devDebugRuntimeClasspath; :app/project/devDebugUnitTestCompileClasspath; :app/project/devDebugUnitTestRuntimeClasspath; :app/project/devReleaseCompileClasspath; :app/project/devReleaseRuntimeClasspath; :app/project/devReleaseUnitTestCompileClasspath; :app/project/devReleaseUnitTestRuntimeClasspath; :app/project/prodDebugAndroidTestCompileClasspath; :app/project/prodDebugCompileClasspath; :app/project/prodDebugRuntimeClasspath; :app/project/prodDebugUnitTestCompileClasspath; :app/project/prodDebugUnitTestRuntimeClasspath; :app/project/prodReleaseCompileClasspath; :app/project/prodReleaseRuntimeClasspath; :app/project/prodReleaseUnitTestCompileClasspath; :app/project/prodReleaseUnitTestRuntimeClasspath; :app/project/qaDebugAndroidTestCompileClasspath; :app/project/qaDebugCompileClasspath; :app/project/qaDebugRuntimeClasspath; :app/project/qaDebugUnitTestCompileClasspath; :app/project/qaDebugUnitTestRuntimeClasspath; :app/project/qaReleaseCompileClasspath; :app/project/qaReleaseRuntimeClasspath; :app/project/qaReleaseUnitTestCompileClasspath; :app/project/qaReleaseUnitTestRuntimeClasspath; :app/project/stagingDebugAndroidTestCompileClasspath; :app/project/stagingDebugCompileClasspath; :app/project/stagingDebugRuntimeClasspath; :app/project/stagingDebugUnitTestCompileClasspath; :app/project/stagingDebugUnitTestRuntimeClasspath; :app/project/stagingReleaseCompileClasspath; :app/project/stagingReleaseRuntimeClasspath; :app/project/stagingReleaseUnitTestCompileClasspath; :app/project/stagingReleaseUnitTestRuntimeClasspath","androidx.compose.material:material-ripple:1.7.6","","Retain pending scoped work packages; no OSV match is not security clearance"
"androidx.compose.material:material-ripple:1.7.6",":app/project/devDebugAndroidTestCompileClasspath; :app/project/devDebugCompileClasspath; :app/project/devDebugRuntimeClasspath; :app/project/devDebugUnitTestCompileClasspath; :app/project/devDebugUnitTestRuntimeClasspath; :app/project/devReleaseCompileClasspath; :app/project/devReleaseRuntimeClasspath; :app/project/devReleaseUnitTestCompileClasspath; :app/project/devReleaseUnitTestRuntimeClasspath; :app/project/prodDebugAndroidTestCompileClasspath; :app/project/prodDebugCompileClasspath; :app/project/prodDebugRuntimeClasspath; :app/project/prodDebugUnitTestCompileClasspath; :app/project/prodDebugUnitTestRuntimeClasspath; :app/project/prodReleaseCompileClasspath; :app/project/prodReleaseRuntimeClasspath; :app/project/prodReleaseUnitTestCompileClasspath; :app/project/prodReleaseUnitTestRuntimeClasspath; :app/project/qaDebugAndroidTestCompileClasspath; :app/project/qaDebugCompileClasspath; :app/project/qaDebugRuntimeClasspath; :app/project/qaDebugUnitTestCompileClasspath; :app/project/qaDebugUnitTestRuntimeClasspath; :app/project/qaReleaseCompileClasspath; :app/project/qaReleaseRuntimeClasspath; :app/project/qaReleaseUnitTestCompileClasspath; :app/project/qaReleaseUnitTestRuntimeClasspath; :app/project/stagingDebugAndroidTestCompileClasspath; :app/project/stagingDebugCompileClasspath; :app/project/stagingDebugRuntimeClasspath; :app/project/stagingDebugUnitTestCompileClasspath; :app/project/stagingDebugUnitTestRuntimeClasspath; :app/project/stagingReleaseCompileClasspath; :app/project/stagingReleaseRuntimeClasspath; :app/project/stagingReleaseUnitTestCompileClasspath; :app/project/stagingReleaseUnitTestRuntimeClasspath","androidx.compose.material3:material3-android:1.3.1","","Retain pending scoped work packages; no OSV match is not security clearance"
"androidx.compose.material3:material3-android:1.3.1",":app/project/devDebugAndroidTestCompileClasspath; :app/project/devDebugCompileClasspath; :app/project/devDebugRuntimeClasspath; :app/project/devDebugUnitTestCompileClasspath; :app/project/devDebugUnitTestRuntimeClasspath; :app/project/devReleaseCompileClasspath; :app/project/devReleaseRuntimeClasspath; :app/project/devReleaseUnitTestCompileClasspath; :app/project/devReleaseUnitTestRuntimeClasspath; :app/project/prodDebugAndroidTestCompileClasspath; :app/project/prodDebugCompileClasspath; :app/project/prodDebugRuntimeClasspath; :app/project/prodDebugUnitTestCompileClasspath; :app/project/prodDebugUnitTestRuntimeClasspath; :app/project/prodReleaseCompileClasspath; :app/project/prodReleaseRuntimeClasspath; :app/project/prodReleaseUnitTestCompileClasspath; :app/project/prodReleaseUnitTestRuntimeClasspath; :app/project/qaDebugAndroidTestCompileClasspath; :app/project/qaDebugCompileClasspath; :app/project/qaDebugRuntimeClasspath; :app/project/qaDebugUnitTestCompileClasspath; :app/project/qaDebugUnitTestRuntimeClasspath; :app/project/qaReleaseCompileClasspath; :app/project/qaReleaseRuntimeClasspath; :app/project/qaReleaseUnitTestCompileClasspath; :app/project/qaReleaseUnitTestRuntimeClasspath; :app/project/stagingDebugAndroidTestCompileClasspath; :app/project/stagingDebugCompileClasspath; :app/project/stagingDebugRuntimeClasspath; :app/project/stagingDebugUnitTestCompileClasspath; :app/project/stagingDebugUnitTestRuntimeClasspath; :app/project/stagingReleaseCompileClasspath; :app/project/stagingReleaseRuntimeClasspath; :app/project/stagingReleaseUnitTestCompileClasspath; :app/project/stagingReleaseUnitTestRuntimeClasspath","androidx.compose.material3:material3:1.3.1","","Retain pending scoped work packages; no OSV match is not security clearance"
"androidx.compose.material3:material3:1.3.1",":app/project/devDebugAndroidTestCompileClasspath; :app/project/devDebugCompileClasspath; :app/project/devDebugRuntimeClasspath; :app/project/devDebugUnitTestCompileClasspath; :app/project/devDebugUnitTestRuntimeClasspath; :app/project/devReleaseCompileClasspath; :app/project/devReleaseRuntimeClasspath; :app/project/devReleaseUnitTestCompileClasspath; :app/project/devReleaseUnitTestRuntimeClasspath; :app/project/prodDebugAndroidTestCompileClasspath; :app/project/prodDebugCompileClasspath; :app/project/prodDebugRuntimeClasspath; :app/project/prodDebugUnitTestCompileClasspath; :app/project/prodDebugUnitTestRuntimeClasspath; :app/project/prodReleaseCompileClasspath; :app/project/prodReleaseRuntimeClasspath; :app/project/prodReleaseUnitTestCompileClasspath; :app/project/prodReleaseUnitTestRuntimeClasspath; :app/project/qaDebugAndroidTestCompileClasspath; :app/project/qaDebugCompileClasspath; :app/project/qaDebugRuntimeClasspath; :app/project/qaDebugUnitTestCompileClasspath; :app/project/qaDebugUnitTestRuntimeClasspath; :app/project/qaReleaseCompileClasspath; :app/project/qaReleaseRuntimeClasspath; :app/project/qaReleaseUnitTestCompileClasspath; :app/project/qaReleaseUnitTestRuntimeClasspath; :app/project/stagingDebugAndroidTestCompileClasspath; :app/project/stagingDebugCompileClasspath; :app/project/stagingDebugRuntimeClasspath; :app/project/stagingDebugUnitTestCompileClasspath; :app/project/stagingDebugUnitTestRuntimeClasspath; :app/project/stagingReleaseCompileClasspath; :app/project/stagingReleaseRuntimeClasspath; :app/project/stagingReleaseUnitTestCompileClasspath; :app/project/stagingReleaseUnitTestRuntimeClasspath","project :app","","Retain pending scoped work packages; no OSV match is not security clearance"
"androidx.compose.runtime:runtime-android:1.7.6",":app/project/devDebugAndroidTestCompileClasspath; :app/project/devDebugAndroidTestRuntimeClasspath; :app/project/devDebugCompileClasspath; :app/project/devDebugRuntimeClasspath; :app/project/devDebugUnitTestCompileClasspath; :app/project/devDebugUnitTestRuntimeClasspath; :app/project/devReleaseCompileClasspath; :app/project/devReleaseRuntimeClasspath; :app/project/devReleaseUnitTestCompileClasspath; :app/project/devReleaseUnitTestRuntimeClasspath; :app/project/prodDebugAndroidTestCompileClasspath; :app/project/prodDebugAndroidTestRuntimeClasspath; :app/project/prodDebugCompileClasspath; :app/project/prodDebugRuntimeClasspath; :app/project/prodDebugUnitTestCompileClasspath; :app/project/prodDebugUnitTestRuntimeClasspath; :app/project/prodReleaseCompileClasspath; :app/project/prodReleaseRuntimeClasspath; :app/project/prodReleaseUnitTestCompileClasspath; :app/project/prodReleaseUnitTestRuntimeClasspath; :app/project/qaDebugAndroidTestCompileClasspath; :app/project/qaDebugAndroidTestRuntimeClasspath; :app/project/qaDebugCompileClasspath; :app/project/qaDebugRuntimeClasspath; :app/project/qaDebugUnitTestCompileClasspath; :app/project/qaDebugUnitTestRuntimeClasspath; :app/project/qaReleaseCompileClasspath; :app/project/qaReleaseRuntimeClasspath; :app/project/qaReleaseUnitTestCompileClasspath; :app/project/qaReleaseUnitTestRuntimeClasspath; :app/project/stagingDebugAndroidTestCompileClasspath; :app/project/stagingDebugAndroidTestRuntimeClasspath; :app/project/stagingDebugCompileClasspath; :app/project/stagingDebugRuntimeClasspath; :app/project/stagingDebugUnitTestCompileClasspath; :app/project/stagingDebugUnitTestRuntimeClasspath; :app/project/stagingReleaseCompileClasspath; :app/project/stagingReleaseRuntimeClasspath; :app/project/stagingReleaseUnitTestCompileClasspath; :app/project/stagingReleaseUnitTestRuntimeClasspath","androidx.compose.runtime:runtime:1.7.6","","Retain pending scoped work packages; no OSV match is not security clearance"
"androidx.compose.runtime:runtime-saveable-android:1.7.6",":app/project/devDebugAndroidTestCompileClasspath; :app/project/devDebugAndroidTestRuntimeClasspath; :app/project/devDebugCompileClasspath; :app/project/devDebugRuntimeClasspath; :app/project/devDebugUnitTestCompileClasspath; :app/project/devDebugUnitTestRuntimeClasspath; :app/project/devReleaseCompileClasspath; :app/project/devReleaseRuntimeClasspath; :app/project/devReleaseUnitTestCompileClasspath; :app/project/devReleaseUnitTestRuntimeClasspath; :app/project/prodDebugAndroidTestCompileClasspath; :app/project/prodDebugAndroidTestRuntimeClasspath; :app/project/prodDebugCompileClasspath; :app/project/prodDebugRuntimeClasspath; :app/project/prodDebugUnitTestCompileClasspath; :app/project/prodDebugUnitTestRuntimeClasspath; :app/project/prodReleaseCompileClasspath; :app/project/prodReleaseRuntimeClasspath; :app/project/prodReleaseUnitTestCompileClasspath; :app/project/prodReleaseUnitTestRuntimeClasspath; :app/project/qaDebugAndroidTestCompileClasspath; :app/project/qaDebugAndroidTestRuntimeClasspath; :app/project/qaDebugCompileClasspath; :app/project/qaDebugRuntimeClasspath; :app/project/qaDebugUnitTestCompileClasspath; :app/project/qaDebugUnitTestRuntimeClasspath; :app/project/qaReleaseCompileClasspath; :app/project/qaReleaseRuntimeClasspath; :app/project/qaReleaseUnitTestCompileClasspath; :app/project/qaReleaseUnitTestRuntimeClasspath; :app/project/stagingDebugAndroidTestCompileClasspath; :app/project/stagingDebugAndroidTestRuntimeClasspath; :app/project/stagingDebugCompileClasspath; :app/project/stagingDebugRuntimeClasspath; :app/project/stagingDebugUnitTestCompileClasspath; :app/project/stagingDebugUnitTestRuntimeClasspath; :app/project/stagingReleaseCompileClasspath; :app/project/stagingReleaseRuntimeClasspath; :app/project/stagingReleaseUnitTestCompileClasspath; :app/project/stagingReleaseUnitTestRuntimeClasspath","androidx.compose.runtime:runtime-saveable:1.7.6","","Retain pending scoped work packages; no OSV match is not security clearance"
"androidx.compose.runtime:runtime-saveable:1.7.6",":app/project/devDebugAndroidTestCompileClasspath; :app/project/devDebugAndroidTestRuntimeClasspath; :app/project/devDebugCompileClasspath; :app/project/devDebugRuntimeClasspath; :app/project/devDebugUnitTestCompileClasspath; :app/project/devDebugUnitTestRuntimeClasspath; :app/project/devReleaseCompileClasspath; :app/project/devReleaseRuntimeClasspath; :app/project/devReleaseUnitTestCompileClasspath; :app/project/devReleaseUnitTestRuntimeClasspath; :app/project/prodDebugAndroidTestCompileClasspath; :app/project/prodDebugAndroidTestRuntimeClasspath; :app/project/prodDebugCompileClasspath; :app/project/prodDebugRuntimeClasspath; :app/project/prodDebugUnitTestCompileClasspath; :app/project/prodDebugUnitTestRuntimeClasspath; :app/project/prodReleaseCompileClasspath; :app/project/prodReleaseRuntimeClasspath; :app/project/prodReleaseUnitTestCompileClasspath; :app/project/prodReleaseUnitTestRuntimeClasspath; :app/project/qaDebugAndroidTestCompileClasspath; :app/project/qaDebugAndroidTestRuntimeClasspath; :app/project/qaDebugCompileClasspath; :app/project/qaDebugRuntimeClasspath; :app/project/qaDebugUnitTestCompileClasspath; :app/project/qaDebugUnitTestRuntimeClasspath; :app/project/qaReleaseCompileClasspath; :app/project/qaReleaseRuntimeClasspath; :app/project/qaReleaseUnitTestCompileClasspath; :app/project/qaReleaseUnitTestRuntimeClasspath; :app/project/stagingDebugAndroidTestCompileClasspath; :app/project/stagingDebugAndroidTestRuntimeClasspath; :app/project/stagingDebugCompileClasspath; :app/project/stagingDebugRuntimeClasspath; :app/project/stagingDebugUnitTestCompileClasspath; :app/project/stagingDebugUnitTestRuntimeClasspath; :app/project/stagingReleaseCompileClasspath; :app/project/stagingReleaseRuntimeClasspath; :app/project/stagingReleaseUnitTestCompileClasspath; :app/project/stagingReleaseUnitTestRuntimeClasspath","androidx.activity:activity-compose:1.9.3; androidx.compose.ui:ui-android:1.7.6; androidx.compose.ui:ui-test-junit4-android:1.7.6; androidx.compose.ui:ui-text-android:1.7.6; androidx.navigation:navigation-compose:2.5.1","","Retain pending scoped work packages; no OSV match is not security clearance"
"androidx.compose.runtime:runtime:1.7.6",":app/project/devDebugAndroidTestCompileClasspath; :app/project/devDebugAndroidTestRuntimeClasspath; :app/project/devDebugCompileClasspath; :app/project/devDebugRuntimeClasspath; :app/project/devDebugUnitTestCompileClasspath; :app/project/devDebugUnitTestRuntimeClasspath; :app/project/devReleaseCompileClasspath; :app/project/devReleaseRuntimeClasspath; :app/project/devReleaseUnitTestCompileClasspath; :app/project/devReleaseUnitTestRuntimeClasspath; :app/project/prodDebugAndroidTestCompileClasspath; :app/project/prodDebugAndroidTestRuntimeClasspath; :app/project/prodDebugCompileClasspath; :app/project/prodDebugRuntimeClasspath; :app/project/prodDebugUnitTestCompileClasspath; :app/project/prodDebugUnitTestRuntimeClasspath; :app/project/prodReleaseCompileClasspath; :app/project/prodReleaseRuntimeClasspath; :app/project/prodReleaseUnitTestCompileClasspath; :app/project/prodReleaseUnitTestRuntimeClasspath; :app/project/qaDebugAndroidTestCompileClasspath; :app/project/qaDebugAndroidTestRuntimeClasspath; :app/project/qaDebugCompileClasspath; :app/project/qaDebugRuntimeClasspath; :app/project/qaDebugUnitTestCompileClasspath; :app/project/qaDebugUnitTestRuntimeClasspath; :app/project/qaReleaseCompileClasspath; :app/project/qaReleaseRuntimeClasspath; :app/project/qaReleaseUnitTestCompileClasspath; :app/project/qaReleaseUnitTestRuntimeClasspath; :app/project/stagingDebugAndroidTestCompileClasspath; :app/project/stagingDebugAndroidTestRuntimeClasspath; :app/project/stagingDebugCompileClasspath; :app/project/stagingDebugRuntimeClasspath; :app/project/stagingDebugUnitTestCompileClasspath; :app/project/stagingDebugUnitTestRuntimeClasspath; :app/project/stagingReleaseCompileClasspath; :app/project/stagingReleaseRuntimeClasspath; :app/project/stagingReleaseUnitTestCompileClasspath; :app/project/stagingReleaseUnitTestRuntimeClasspath","androidx.activity:activity-compose:1.9.3; androidx.compose.animation:animation-android:1.7.6; androidx.compose.animation:animation-core-android:1.7.6; androidx.compose.foundation:foundation-android:1.7.6; androidx.compose.foundation:foundation-layout-android:1.7.6; androidx.compose.material:material-ripple-android:1.7.6; androidx.compose.material3:material3-android:1.3.1; androidx.compose.runtime:runtime-saveable-android:1.7.6; androidx.compose.ui:ui-android:1.7.6; androidx.compose.ui:ui-geometry-android:1.7.6; androidx.compose.ui:ui-graphics-android:1.7.6; androidx.compose.ui:ui-test-android:1.7.6; androidx.compose.ui:ui-text-android:1.7.6; androidx.compose.ui:ui-tooling-preview-android:1.7.6; androidx.compose.ui:ui-unit-android:1.7.6; androidx.hilt:hilt-navigation-compose:1.2.0; androidx.lifecycle:lifecycle-runtime-compose-android:2.8.7; androidx.lifecycle:lifecycle-viewmodel-compose-android:2.8.7; androidx.navigation:navigation-compose:2.5.1","","Retain pending scoped work packages; no OSV match is not security clearance"
"androidx.compose.ui:ui-android:1.7.6",":app/project/devDebugAndroidTestCompileClasspath; :app/project/devDebugAndroidTestRuntimeClasspath; :app/project/devDebugCompileClasspath; :app/project/devDebugRuntimeClasspath; :app/project/devDebugUnitTestCompileClasspath; :app/project/devDebugUnitTestRuntimeClasspath; :app/project/devReleaseCompileClasspath; :app/project/devReleaseRuntimeClasspath; :app/project/devReleaseUnitTestCompileClasspath; :app/project/devReleaseUnitTestRuntimeClasspath; :app/project/prodDebugAndroidTestCompileClasspath; :app/project/prodDebugAndroidTestRuntimeClasspath; :app/project/prodDebugCompileClasspath; :app/project/prodDebugRuntimeClasspath; :app/project/prodDebugUnitTestCompileClasspath; :app/project/prodDebugUnitTestRuntimeClasspath; :app/project/prodReleaseCompileClasspath; :app/project/prodReleaseRuntimeClasspath; :app/project/prodReleaseUnitTestCompileClasspath; :app/project/prodReleaseUnitTestRuntimeClasspath; :app/project/qaDebugAndroidTestCompileClasspath; :app/project/qaDebugAndroidTestRuntimeClasspath; :app/project/qaDebugCompileClasspath; :app/project/qaDebugRuntimeClasspath; :app/project/qaDebugUnitTestCompileClasspath; :app/project/qaDebugUnitTestRuntimeClasspath; :app/project/qaReleaseCompileClasspath; :app/project/qaReleaseRuntimeClasspath; :app/project/qaReleaseUnitTestCompileClasspath; :app/project/qaReleaseUnitTestRuntimeClasspath; :app/project/stagingDebugAndroidTestCompileClasspath; :app/project/stagingDebugAndroidTestRuntimeClasspath; :app/project/stagingDebugCompileClasspath; :app/project/stagingDebugRuntimeClasspath; :app/project/stagingDebugUnitTestCompileClasspath; :app/project/stagingDebugUnitTestRuntimeClasspath; :app/project/stagingReleaseCompileClasspath; :app/project/stagingReleaseRuntimeClasspath; :app/project/stagingReleaseUnitTestCompileClasspath; :app/project/stagingReleaseUnitTestRuntimeClasspath","androidx.compose.ui:ui:1.7.6","","Retain pending scoped work packages; no OSV match is not security clearance"
"androidx.compose.ui:ui-geometry-android:1.7.6",":app/project/devDebugAndroidTestCompileClasspath; :app/project/devDebugAndroidTestRuntimeClasspath; :app/project/devDebugCompileClasspath; :app/project/devDebugRuntimeClasspath; :app/project/devDebugUnitTestCompileClasspath; :app/project/devDebugUnitTestRuntimeClasspath; :app/project/devReleaseCompileClasspath; :app/project/devReleaseRuntimeClasspath; :app/project/devReleaseUnitTestCompileClasspath; :app/project/devReleaseUnitTestRuntimeClasspath; :app/project/prodDebugAndroidTestCompileClasspath; :app/project/prodDebugAndroidTestRuntimeClasspath; :app/project/prodDebugCompileClasspath; :app/project/prodDebugRuntimeClasspath; :app/project/prodDebugUnitTestCompileClasspath; :app/project/prodDebugUnitTestRuntimeClasspath; :app/project/prodReleaseCompileClasspath; :app/project/prodReleaseRuntimeClasspath; :app/project/prodReleaseUnitTestCompileClasspath; :app/project/prodReleaseUnitTestRuntimeClasspath; :app/project/qaDebugAndroidTestCompileClasspath; :app/project/qaDebugAndroidTestRuntimeClasspath; :app/project/qaDebugCompileClasspath; :app/project/qaDebugRuntimeClasspath; :app/project/qaDebugUnitTestCompileClasspath; :app/project/qaDebugUnitTestRuntimeClasspath; :app/project/qaReleaseCompileClasspath; :app/project/qaReleaseRuntimeClasspath; :app/project/qaReleaseUnitTestCompileClasspath; :app/project/qaReleaseUnitTestRuntimeClasspath; :app/project/stagingDebugAndroidTestCompileClasspath; :app/project/stagingDebugAndroidTestRuntimeClasspath; :app/project/stagingDebugCompileClasspath; :app/project/stagingDebugRuntimeClasspath; :app/project/stagingDebugUnitTestCompileClasspath; :app/project/stagingDebugUnitTestRuntimeClasspath; :app/project/stagingReleaseCompileClasspath; :app/project/stagingReleaseRuntimeClasspath; :app/project/stagingReleaseUnitTestCompileClasspath; :app/project/stagingReleaseUnitTestRuntimeClasspath","androidx.compose.ui:ui-geometry:1.7.6","","Retain pending scoped work packages; no OSV match is not security clearance"
"androidx.compose.ui:ui-geometry:1.7.6",":app/project/devDebugAndroidTestCompileClasspath; :app/project/devDebugAndroidTestRuntimeClasspath; :app/project/devDebugCompileClasspath; :app/project/devDebugRuntimeClasspath; :app/project/devDebugUnitTestCompileClasspath; :app/project/devDebugUnitTestRuntimeClasspath; :app/project/devReleaseCompileClasspath; :app/project/devReleaseRuntimeClasspath; :app/project/devReleaseUnitTestCompileClasspath; :app/project/devReleaseUnitTestRuntimeClasspath; :app/project/prodDebugAndroidTestCompileClasspath; :app/project/prodDebugAndroidTestRuntimeClasspath; :app/project/prodDebugCompileClasspath; :app/project/prodDebugRuntimeClasspath; :app/project/prodDebugUnitTestCompileClasspath; :app/project/prodDebugUnitTestRuntimeClasspath; :app/project/prodReleaseCompileClasspath; :app/project/prodReleaseRuntimeClasspath; :app/project/prodReleaseUnitTestCompileClasspath; :app/project/prodReleaseUnitTestRuntimeClasspath; :app/project/qaDebugAndroidTestCompileClasspath; :app/project/qaDebugAndroidTestRuntimeClasspath; :app/project/qaDebugCompileClasspath; :app/project/qaDebugRuntimeClasspath; :app/project/qaDebugUnitTestCompileClasspath; :app/project/qaDebugUnitTestRuntimeClasspath; :app/project/qaReleaseCompileClasspath; :app/project/qaReleaseRuntimeClasspath; :app/project/qaReleaseUnitTestCompileClasspath; :app/project/qaReleaseUnitTestRuntimeClasspath; :app/project/stagingDebugAndroidTestCompileClasspath; :app/project/stagingDebugAndroidTestRuntimeClasspath; :app/project/stagingDebugCompileClasspath; :app/project/stagingDebugRuntimeClasspath; :app/project/stagingDebugUnitTestCompileClasspath; :app/project/stagingDebugUnitTestRuntimeClasspath; :app/project/stagingReleaseCompileClasspath; :app/project/stagingReleaseRuntimeClasspath; :app/project/stagingReleaseUnitTestCompileClasspath; :app/project/stagingReleaseUnitTestRuntimeClasspath","androidx.compose.animation:animation-android:1.7.6; androidx.compose.ui:ui-android:1.7.6; androidx.compose.ui:ui-unit-android:1.7.6","","Retain pending scoped work packages; no OSV match is not security clearance"
"androidx.compose.ui:ui-graphics-android:1.7.6",":app/project/devDebugAndroidTestCompileClasspath; :app/project/devDebugAndroidTestRuntimeClasspath; :app/project/devDebugCompileClasspath; :app/project/devDebugRuntimeClasspath; :app/project/devDebugUnitTestCompileClasspath; :app/project/devDebugUnitTestRuntimeClasspath; :app/project/devReleaseCompileClasspath; :app/project/devReleaseRuntimeClasspath; :app/project/devReleaseUnitTestCompileClasspath; :app/project/devReleaseUnitTestRuntimeClasspath; :app/project/prodDebugAndroidTestCompileClasspath; :app/project/prodDebugAndroidTestRuntimeClasspath; :app/project/prodDebugCompileClasspath; :app/project/prodDebugRuntimeClasspath; :app/project/prodDebugUnitTestCompileClasspath; :app/project/prodDebugUnitTestRuntimeClasspath; :app/project/prodReleaseCompileClasspath; :app/project/prodReleaseRuntimeClasspath; :app/project/prodReleaseUnitTestCompileClasspath; :app/project/prodReleaseUnitTestRuntimeClasspath; :app/project/qaDebugAndroidTestCompileClasspath; :app/project/qaDebugAndroidTestRuntimeClasspath; :app/project/qaDebugCompileClasspath; :app/project/qaDebugRuntimeClasspath; :app/project/qaDebugUnitTestCompileClasspath; :app/project/qaDebugUnitTestRuntimeClasspath; :app/project/qaReleaseCompileClasspath; :app/project/qaReleaseRuntimeClasspath; :app/project/qaReleaseUnitTestCompileClasspath; :app/project/qaReleaseUnitTestRuntimeClasspath; :app/project/stagingDebugAndroidTestCompileClasspath; :app/project/stagingDebugAndroidTestRuntimeClasspath; :app/project/stagingDebugCompileClasspath; :app/project/stagingDebugRuntimeClasspath; :app/project/stagingDebugUnitTestCompileClasspath; :app/project/stagingDebugUnitTestRuntimeClasspath; :app/project/stagingReleaseCompileClasspath; :app/project/stagingReleaseRuntimeClasspath; :app/project/stagingReleaseUnitTestCompileClasspath; :app/project/stagingReleaseUnitTestRuntimeClasspath","androidx.compose.ui:ui-graphics:1.7.6","","Retain pending scoped work packages; no OSV match is not security clearance"
"androidx.compose.ui:ui-graphics:1.7.6",":app/project/devDebugAndroidTestCompileClasspath; :app/project/devDebugAndroidTestRuntimeClasspath; :app/project/devDebugCompileClasspath; :app/project/devDebugRuntimeClasspath; :app/project/devDebugUnitTestCompileClasspath; :app/project/devDebugUnitTestRuntimeClasspath; :app/project/devReleaseCompileClasspath; :app/project/devReleaseRuntimeClasspath; :app/project/devReleaseUnitTestCompileClasspath; :app/project/devReleaseUnitTestRuntimeClasspath; :app/project/prodDebugAndroidTestCompileClasspath; :app/project/prodDebugAndroidTestRuntimeClasspath; :app/project/prodDebugCompileClasspath; :app/project/prodDebugRuntimeClasspath; :app/project/prodDebugUnitTestCompileClasspath; :app/project/prodDebugUnitTestRuntimeClasspath; :app/project/prodReleaseCompileClasspath; :app/project/prodReleaseRuntimeClasspath; :app/project/prodReleaseUnitTestCompileClasspath; :app/project/prodReleaseUnitTestRuntimeClasspath; :app/project/qaDebugAndroidTestCompileClasspath; :app/project/qaDebugAndroidTestRuntimeClasspath; :app/project/qaDebugCompileClasspath; :app/project/qaDebugRuntimeClasspath; :app/project/qaDebugUnitTestCompileClasspath; :app/project/qaDebugUnitTestRuntimeClasspath; :app/project/qaReleaseCompileClasspath; :app/project/qaReleaseRuntimeClasspath; :app/project/qaReleaseUnitTestCompileClasspath; :app/project/qaReleaseUnitTestRuntimeClasspath; :app/project/stagingDebugAndroidTestCompileClasspath; :app/project/stagingDebugAndroidTestRuntimeClasspath; :app/project/stagingDebugCompileClasspath; :app/project/stagingDebugRuntimeClasspath; :app/project/stagingDebugUnitTestCompileClasspath; :app/project/stagingDebugUnitTestRuntimeClasspath; :app/project/stagingReleaseCompileClasspath; :app/project/stagingReleaseRuntimeClasspath; :app/project/stagingReleaseUnitTestCompileClasspath; :app/project/stagingReleaseUnitTestRuntimeClasspath","androidx.compose.animation:animation-android:1.7.6; androidx.compose.animation:animation-core-android:1.7.6; androidx.compose.ui:ui-android:1.7.6; androidx.compose.ui:ui-test-android:1.7.6; androidx.compose.ui:ui-text-android:1.7.6","","Retain pending scoped work packages; no OSV match is not security clearance"
"androidx.compose.ui:ui-test-android:1.7.6",":app/project/devDebugAndroidTestCompileClasspath; :app/project/devDebugAndroidTestRuntimeClasspath; :app/project/prodDebugAndroidTestCompileClasspath; :app/project/prodDebugAndroidTestRuntimeClasspath; :app/project/qaDebugAndroidTestCompileClasspath; :app/project/qaDebugAndroidTestRuntimeClasspath; :app/project/stagingDebugAndroidTestCompileClasspath; :app/project/stagingDebugAndroidTestRuntimeClasspath","androidx.compose.ui:ui-test:1.7.6","","Retain pending scoped work packages; no OSV match is not security clearance"
"androidx.compose.ui:ui-test-junit4-android:1.7.6",":app/project/devDebugAndroidTestCompileClasspath; :app/project/devDebugAndroidTestRuntimeClasspath; :app/project/prodDebugAndroidTestCompileClasspath; :app/project/prodDebugAndroidTestRuntimeClasspath; :app/project/qaDebugAndroidTestCompileClasspath; :app/project/qaDebugAndroidTestRuntimeClasspath; :app/project/stagingDebugAndroidTestCompileClasspath; :app/project/stagingDebugAndroidTestRuntimeClasspath","androidx.compose.ui:ui-test-junit4:1.7.6","","Retain pending scoped work packages; no OSV match is not security clearance"
"androidx.compose.ui:ui-test-junit4:1.7.6",":app/project/devDebugAndroidTestCompileClasspath; :app/project/devDebugAndroidTestRuntimeClasspath; :app/project/prodDebugAndroidTestCompileClasspath; :app/project/prodDebugAndroidTestRuntimeClasspath; :app/project/qaDebugAndroidTestCompileClasspath; :app/project/qaDebugAndroidTestRuntimeClasspath; :app/project/stagingDebugAndroidTestCompileClasspath; :app/project/stagingDebugAndroidTestRuntimeClasspath","project :app","","Retain pending scoped work packages; no OSV match is not security clearance"
"androidx.compose.ui:ui-test-manifest:1.7.6",":app/project/devDebugAndroidTestCompileClasspath; :app/project/devDebugCompileClasspath; :app/project/devDebugRuntimeClasspath; :app/project/devDebugUnitTestCompileClasspath; :app/project/devDebugUnitTestRuntimeClasspath; :app/project/prodDebugAndroidTestCompileClasspath; :app/project/prodDebugCompileClasspath; :app/project/prodDebugRuntimeClasspath; :app/project/prodDebugUnitTestCompileClasspath; :app/project/prodDebugUnitTestRuntimeClasspath; :app/project/qaDebugAndroidTestCompileClasspath; :app/project/qaDebugCompileClasspath; :app/project/qaDebugRuntimeClasspath; :app/project/qaDebugUnitTestCompileClasspath; :app/project/qaDebugUnitTestRuntimeClasspath; :app/project/stagingDebugAndroidTestCompileClasspath; :app/project/stagingDebugCompileClasspath; :app/project/stagingDebugRuntimeClasspath; :app/project/stagingDebugUnitTestCompileClasspath; :app/project/stagingDebugUnitTestRuntimeClasspath","project :app","","Retain pending scoped work packages; no OSV match is not security clearance"
"androidx.compose.ui:ui-test:1.7.6",":app/project/devDebugAndroidTestCompileClasspath; :app/project/devDebugAndroidTestRuntimeClasspath; :app/project/prodDebugAndroidTestCompileClasspath; :app/project/prodDebugAndroidTestRuntimeClasspath; :app/project/qaDebugAndroidTestCompileClasspath; :app/project/qaDebugAndroidTestRuntimeClasspath; :app/project/stagingDebugAndroidTestCompileClasspath; :app/project/stagingDebugAndroidTestRuntimeClasspath","androidx.compose.ui:ui-test-junit4-android:1.7.6","","Retain pending scoped work packages; no OSV match is not security clearance"
"androidx.compose.ui:ui-text-android:1.7.6",":app/project/devDebugAndroidTestCompileClasspath; :app/project/devDebugAndroidTestRuntimeClasspath; :app/project/devDebugCompileClasspath; :app/project/devDebugRuntimeClasspath; :app/project/devDebugUnitTestCompileClasspath; :app/project/devDebugUnitTestRuntimeClasspath; :app/project/devReleaseCompileClasspath; :app/project/devReleaseRuntimeClasspath; :app/project/devReleaseUnitTestCompileClasspath; :app/project/devReleaseUnitTestRuntimeClasspath; :app/project/prodDebugAndroidTestCompileClasspath; :app/project/prodDebugAndroidTestRuntimeClasspath; :app/project/prodDebugCompileClasspath; :app/project/prodDebugRuntimeClasspath; :app/project/prodDebugUnitTestCompileClasspath; :app/project/prodDebugUnitTestRuntimeClasspath; :app/project/prodReleaseCompileClasspath; :app/project/prodReleaseRuntimeClasspath; :app/project/prodReleaseUnitTestCompileClasspath; :app/project/prodReleaseUnitTestRuntimeClasspath; :app/project/qaDebugAndroidTestCompileClasspath; :app/project/qaDebugAndroidTestRuntimeClasspath; :app/project/qaDebugCompileClasspath; :app/project/qaDebugRuntimeClasspath; :app/project/qaDebugUnitTestCompileClasspath; :app/project/qaDebugUnitTestRuntimeClasspath; :app/project/qaReleaseCompileClasspath; :app/project/qaReleaseRuntimeClasspath; :app/project/qaReleaseUnitTestCompileClasspath; :app/project/qaReleaseUnitTestRuntimeClasspath; :app/project/stagingDebugAndroidTestCompileClasspath; :app/project/stagingDebugAndroidTestRuntimeClasspath; :app/project/stagingDebugCompileClasspath; :app/project/stagingDebugRuntimeClasspath; :app/project/stagingDebugUnitTestCompileClasspath; :app/project/stagingDebugUnitTestRuntimeClasspath; :app/project/stagingReleaseCompileClasspath; :app/project/stagingReleaseRuntimeClasspath; :app/project/stagingReleaseUnitTestCompileClasspath; :app/project/stagingReleaseUnitTestRuntimeClasspath","androidx.compose.ui:ui-text:1.7.6","","Retain pending scoped work packages; no OSV match is not security clearance"
"androidx.compose.ui:ui-text:1.7.6",":app/project/devDebugAndroidTestCompileClasspath; :app/project/devDebugAndroidTestRuntimeClasspath; :app/project/devDebugCompileClasspath; :app/project/devDebugRuntimeClasspath; :app/project/devDebugUnitTestCompileClasspath; :app/project/devDebugUnitTestRuntimeClasspath; :app/project/devReleaseCompileClasspath; :app/project/devReleaseRuntimeClasspath; :app/project/devReleaseUnitTestCompileClasspath; :app/project/devReleaseUnitTestRuntimeClasspath; :app/project/prodDebugAndroidTestCompileClasspath; :app/project/prodDebugAndroidTestRuntimeClasspath; :app/project/prodDebugCompileClasspath; :app/project/prodDebugRuntimeClasspath; :app/project/prodDebugUnitTestCompileClasspath; :app/project/prodDebugUnitTestRuntimeClasspath; :app/project/prodReleaseCompileClasspath; :app/project/prodReleaseRuntimeClasspath; :app/project/prodReleaseUnitTestCompileClasspath; :app/project/prodReleaseUnitTestRuntimeClasspath; :app/project/qaDebugAndroidTestCompileClasspath; :app/project/qaDebugAndroidTestRuntimeClasspath; :app/project/qaDebugCompileClasspath; :app/project/qaDebugRuntimeClasspath; :app/project/qaDebugUnitTestCompileClasspath; :app/project/qaDebugUnitTestRuntimeClasspath; :app/project/qaReleaseCompileClasspath; :app/project/qaReleaseRuntimeClasspath; :app/project/qaReleaseUnitTestCompileClasspath; :app/project/qaReleaseUnitTestRuntimeClasspath; :app/project/stagingDebugAndroidTestCompileClasspath; :app/project/stagingDebugAndroidTestRuntimeClasspath; :app/project/stagingDebugCompileClasspath; :app/project/stagingDebugRuntimeClasspath; :app/project/stagingDebugUnitTestCompileClasspath; :app/project/stagingDebugUnitTestRuntimeClasspath; :app/project/stagingReleaseCompileClasspath; :app/project/stagingReleaseRuntimeClasspath; :app/project/stagingReleaseUnitTestCompileClasspath; :app/project/stagingReleaseUnitTestRuntimeClasspath","androidx.compose.foundation:foundation-android:1.7.6; androidx.compose.material3:material3-android:1.3.1; androidx.compose.ui:ui-android:1.7.6; androidx.compose.ui:ui-test-android:1.7.6","","Retain pending scoped work packages; no OSV match is not security clearance"
"androidx.compose.ui:ui-tooling-preview-android:1.7.6",":app/project/devDebugAndroidTestCompileClasspath; :app/project/devDebugCompileClasspath; :app/project/devDebugRuntimeClasspath; :app/project/devDebugUnitTestCompileClasspath; :app/project/devDebugUnitTestRuntimeClasspath; :app/project/devReleaseCompileClasspath; :app/project/devReleaseRuntimeClasspath; :app/project/devReleaseUnitTestCompileClasspath; :app/project/devReleaseUnitTestRuntimeClasspath; :app/project/prodDebugAndroidTestCompileClasspath; :app/project/prodDebugCompileClasspath; :app/project/prodDebugRuntimeClasspath; :app/project/prodDebugUnitTestCompileClasspath; :app/project/prodDebugUnitTestRuntimeClasspath; :app/project/prodReleaseCompileClasspath; :app/project/prodReleaseRuntimeClasspath; :app/project/prodReleaseUnitTestCompileClasspath; :app/project/prodReleaseUnitTestRuntimeClasspath; :app/project/qaDebugAndroidTestCompileClasspath; :app/project/qaDebugCompileClasspath; :app/project/qaDebugRuntimeClasspath; :app/project/qaDebugUnitTestCompileClasspath; :app/project/qaDebugUnitTestRuntimeClasspath; :app/project/qaReleaseCompileClasspath; :app/project/qaReleaseRuntimeClasspath; :app/project/qaReleaseUnitTestCompileClasspath; :app/project/qaReleaseUnitTestRuntimeClasspath; :app/project/stagingDebugAndroidTestCompileClasspath; :app/project/stagingDebugCompileClasspath; :app/project/stagingDebugRuntimeClasspath; :app/project/stagingDebugUnitTestCompileClasspath; :app/project/stagingDebugUnitTestRuntimeClasspath; :app/project/stagingReleaseCompileClasspath; :app/project/stagingReleaseRuntimeClasspath; :app/project/stagingReleaseUnitTestCompileClasspath; :app/project/stagingReleaseUnitTestRuntimeClasspath","androidx.compose.ui:ui-tooling-preview:1.7.6","","Retain pending scoped work packages; no OSV match is not security clearance"
"androidx.compose.ui:ui-tooling-preview:1.7.6",":app/project/devDebugAndroidTestCompileClasspath; :app/project/devDebugCompileClasspath; :app/project/devDebugRuntimeClasspath; :app/project/devDebugUnitTestCompileClasspath; :app/project/devDebugUnitTestRuntimeClasspath; :app/project/devReleaseCompileClasspath; :app/project/devReleaseRuntimeClasspath; :app/project/devReleaseUnitTestCompileClasspath; :app/project/devReleaseUnitTestRuntimeClasspath; :app/project/prodDebugAndroidTestCompileClasspath; :app/project/prodDebugCompileClasspath; :app/project/prodDebugRuntimeClasspath; :app/project/prodDebugUnitTestCompileClasspath; :app/project/prodDebugUnitTestRuntimeClasspath; :app/project/prodReleaseCompileClasspath; :app/project/prodReleaseRuntimeClasspath; :app/project/prodReleaseUnitTestCompileClasspath; :app/project/prodReleaseUnitTestRuntimeClasspath; :app/project/qaDebugAndroidTestCompileClasspath; :app/project/qaDebugCompileClasspath; :app/project/qaDebugRuntimeClasspath; :app/project/qaDebugUnitTestCompileClasspath; :app/project/qaDebugUnitTestRuntimeClasspath; :app/project/qaReleaseCompileClasspath; :app/project/qaReleaseRuntimeClasspath; :app/project/qaReleaseUnitTestCompileClasspath; :app/project/qaReleaseUnitTestRuntimeClasspath; :app/project/stagingDebugAndroidTestCompileClasspath; :app/project/stagingDebugCompileClasspath; :app/project/stagingDebugRuntimeClasspath; :app/project/stagingDebugUnitTestCompileClasspath; :app/project/stagingDebugUnitTestRuntimeClasspath; :app/project/stagingReleaseCompileClasspath; :app/project/stagingReleaseRuntimeClasspath; :app/project/stagingReleaseUnitTestCompileClasspath; :app/project/stagingReleaseUnitTestRuntimeClasspath","project :app","","Retain pending scoped work packages; no OSV match is not security clearance"
"androidx.compose.ui:ui-unit-android:1.7.6",":app/project/devDebugAndroidTestCompileClasspath; :app/project/devDebugAndroidTestRuntimeClasspath; :app/project/devDebugCompileClasspath; :app/project/devDebugRuntimeClasspath; :app/project/devDebugUnitTestCompileClasspath; :app/project/devDebugUnitTestRuntimeClasspath; :app/project/devReleaseCompileClasspath; :app/project/devReleaseRuntimeClasspath; :app/project/devReleaseUnitTestCompileClasspath; :app/project/devReleaseUnitTestRuntimeClasspath; :app/project/prodDebugAndroidTestCompileClasspath; :app/project/prodDebugAndroidTestRuntimeClasspath; :app/project/prodDebugCompileClasspath; :app/project/prodDebugRuntimeClasspath; :app/project/prodDebugUnitTestCompileClasspath; :app/project/prodDebugUnitTestRuntimeClasspath; :app/project/prodReleaseCompileClasspath; :app/project/prodReleaseRuntimeClasspath; :app/project/prodReleaseUnitTestCompileClasspath; :app/project/prodReleaseUnitTestRuntimeClasspath; :app/project/qaDebugAndroidTestCompileClasspath; :app/project/qaDebugAndroidTestRuntimeClasspath; :app/project/qaDebugCompileClasspath; :app/project/qaDebugRuntimeClasspath; :app/project/qaDebugUnitTestCompileClasspath; :app/project/qaDebugUnitTestRuntimeClasspath; :app/project/qaReleaseCompileClasspath; :app/project/qaReleaseRuntimeClasspath; :app/project/qaReleaseUnitTestCompileClasspath; :app/project/qaReleaseUnitTestRuntimeClasspath; :app/project/stagingDebugAndroidTestCompileClasspath; :app/project/stagingDebugAndroidTestRuntimeClasspath; :app/project/stagingDebugCompileClasspath; :app/project/stagingDebugRuntimeClasspath; :app/project/stagingDebugUnitTestCompileClasspath; :app/project/stagingDebugUnitTestRuntimeClasspath; :app/project/stagingReleaseCompileClasspath; :app/project/stagingReleaseRuntimeClasspath; :app/project/stagingReleaseUnitTestCompileClasspath; :app/project/stagingReleaseUnitTestRuntimeClasspath","androidx.compose.ui:ui-unit:1.7.6","","Retain pending scoped work packages; no OSV match is not security clearance"
"androidx.compose.ui:ui-unit:1.7.6",":app/project/devDebugAndroidTestCompileClasspath; :app/project/devDebugAndroidTestRuntimeClasspath; :app/project/devDebugCompileClasspath; :app/project/devDebugRuntimeClasspath; :app/project/devDebugUnitTestCompileClasspath; :app/project/devDebugUnitTestRuntimeClasspath; :app/project/devReleaseCompileClasspath; :app/project/devReleaseRuntimeClasspath; :app/project/devReleaseUnitTestCompileClasspath; :app/project/devReleaseUnitTestRuntimeClasspath; :app/project/prodDebugAndroidTestCompileClasspath; :app/project/prodDebugAndroidTestRuntimeClasspath; :app/project/prodDebugCompileClasspath; :app/project/prodDebugRuntimeClasspath; :app/project/prodDebugUnitTestCompileClasspath; :app/project/prodDebugUnitTestRuntimeClasspath; :app/project/prodReleaseCompileClasspath; :app/project/prodReleaseRuntimeClasspath; :app/project/prodReleaseUnitTestCompileClasspath; :app/project/prodReleaseUnitTestRuntimeClasspath; :app/project/qaDebugAndroidTestCompileClasspath; :app/project/qaDebugAndroidTestRuntimeClasspath; :app/project/qaDebugCompileClasspath; :app/project/qaDebugRuntimeClasspath; :app/project/qaDebugUnitTestCompileClasspath; :app/project/qaDebugUnitTestRuntimeClasspath; :app/project/qaReleaseCompileClasspath; :app/project/qaReleaseRuntimeClasspath; :app/project/qaReleaseUnitTestCompileClasspath; :app/project/qaReleaseUnitTestRuntimeClasspath; :app/project/stagingDebugAndroidTestCompileClasspath; :app/project/stagingDebugAndroidTestRuntimeClasspath; :app/project/stagingDebugCompileClasspath; :app/project/stagingDebugRuntimeClasspath; :app/project/stagingDebugUnitTestCompileClasspath; :app/project/stagingDebugUnitTestRuntimeClasspath; :app/project/stagingReleaseCompileClasspath; :app/project/stagingReleaseRuntimeClasspath; :app/project/stagingReleaseUnitTestCompileClasspath; :app/project/stagingReleaseUnitTestRuntimeClasspath","androidx.compose.animation:animation-core-android:1.7.6; androidx.compose.foundation:foundation-layout-android:1.7.6; androidx.compose.ui:ui-android:1.7.6; androidx.compose.ui:ui-graphics-android:1.7.6; androidx.compose.ui:ui-test-android:1.7.6; androidx.compose.ui:ui-text-android:1.7.6","","Retain pending scoped work packages; no OSV match is not security clearance"
"androidx.compose.ui:ui-util-android:1.7.6",":app/project/devDebugAndroidTestCompileClasspath; :app/project/devDebugAndroidTestRuntimeClasspath; :app/project/devDebugCompileClasspath; :app/project/devDebugRuntimeClasspath; :app/project/devDebugUnitTestCompileClasspath; :app/project/devDebugUnitTestRuntimeClasspath; :app/project/devReleaseCompileClasspath; :app/project/devReleaseRuntimeClasspath; :app/project/devReleaseUnitTestCompileClasspath; :app/project/devReleaseUnitTestRuntimeClasspath; :app/project/prodDebugAndroidTestCompileClasspath; :app/project/prodDebugAndroidTestRuntimeClasspath; :app/project/prodDebugCompileClasspath; :app/project/prodDebugRuntimeClasspath; :app/project/prodDebugUnitTestCompileClasspath; :app/project/prodDebugUnitTestRuntimeClasspath; :app/project/prodReleaseCompileClasspath; :app/project/prodReleaseRuntimeClasspath; :app/project/prodReleaseUnitTestCompileClasspath; :app/project/prodReleaseUnitTestRuntimeClasspath; :app/project/qaDebugAndroidTestCompileClasspath; :app/project/qaDebugAndroidTestRuntimeClasspath; :app/project/qaDebugCompileClasspath; :app/project/qaDebugRuntimeClasspath; :app/project/qaDebugUnitTestCompileClasspath; :app/project/qaDebugUnitTestRuntimeClasspath; :app/project/qaReleaseCompileClasspath; :app/project/qaReleaseRuntimeClasspath; :app/project/qaReleaseUnitTestCompileClasspath; :app/project/qaReleaseUnitTestRuntimeClasspath; :app/project/stagingDebugAndroidTestCompileClasspath; :app/project/stagingDebugAndroidTestRuntimeClasspath; :app/project/stagingDebugCompileClasspath; :app/project/stagingDebugRuntimeClasspath; :app/project/stagingDebugUnitTestCompileClasspath; :app/project/stagingDebugUnitTestRuntimeClasspath; :app/project/stagingReleaseCompileClasspath; :app/project/stagingReleaseRuntimeClasspath; :app/project/stagingReleaseUnitTestCompileClasspath; :app/project/stagingReleaseUnitTestRuntimeClasspath","androidx.compose.ui:ui-util:1.7.6","","Retain pending scoped work packages; no OSV match is not security clearance"
"androidx.compose.ui:ui-util:1.7.6",":app/project/devDebugAndroidTestCompileClasspath; :app/project/devDebugAndroidTestRuntimeClasspath; :app/project/devDebugCompileClasspath; :app/project/devDebugRuntimeClasspath; :app/project/devDebugUnitTestCompileClasspath; :app/project/devDebugUnitTestRuntimeClasspath; :app/project/devReleaseCompileClasspath; :app/project/devReleaseRuntimeClasspath; :app/project/devReleaseUnitTestCompileClasspath; :app/project/devReleaseUnitTestRuntimeClasspath; :app/project/prodDebugAndroidTestCompileClasspath; :app/project/prodDebugAndroidTestRuntimeClasspath; :app/project/prodDebugCompileClasspath; :app/project/prodDebugRuntimeClasspath; :app/project/prodDebugUnitTestCompileClasspath; :app/project/prodDebugUnitTestRuntimeClasspath; :app/project/prodReleaseCompileClasspath; :app/project/prodReleaseRuntimeClasspath; :app/project/prodReleaseUnitTestCompileClasspath; :app/project/prodReleaseUnitTestRuntimeClasspath; :app/project/qaDebugAndroidTestCompileClasspath; :app/project/qaDebugAndroidTestRuntimeClasspath; :app/project/qaDebugCompileClasspath; :app/project/qaDebugRuntimeClasspath; :app/project/qaDebugUnitTestCompileClasspath; :app/project/qaDebugUnitTestRuntimeClasspath; :app/project/qaReleaseCompileClasspath; :app/project/qaReleaseRuntimeClasspath; :app/project/qaReleaseUnitTestCompileClasspath; :app/project/qaReleaseUnitTestRuntimeClasspath; :app/project/stagingDebugAndroidTestCompileClasspath; :app/project/stagingDebugAndroidTestRuntimeClasspath; :app/project/stagingDebugCompileClasspath; :app/project/stagingDebugRuntimeClasspath; :app/project/stagingDebugUnitTestCompileClasspath; :app/project/stagingDebugUnitTestRuntimeClasspath; :app/project/stagingReleaseCompileClasspath; :app/project/stagingReleaseRuntimeClasspath; :app/project/stagingReleaseUnitTestCompileClasspath; :app/project/stagingReleaseUnitTestRuntimeClasspath","androidx.compose.animation:animation-android:1.7.6; androidx.compose.animation:animation-core-android:1.7.6; androidx.compose.foundation:foundation-android:1.7.6; androidx.compose.foundation:foundation-layout-android:1.7.6; androidx.compose.material:material-ripple-android:1.7.6; androidx.compose.material3:material3-android:1.3.1; androidx.compose.ui:ui-android:1.7.6; androidx.compose.ui:ui-geometry-android:1.7.6; androidx.compose.ui:ui-graphics-android:1.7.6; androidx.compose.ui:ui-test-android:1.7.6; androidx.compose.ui:ui-text-android:1.7.6; androidx.compose.ui:ui-unit-android:1.7.6","","Retain pending scoped work packages; no OSV match is not security clearance"
"androidx.compose.ui:ui:1.7.6",":app/project/devDebugAndroidTestCompileClasspath; :app/project/devDebugAndroidTestRuntimeClasspath; :app/project/devDebugCompileClasspath; :app/project/devDebugRuntimeClasspath; :app/project/devDebugUnitTestCompileClasspath; :app/project/devDebugUnitTestRuntimeClasspath; :app/project/devReleaseCompileClasspath; :app/project/devReleaseRuntimeClasspath; :app/project/devReleaseUnitTestCompileClasspath; :app/project/devReleaseUnitTestRuntimeClasspath; :app/project/prodDebugAndroidTestCompileClasspath; :app/project/prodDebugAndroidTestRuntimeClasspath; :app/project/prodDebugCompileClasspath; :app/project/prodDebugRuntimeClasspath; :app/project/prodDebugUnitTestCompileClasspath; :app/project/prodDebugUnitTestRuntimeClasspath; :app/project/prodReleaseCompileClasspath; :app/project/prodReleaseRuntimeClasspath; :app/project/prodReleaseUnitTestCompileClasspath; :app/project/prodReleaseUnitTestRuntimeClasspath; :app/project/qaDebugAndroidTestCompileClasspath; :app/project/qaDebugAndroidTestRuntimeClasspath; :app/project/qaDebugCompileClasspath; :app/project/qaDebugRuntimeClasspath; :app/project/qaDebugUnitTestCompileClasspath; :app/project/qaDebugUnitTestRuntimeClasspath; :app/project/qaReleaseCompileClasspath; :app/project/qaReleaseRuntimeClasspath; :app/project/qaReleaseUnitTestCompileClasspath; :app/project/qaReleaseUnitTestRuntimeClasspath; :app/project/stagingDebugAndroidTestCompileClasspath; :app/project/stagingDebugAndroidTestRuntimeClasspath; :app/project/stagingDebugCompileClasspath; :app/project/stagingDebugRuntimeClasspath; :app/project/stagingDebugUnitTestCompileClasspath; :app/project/stagingDebugUnitTestRuntimeClasspath; :app/project/stagingReleaseCompileClasspath; :app/project/stagingReleaseRuntimeClasspath; :app/project/stagingReleaseUnitTestCompileClasspath; :app/project/stagingReleaseUnitTestRuntimeClasspath","androidx.activity:activity-compose:1.9.3; androidx.compose.animation:animation-android:1.7.6; androidx.compose.animation:animation-core-android:1.7.6; androidx.compose.foundation:foundation-android:1.7.6; androidx.compose.foundation:foundation-layout-android:1.7.6; androidx.compose.material:material-icons-core-android:1.7.6; androidx.compose.material3:material3-android:1.3.1; androidx.compose.ui:ui-test-android:1.7.6; androidx.hilt:hilt-navigation-compose:1.2.0; androidx.lifecycle:lifecycle-viewmodel-compose-android:2.8.7; androidx.navigation:navigation-compose:2.5.1; project :app","","Retain pending scoped work packages; no OSV match is not security clearance"
"androidx.concurrent:concurrent-futures-ktx:1.1.0",":app/project/devDebugAndroidTestCompileClasspath; :app/project/devDebugAndroidTestRuntimeClasspath; :app/project/devDebugRuntimeClasspath; :app/project/devDebugUnitTestRuntimeClasspath; :app/project/devReleaseRuntimeClasspath; :app/project/devReleaseUnitTestRuntimeClasspath; :app/project/prodDebugAndroidTestCompileClasspath; :app/project/prodDebugAndroidTestRuntimeClasspath; :app/project/prodDebugRuntimeClasspath; :app/project/prodDebugUnitTestRuntimeClasspath; :app/project/prodReleaseRuntimeClasspath; :app/project/prodReleaseUnitTestRuntimeClasspath; :app/project/qaDebugAndroidTestCompileClasspath; :app/project/qaDebugAndroidTestRuntimeClasspath; :app/project/qaDebugRuntimeClasspath; :app/project/qaDebugUnitTestRuntimeClasspath; :app/project/qaReleaseRuntimeClasspath; :app/project/qaReleaseUnitTestRuntimeClasspath; :app/project/stagingDebugAndroidTestCompileClasspath; :app/project/stagingDebugAndroidTestRuntimeClasspath; :app/project/stagingDebugRuntimeClasspath; :app/project/stagingDebugUnitTestRuntimeClasspath; :app/project/stagingReleaseRuntimeClasspath; :app/project/stagingReleaseUnitTestRuntimeClasspath","androidx.camera:camera-core:1.4.1; androidx.camera:camera-lifecycle:1.4.1; androidx.test:core:1.6.1","","Retain pending scoped work packages; no OSV match is not security clearance"
"androidx.concurrent:concurrent-futures:1.1.0",":app/project/devDebugAndroidTestCompileClasspath; :app/project/devDebugAndroidTestRuntimeClasspath; :app/project/devDebugRuntimeClasspath; :app/project/devDebugUnitTestRuntimeClasspath; :app/project/devReleaseRuntimeClasspath; :app/project/devReleaseUnitTestRuntimeClasspath; :app/project/prodDebugAndroidTestCompileClasspath; :app/project/prodDebugAndroidTestRuntimeClasspath; :app/project/prodDebugRuntimeClasspath; :app/project/prodDebugUnitTestRuntimeClasspath; :app/project/prodReleaseRuntimeClasspath; :app/project/prodReleaseUnitTestRuntimeClasspath; :app/project/qaDebugAndroidTestCompileClasspath; :app/project/qaDebugAndroidTestRuntimeClasspath; :app/project/qaDebugRuntimeClasspath; :app/project/qaDebugUnitTestRuntimeClasspath; :app/project/qaReleaseRuntimeClasspath; :app/project/qaReleaseUnitTestRuntimeClasspath; :app/project/stagingDebugAndroidTestCompileClasspath; :app/project/stagingDebugAndroidTestRuntimeClasspath; :app/project/stagingDebugRuntimeClasspath; :app/project/stagingDebugUnitTestRuntimeClasspath; :app/project/stagingReleaseRuntimeClasspath; :app/project/stagingReleaseUnitTestRuntimeClasspath","androidx.camera:camera-camera2:1.4.1; androidx.camera:camera-core:1.4.1; androidx.camera:camera-lifecycle:1.4.1; androidx.concurrent:concurrent-futures-ktx:1.1.0; androidx.core:core:1.15.0; androidx.profileinstaller:profileinstaller:1.3.1","","Retain pending scoped work packages; no OSV match is not security clearance"
"androidx.core:core-ktx:1.15.0",":app/project/devDebugAndroidTestCompileClasspath; :app/project/devDebugAndroidTestRuntimeClasspath; :app/project/devDebugCompileClasspath; :app/project/devDebugRuntimeClasspath; :app/project/devDebugUnitTestCompileClasspath; :app/project/devDebugUnitTestRuntimeClasspath; :app/project/devReleaseCompileClasspath; :app/project/devReleaseRuntimeClasspath; :app/project/devReleaseUnitTestCompileClasspath; :app/project/devReleaseUnitTestRuntimeClasspath; :app/project/prodDebugAndroidTestCompileClasspath; :app/project/prodDebugAndroidTestRuntimeClasspath; :app/project/prodDebugCompileClasspath; :app/project/prodDebugRuntimeClasspath; :app/project/prodDebugUnitTestCompileClasspath; :app/project/prodDebugUnitTestRuntimeClasspath; :app/project/prodReleaseCompileClasspath; :app/project/prodReleaseRuntimeClasspath; :app/project/prodReleaseUnitTestCompileClasspath; :app/project/prodReleaseUnitTestRuntimeClasspath; :app/project/qaDebugAndroidTestCompileClasspath; :app/project/qaDebugAndroidTestRuntimeClasspath; :app/project/qaDebugCompileClasspath; :app/project/qaDebugRuntimeClasspath; :app/project/qaDebugUnitTestCompileClasspath; :app/project/qaDebugUnitTestRuntimeClasspath; :app/project/qaReleaseCompileClasspath; :app/project/qaReleaseRuntimeClasspath; :app/project/qaReleaseUnitTestCompileClasspath; :app/project/qaReleaseUnitTestRuntimeClasspath; :app/project/stagingDebugAndroidTestCompileClasspath; :app/project/stagingDebugAndroidTestRuntimeClasspath; :app/project/stagingDebugCompileClasspath; :app/project/stagingDebugRuntimeClasspath; :app/project/stagingDebugUnitTestCompileClasspath; :app/project/stagingDebugUnitTestRuntimeClasspath; :app/project/stagingReleaseCompileClasspath; :app/project/stagingReleaseRuntimeClasspath; :app/project/stagingReleaseUnitTestCompileClasspath; :app/project/stagingReleaseUnitTestRuntimeClasspath","androidx.activity:activity-ktx:1.9.3; androidx.compose.ui:ui-test-android:1.7.6; androidx.customview:customview-poolingcontainer:1.0.0; androidx.fragment:fragment:1.5.1; androidx.lifecycle:lifecycle-viewmodel-savedstate:2.8.7; androidx.navigation:navigation-common:2.5.1; project :app","","Retain pending scoped work packages; no OSV match is not security clearance"
"androidx.core:core:1.15.0",":app/project/devDebugAndroidTestCompileClasspath; :app/project/devDebugAndroidTestRuntimeClasspath; :app/project/devDebugCompileClasspath; :app/project/devDebugRuntimeClasspath; :app/project/devDebugUnitTestCompileClasspath; :app/project/devDebugUnitTestRuntimeClasspath; :app/project/devReleaseCompileClasspath; :app/project/devReleaseRuntimeClasspath; :app/project/devReleaseUnitTestCompileClasspath; :app/project/devReleaseUnitTestRuntimeClasspath; :app/project/prodDebugAndroidTestCompileClasspath; :app/project/prodDebugAndroidTestRuntimeClasspath; :app/project/prodDebugCompileClasspath; :app/project/prodDebugRuntimeClasspath; :app/project/prodDebugUnitTestCompileClasspath; :app/project/prodDebugUnitTestRuntimeClasspath; :app/project/prodReleaseCompileClasspath; :app/project/prodReleaseRuntimeClasspath; :app/project/prodReleaseUnitTestCompileClasspath; :app/project/prodReleaseUnitTestRuntimeClasspath; :app/project/qaDebugAndroidTestCompileClasspath; :app/project/qaDebugAndroidTestRuntimeClasspath; :app/project/qaDebugCompileClasspath; :app/project/qaDebugRuntimeClasspath; :app/project/qaDebugUnitTestCompileClasspath; :app/project/qaDebugUnitTestRuntimeClasspath; :app/project/qaReleaseCompileClasspath; :app/project/qaReleaseRuntimeClasspath; :app/project/qaReleaseUnitTestCompileClasspath; :app/project/qaReleaseUnitTestRuntimeClasspath; :app/project/stagingDebugAndroidTestCompileClasspath; :app/project/stagingDebugAndroidTestRuntimeClasspath; :app/project/stagingDebugCompileClasspath; :app/project/stagingDebugRuntimeClasspath; :app/project/stagingDebugUnitTestCompileClasspath; :app/project/stagingDebugUnitTestRuntimeClasspath; :app/project/stagingReleaseCompileClasspath; :app/project/stagingReleaseRuntimeClasspath; :app/project/stagingReleaseUnitTestCompileClasspath; :app/project/stagingReleaseUnitTestRuntimeClasspath","androidx.activity:activity:1.9.3; androidx.appcompat:appcompat-resources:1.2.0; androidx.appcompat:appcompat:1.2.0; androidx.autofill:autofill:1.0.0; androidx.biometric:biometric:1.1.0; androidx.camera:camera-camera2:1.4.1; androidx.camera:camera-core:1.4.1; androidx.camera:camera-lifecycle:1.4.1; androidx.compose.foundation:foundation-android:1.7.6; androidx.compose.foundation:foundation-layout-android:1.7.6; androidx.compose.ui:ui-android:1.7.6; androidx.compose.ui:ui-graphics-android:1.7.6; androidx.compose.ui:ui-text-android:1.7.6; androidx.core:core-ktx:1.15.0; androidx.customview:customview:1.0.0; androidx.drawerlayout:drawerlayout:1.0.0; androidx.emoji2:emoji2:1.3.0; androidx.graphics:graphics-path:1.0.1; androidx.loader:loader:1.0.0; androidx.vectordrawable:vectordrawable:1.1.0; androidx.viewpager:viewpager:1.0.0","","Retain pending scoped work packages; no OSV match is not security clearance"
"androidx.cursoradapter:cursoradapter:1.0.0",":app/project/devDebugRuntimeClasspath; :app/project/devDebugUnitTestRuntimeClasspath; :app/project/devReleaseRuntimeClasspath; :app/project/devReleaseUnitTestRuntimeClasspath; :app/project/prodDebugRuntimeClasspath; :app/project/prodDebugUnitTestRuntimeClasspath; :app/project/prodReleaseRuntimeClasspath; :app/project/prodReleaseUnitTestRuntimeClasspath; :app/project/qaDebugRuntimeClasspath; :app/project/qaDebugUnitTestRuntimeClasspath; :app/project/qaReleaseRuntimeClasspath; :app/project/qaReleaseUnitTestRuntimeClasspath; :app/project/stagingDebugRuntimeClasspath; :app/project/stagingDebugUnitTestRuntimeClasspath; :app/project/stagingReleaseRuntimeClasspath; :app/project/stagingReleaseUnitTestRuntimeClasspath","androidx.appcompat:appcompat:1.2.0","","Retain pending scoped work packages; no OSV match is not security clearance"
"androidx.customview:customview-poolingcontainer:1.0.0",":app/project/devDebugAndroidTestRuntimeClasspath; :app/project/devDebugRuntimeClasspath; :app/project/devDebugUnitTestRuntimeClasspath; :app/project/devReleaseRuntimeClasspath; :app/project/devReleaseUnitTestRuntimeClasspath; :app/project/prodDebugAndroidTestRuntimeClasspath; :app/project/prodDebugRuntimeClasspath; :app/project/prodDebugUnitTestRuntimeClasspath; :app/project/prodReleaseRuntimeClasspath; :app/project/prodReleaseUnitTestRuntimeClasspath; :app/project/qaDebugAndroidTestRuntimeClasspath; :app/project/qaDebugRuntimeClasspath; :app/project/qaDebugUnitTestRuntimeClasspath; :app/project/qaReleaseRuntimeClasspath; :app/project/qaReleaseUnitTestRuntimeClasspath; :app/project/stagingDebugAndroidTestRuntimeClasspath; :app/project/stagingDebugRuntimeClasspath; :app/project/stagingDebugUnitTestRuntimeClasspath; :app/project/stagingReleaseRuntimeClasspath; :app/project/stagingReleaseUnitTestRuntimeClasspath","androidx.compose.ui:ui-android:1.7.6","","Retain pending scoped work packages; no OSV match is not security clearance"
"androidx.customview:customview:1.0.0",":app/project/devDebugAndroidTestCompileClasspath; :app/project/devDebugCompileClasspath; :app/project/devDebugRuntimeClasspath; :app/project/devDebugUnitTestCompileClasspath; :app/project/devDebugUnitTestRuntimeClasspath; :app/project/devReleaseCompileClasspath; :app/project/devReleaseRuntimeClasspath; :app/project/devReleaseUnitTestCompileClasspath; :app/project/devReleaseUnitTestRuntimeClasspath; :app/project/prodDebugAndroidTestCompileClasspath; :app/project/prodDebugCompileClasspath; :app/project/prodDebugRuntimeClasspath; :app/project/prodDebugUnitTestCompileClasspath; :app/project/prodDebugUnitTestRuntimeClasspath; :app/project/prodReleaseCompileClasspath; :app/project/prodReleaseRuntimeClasspath; :app/project/prodReleaseUnitTestCompileClasspath; :app/project/prodReleaseUnitTestRuntimeClasspath; :app/project/qaDebugAndroidTestCompileClasspath; :app/project/qaDebugCompileClasspath; :app/project/qaDebugRuntimeClasspath; :app/project/qaDebugUnitTestCompileClasspath; :app/project/qaDebugUnitTestRuntimeClasspath; :app/project/qaReleaseCompileClasspath; :app/project/qaReleaseRuntimeClasspath; :app/project/qaReleaseUnitTestCompileClasspath; :app/project/qaReleaseUnitTestRuntimeClasspath; :app/project/stagingDebugAndroidTestCompileClasspath; :app/project/stagingDebugCompileClasspath; :app/project/stagingDebugRuntimeClasspath; :app/project/stagingDebugUnitTestCompileClasspath; :app/project/stagingDebugUnitTestRuntimeClasspath; :app/project/stagingReleaseCompileClasspath; :app/project/stagingReleaseRuntimeClasspath; :app/project/stagingReleaseUnitTestCompileClasspath; :app/project/stagingReleaseUnitTestRuntimeClasspath","androidx.drawerlayout:drawerlayout:1.0.0; androidx.viewpager:viewpager:1.0.0","","Retain pending scoped work packages; no OSV match is not security clearance"
"androidx.databinding:databinding-common:8.13.2",":/buildscript/classpath","androidx.databinding:databinding-compiler-common:8.13.2; com.android.tools.build:gradle:8.13.2","","Retain pending scoped work packages; no OSV match is not security clearance"
"androidx.databinding:databinding-compiler-common:8.13.2",":/buildscript/classpath","com.android.tools.build:gradle:8.13.2","","Retain pending scoped work packages; no OSV match is not security clearance"
"androidx.drawerlayout:drawerlayout:1.0.0",":app/project/devDebugRuntimeClasspath; :app/project/devDebugUnitTestRuntimeClasspath; :app/project/devReleaseRuntimeClasspath; :app/project/devReleaseUnitTestRuntimeClasspath; :app/project/prodDebugRuntimeClasspath; :app/project/prodDebugUnitTestRuntimeClasspath; :app/project/prodReleaseRuntimeClasspath; :app/project/prodReleaseUnitTestRuntimeClasspath; :app/project/qaDebugRuntimeClasspath; :app/project/qaDebugUnitTestRuntimeClasspath; :app/project/qaReleaseRuntimeClasspath; :app/project/qaReleaseUnitTestRuntimeClasspath; :app/project/stagingDebugRuntimeClasspath; :app/project/stagingDebugUnitTestRuntimeClasspath; :app/project/stagingReleaseRuntimeClasspath; :app/project/stagingReleaseUnitTestRuntimeClasspath","androidx.appcompat:appcompat:1.2.0","","Retain pending scoped work packages; no OSV match is not security clearance"
"androidx.emoji2:emoji2:1.3.0",":app/project/devDebugAndroidTestRuntimeClasspath; :app/project/devDebugRuntimeClasspath; :app/project/devDebugUnitTestRuntimeClasspath; :app/project/devReleaseRuntimeClasspath; :app/project/devReleaseUnitTestRuntimeClasspath; :app/project/prodDebugAndroidTestRuntimeClasspath; :app/project/prodDebugRuntimeClasspath; :app/project/prodDebugUnitTestRuntimeClasspath; :app/project/prodReleaseRuntimeClasspath; :app/project/prodReleaseUnitTestRuntimeClasspath; :app/project/qaDebugAndroidTestRuntimeClasspath; :app/project/qaDebugRuntimeClasspath; :app/project/qaDebugUnitTestRuntimeClasspath; :app/project/qaReleaseRuntimeClasspath; :app/project/qaReleaseUnitTestRuntimeClasspath; :app/project/stagingDebugAndroidTestRuntimeClasspath; :app/project/stagingDebugRuntimeClasspath; :app/project/stagingDebugUnitTestRuntimeClasspath; :app/project/stagingReleaseRuntimeClasspath; :app/project/stagingReleaseUnitTestRuntimeClasspath","androidx.compose.foundation:foundation-android:1.7.6; androidx.compose.ui:ui-android:1.7.6; androidx.compose.ui:ui-text-android:1.7.6","","Retain pending scoped work packages; no OSV match is not security clearance"
"androidx.exifinterface:exifinterface:1.3.2",":app/project/devDebugRuntimeClasspath; :app/project/devDebugUnitTestRuntimeClasspath; :app/project/devReleaseRuntimeClasspath; :app/project/devReleaseUnitTestRuntimeClasspath; :app/project/prodDebugRuntimeClasspath; :app/project/prodDebugUnitTestRuntimeClasspath; :app/project/prodReleaseRuntimeClasspath; :app/project/prodReleaseUnitTestRuntimeClasspath; :app/project/qaDebugRuntimeClasspath; :app/project/qaDebugUnitTestRuntimeClasspath; :app/project/qaReleaseRuntimeClasspath; :app/project/qaReleaseUnitTestRuntimeClasspath; :app/project/stagingDebugRuntimeClasspath; :app/project/stagingDebugUnitTestRuntimeClasspath; :app/project/stagingReleaseRuntimeClasspath; :app/project/stagingReleaseUnitTestRuntimeClasspath","androidx.camera:camera-core:1.4.1","","Retain pending scoped work packages; no OSV match is not security clearance"
"androidx.fragment:fragment:1.5.1",":app/project/devDebugAndroidTestCompileClasspath; :app/project/devDebugCompileClasspath; :app/project/devDebugRuntimeClasspath; :app/project/devDebugUnitTestCompileClasspath; :app/project/devDebugUnitTestRuntimeClasspath; :app/project/devReleaseCompileClasspath; :app/project/devReleaseRuntimeClasspath; :app/project/devReleaseUnitTestCompileClasspath; :app/project/devReleaseUnitTestRuntimeClasspath; :app/project/prodDebugAndroidTestCompileClasspath; :app/project/prodDebugCompileClasspath; :app/project/prodDebugRuntimeClasspath; :app/project/prodDebugUnitTestCompileClasspath; :app/project/prodDebugUnitTestRuntimeClasspath; :app/project/prodReleaseCompileClasspath; :app/project/prodReleaseRuntimeClasspath; :app/project/prodReleaseUnitTestCompileClasspath; :app/project/prodReleaseUnitTestRuntimeClasspath; :app/project/qaDebugAndroidTestCompileClasspath; :app/project/qaDebugCompileClasspath; :app/project/qaDebugRuntimeClasspath; :app/project/qaDebugUnitTestCompileClasspath; :app/project/qaDebugUnitTestRuntimeClasspath; :app/project/qaReleaseCompileClasspath; :app/project/qaReleaseRuntimeClasspath; :app/project/qaReleaseUnitTestCompileClasspath; :app/project/qaReleaseUnitTestRuntimeClasspath; :app/project/stagingDebugAndroidTestCompileClasspath; :app/project/stagingDebugCompileClasspath; :app/project/stagingDebugRuntimeClasspath; :app/project/stagingDebugUnitTestCompileClasspath; :app/project/stagingDebugUnitTestRuntimeClasspath; :app/project/stagingReleaseCompileClasspath; :app/project/stagingReleaseRuntimeClasspath; :app/project/stagingReleaseUnitTestCompileClasspath; :app/project/stagingReleaseUnitTestRuntimeClasspath","androidx.appcompat:appcompat:1.2.0; androidx.biometric:biometric:1.1.0; com.google.dagger:hilt-android:2.56.2","","Retain pending scoped work packages; no OSV match is not security clearance"
"androidx.graphics:graphics-path:1.0.1",":app/project/devDebugAndroidTestRuntimeClasspath; :app/project/devDebugRuntimeClasspath; :app/project/devDebugUnitTestRuntimeClasspath; :app/project/devReleaseRuntimeClasspath; :app/project/devReleaseUnitTestRuntimeClasspath; :app/project/prodDebugAndroidTestRuntimeClasspath; :app/project/prodDebugRuntimeClasspath; :app/project/prodDebugUnitTestRuntimeClasspath; :app/project/prodReleaseRuntimeClasspath; :app/project/prodReleaseUnitTestRuntimeClasspath; :app/project/qaDebugAndroidTestRuntimeClasspath; :app/project/qaDebugRuntimeClasspath; :app/project/qaDebugUnitTestRuntimeClasspath; :app/project/qaReleaseRuntimeClasspath; :app/project/qaReleaseUnitTestRuntimeClasspath; :app/project/stagingDebugAndroidTestRuntimeClasspath; :app/project/stagingDebugRuntimeClasspath; :app/project/stagingDebugUnitTestRuntimeClasspath; :app/project/stagingReleaseRuntimeClasspath; :app/project/stagingReleaseUnitTestRuntimeClasspath","androidx.compose.ui:ui-graphics-android:1.7.6","","Retain pending scoped work packages; no OSV match is not security clearance"
"androidx.hilt:hilt-navigation-compose:1.2.0",":app/project/devDebugAndroidTestCompileClasspath; :app/project/devDebugCompileClasspath; :app/project/devDebugRuntimeClasspath; :app/project/devDebugUnitTestCompileClasspath; :app/project/devDebugUnitTestRuntimeClasspath; :app/project/devReleaseCompileClasspath; :app/project/devReleaseRuntimeClasspath; :app/project/devReleaseUnitTestCompileClasspath; :app/project/devReleaseUnitTestRuntimeClasspath; :app/project/prodDebugAndroidTestCompileClasspath; :app/project/prodDebugCompileClasspath; :app/project/prodDebugRuntimeClasspath; :app/project/prodDebugUnitTestCompileClasspath; :app/project/prodDebugUnitTestRuntimeClasspath; :app/project/prodReleaseCompileClasspath; :app/project/prodReleaseRuntimeClasspath; :app/project/prodReleaseUnitTestCompileClasspath; :app/project/prodReleaseUnitTestRuntimeClasspath; :app/project/qaDebugAndroidTestCompileClasspath; :app/project/qaDebugCompileClasspath; :app/project/qaDebugRuntimeClasspath; :app/project/qaDebugUnitTestCompileClasspath; :app/project/qaDebugUnitTestRuntimeClasspath; :app/project/qaReleaseCompileClasspath; :app/project/qaReleaseRuntimeClasspath; :app/project/qaReleaseUnitTestCompileClasspath; :app/project/qaReleaseUnitTestRuntimeClasspath; :app/project/stagingDebugAndroidTestCompileClasspath; :app/project/stagingDebugCompileClasspath; :app/project/stagingDebugRuntimeClasspath; :app/project/stagingDebugUnitTestCompileClasspath; :app/project/stagingDebugUnitTestRuntimeClasspath; :app/project/stagingReleaseCompileClasspath; :app/project/stagingReleaseRuntimeClasspath; :app/project/stagingReleaseUnitTestCompileClasspath; :app/project/stagingReleaseUnitTestRuntimeClasspath","project :app","","Retain pending scoped work packages; no OSV match is not security clearance"
"androidx.hilt:hilt-navigation:1.2.0",":app/project/devDebugAndroidTestCompileClasspath; :app/project/devDebugCompileClasspath; :app/project/devDebugRuntimeClasspath; :app/project/devDebugUnitTestCompileClasspath; :app/project/devDebugUnitTestRuntimeClasspath; :app/project/devReleaseCompileClasspath; :app/project/devReleaseRuntimeClasspath; :app/project/devReleaseUnitTestCompileClasspath; :app/project/devReleaseUnitTestRuntimeClasspath; :app/project/prodDebugAndroidTestCompileClasspath; :app/project/prodDebugCompileClasspath; :app/project/prodDebugRuntimeClasspath; :app/project/prodDebugUnitTestCompileClasspath; :app/project/prodDebugUnitTestRuntimeClasspath; :app/project/prodReleaseCompileClasspath; :app/project/prodReleaseRuntimeClasspath; :app/project/prodReleaseUnitTestCompileClasspath; :app/project/prodReleaseUnitTestRuntimeClasspath; :app/project/qaDebugAndroidTestCompileClasspath; :app/project/qaDebugCompileClasspath; :app/project/qaDebugRuntimeClasspath; :app/project/qaDebugUnitTestCompileClasspath; :app/project/qaDebugUnitTestRuntimeClasspath; :app/project/qaReleaseCompileClasspath; :app/project/qaReleaseRuntimeClasspath; :app/project/qaReleaseUnitTestCompileClasspath; :app/project/qaReleaseUnitTestRuntimeClasspath; :app/project/stagingDebugAndroidTestCompileClasspath; :app/project/stagingDebugCompileClasspath; :app/project/stagingDebugRuntimeClasspath; :app/project/stagingDebugUnitTestCompileClasspath; :app/project/stagingDebugUnitTestRuntimeClasspath; :app/project/stagingReleaseCompileClasspath; :app/project/stagingReleaseRuntimeClasspath; :app/project/stagingReleaseUnitTestCompileClasspath; :app/project/stagingReleaseUnitTestRuntimeClasspath","androidx.hilt:hilt-navigation-compose:1.2.0","","Retain pending scoped work packages; no OSV match is not security clearance"
"androidx.interpolator:interpolator:1.0.0",":app/project/devDebugAndroidTestRuntimeClasspath; :app/project/devDebugRuntimeClasspath; :app/project/devDebugUnitTestRuntimeClasspath; :app/project/devReleaseRuntimeClasspath; :app/project/devReleaseUnitTestRuntimeClasspath; :app/project/prodDebugAndroidTestRuntimeClasspath; :app/project/prodDebugRuntimeClasspath; :app/project/prodDebugUnitTestRuntimeClasspath; :app/project/prodReleaseRuntimeClasspath; :app/project/prodReleaseUnitTestRuntimeClasspath; :app/project/qaDebugAndroidTestRuntimeClasspath; :app/project/qaDebugRuntimeClasspath; :app/project/qaDebugUnitTestRuntimeClasspath; :app/project/qaReleaseRuntimeClasspath; :app/project/qaReleaseUnitTestRuntimeClasspath; :app/project/stagingDebugAndroidTestRuntimeClasspath; :app/project/stagingDebugRuntimeClasspath; :app/project/stagingDebugUnitTestRuntimeClasspath; :app/project/stagingReleaseRuntimeClasspath; :app/project/stagingReleaseUnitTestRuntimeClasspath","androidx.core:core:1.15.0; androidx.vectordrawable:vectordrawable-animated:1.1.0","","Retain pending scoped work packages; no OSV match is not security clearance"
"androidx.lifecycle:lifecycle-common-java8:2.8.7",":app/project/devDebugRuntimeClasspath; :app/project/devDebugUnitTestRuntimeClasspath; :app/project/devReleaseRuntimeClasspath; :app/project/devReleaseUnitTestRuntimeClasspath; :app/project/prodDebugRuntimeClasspath; :app/project/prodDebugUnitTestRuntimeClasspath; :app/project/prodReleaseRuntimeClasspath; :app/project/prodReleaseUnitTestRuntimeClasspath; :app/project/qaDebugRuntimeClasspath; :app/project/qaDebugUnitTestRuntimeClasspath; :app/project/qaReleaseRuntimeClasspath; :app/project/qaReleaseUnitTestRuntimeClasspath; :app/project/stagingDebugRuntimeClasspath; :app/project/stagingDebugUnitTestRuntimeClasspath; :app/project/stagingReleaseRuntimeClasspath; :app/project/stagingReleaseUnitTestRuntimeClasspath","androidx.compose.material3:material3-android:1.3.1; androidx.navigation:navigation-compose:2.5.1","","Retain pending scoped work packages; no OSV match is not security clearance"
"androidx.lifecycle:lifecycle-common-jvm:2.8.7",":app/project/devDebugAndroidTestCompileClasspath; :app/project/devDebugAndroidTestRuntimeClasspath; :app/project/devDebugCompileClasspath; :app/project/devDebugRuntimeClasspath; :app/project/devDebugUnitTestCompileClasspath; :app/project/devDebugUnitTestRuntimeClasspath; :app/project/devReleaseCompileClasspath; :app/project/devReleaseRuntimeClasspath; :app/project/devReleaseUnitTestCompileClasspath; :app/project/devReleaseUnitTestRuntimeClasspath; :app/project/prodDebugAndroidTestCompileClasspath; :app/project/prodDebugAndroidTestRuntimeClasspath; :app/project/prodDebugCompileClasspath; :app/project/prodDebugRuntimeClasspath; :app/project/prodDebugUnitTestCompileClasspath; :app/project/prodDebugUnitTestRuntimeClasspath; :app/project/prodReleaseCompileClasspath; :app/project/prodReleaseRuntimeClasspath; :app/project/prodReleaseUnitTestCompileClasspath; :app/project/prodReleaseUnitTestRuntimeClasspath; :app/project/qaDebugAndroidTestCompileClasspath; :app/project/qaDebugAndroidTestRuntimeClasspath; :app/project/qaDebugCompileClasspath; :app/project/qaDebugRuntimeClasspath; :app/project/qaDebugUnitTestCompileClasspath; :app/project/qaDebugUnitTestRuntimeClasspath; :app/project/qaReleaseCompileClasspath; :app/project/qaReleaseRuntimeClasspath; :app/project/qaReleaseUnitTestCompileClasspath; :app/project/qaReleaseUnitTestRuntimeClasspath; :app/project/stagingDebugAndroidTestCompileClasspath; :app/project/stagingDebugAndroidTestRuntimeClasspath; :app/project/stagingDebugCompileClasspath; :app/project/stagingDebugRuntimeClasspath; :app/project/stagingDebugUnitTestCompileClasspath; :app/project/stagingDebugUnitTestRuntimeClasspath; :app/project/stagingReleaseCompileClasspath; :app/project/stagingReleaseRuntimeClasspath; :app/project/stagingReleaseUnitTestCompileClasspath; :app/project/stagingReleaseUnitTestRuntimeClasspath","androidx.lifecycle:lifecycle-common:2.8.7","","Retain pending scoped work packages; no OSV match is not security clearance"
"androidx.lifecycle:lifecycle-common:2.8.7",":app/project/devDebugAndroidTestCompileClasspath; :app/project/devDebugAndroidTestRuntimeClasspath; :app/project/devDebugCompileClasspath; :app/project/devDebugRuntimeClasspath; :app/project/devDebugUnitTestCompileClasspath; :app/project/devDebugUnitTestRuntimeClasspath; :app/project/devReleaseCompileClasspath; :app/project/devReleaseRuntimeClasspath; :app/project/devReleaseUnitTestCompileClasspath; :app/project/devReleaseUnitTestRuntimeClasspath; :app/project/prodDebugAndroidTestCompileClasspath; :app/project/prodDebugAndroidTestRuntimeClasspath; :app/project/prodDebugCompileClasspath; :app/project/prodDebugRuntimeClasspath; :app/project/prodDebugUnitTestCompileClasspath; :app/project/prodDebugUnitTestRuntimeClasspath; :app/project/prodReleaseCompileClasspath; :app/project/prodReleaseRuntimeClasspath; :app/project/prodReleaseUnitTestCompileClasspath; :app/project/prodReleaseUnitTestRuntimeClasspath; :app/project/qaDebugAndroidTestCompileClasspath; :app/project/qaDebugAndroidTestRuntimeClasspath; :app/project/qaDebugCompileClasspath; :app/project/qaDebugRuntimeClasspath; :app/project/qaDebugUnitTestCompileClasspath; :app/project/qaDebugUnitTestRuntimeClasspath; :app/project/qaReleaseCompileClasspath; :app/project/qaReleaseRuntimeClasspath; :app/project/qaReleaseUnitTestCompileClasspath; :app/project/qaReleaseUnitTestRuntimeClasspath; :app/project/stagingDebugAndroidTestCompileClasspath; :app/project/stagingDebugAndroidTestRuntimeClasspath; :app/project/stagingDebugCompileClasspath; :app/project/stagingDebugRuntimeClasspath; :app/project/stagingDebugUnitTestCompileClasspath; :app/project/stagingDebugUnitTestRuntimeClasspath; :app/project/stagingReleaseCompileClasspath; :app/project/stagingReleaseRuntimeClasspath; :app/project/stagingReleaseUnitTestCompileClasspath; :app/project/stagingReleaseUnitTestRuntimeClasspath","androidx.camera:camera-core:1.4.1; androidx.camera:camera-lifecycle:1.4.1; androidx.compose.ui:ui-test-junit4-android:1.7.6; androidx.lifecycle:lifecycle-common-java8:2.8.7; androidx.lifecycle:lifecycle-livedata-core:2.8.7; androidx.lifecycle:lifecycle-runtime-android:2.8.7; androidx.lifecycle:lifecycle-viewmodel-compose-android:2.8.7; androidx.savedstate:savedstate:1.2.1; androidx.test:core-ktx:1.6.1; androidx.test:core:1.6.1; com.google.dagger:hilt-android:2.56.2","","Retain pending scoped work packages; no OSV match is not security clearance"
"androidx.lifecycle:lifecycle-livedata-core-ktx:2.8.7",":app/project/devDebugAndroidTestCompileClasspath; :app/project/devDebugCompileClasspath; :app/project/devDebugRuntimeClasspath; :app/project/devDebugUnitTestCompileClasspath; :app/project/devDebugUnitTestRuntimeClasspath; :app/project/devReleaseCompileClasspath; :app/project/devReleaseRuntimeClasspath; :app/project/devReleaseUnitTestCompileClasspath; :app/project/devReleaseUnitTestRuntimeClasspath; :app/project/prodDebugAndroidTestCompileClasspath; :app/project/prodDebugCompileClasspath; :app/project/prodDebugRuntimeClasspath; :app/project/prodDebugUnitTestCompileClasspath; :app/project/prodDebugUnitTestRuntimeClasspath; :app/project/prodReleaseCompileClasspath; :app/project/prodReleaseRuntimeClasspath; :app/project/prodReleaseUnitTestCompileClasspath; :app/project/prodReleaseUnitTestRuntimeClasspath; :app/project/qaDebugAndroidTestCompileClasspath; :app/project/qaDebugCompileClasspath; :app/project/qaDebugRuntimeClasspath; :app/project/qaDebugUnitTestCompileClasspath; :app/project/qaDebugUnitTestRuntimeClasspath; :app/project/qaReleaseCompileClasspath; :app/project/qaReleaseRuntimeClasspath; :app/project/qaReleaseUnitTestCompileClasspath; :app/project/qaReleaseUnitTestRuntimeClasspath; :app/project/stagingDebugAndroidTestCompileClasspath; :app/project/stagingDebugCompileClasspath; :app/project/stagingDebugRuntimeClasspath; :app/project/stagingDebugUnitTestCompileClasspath; :app/project/stagingDebugUnitTestRuntimeClasspath; :app/project/stagingReleaseCompileClasspath; :app/project/stagingReleaseRuntimeClasspath; :app/project/stagingReleaseUnitTestCompileClasspath; :app/project/stagingReleaseUnitTestRuntimeClasspath","androidx.lifecycle:lifecycle-livedata:2.8.7","","Retain pending scoped work packages; no OSV match is not security clearance"
"androidx.lifecycle:lifecycle-livedata-core:2.8.7",":app/project/devDebugAndroidTestCompileClasspath; :app/project/devDebugAndroidTestRuntimeClasspath; :app/project/devDebugCompileClasspath; :app/project/devDebugRuntimeClasspath; :app/project/devDebugUnitTestCompileClasspath; :app/project/devDebugUnitTestRuntimeClasspath; :app/project/devReleaseCompileClasspath; :app/project/devReleaseRuntimeClasspath; :app/project/devReleaseUnitTestCompileClasspath; :app/project/devReleaseUnitTestRuntimeClasspath; :app/project/prodDebugAndroidTestCompileClasspath; :app/project/prodDebugAndroidTestRuntimeClasspath; :app/project/prodDebugCompileClasspath; :app/project/prodDebugRuntimeClasspath; :app/project/prodDebugUnitTestCompileClasspath; :app/project/prodDebugUnitTestRuntimeClasspath; :app/project/prodReleaseCompileClasspath; :app/project/prodReleaseRuntimeClasspath; :app/project/prodReleaseUnitTestCompileClasspath; :app/project/prodReleaseUnitTestRuntimeClasspath; :app/project/qaDebugAndroidTestCompileClasspath; :app/project/qaDebugAndroidTestRuntimeClasspath; :app/project/qaDebugCompileClasspath; :app/project/qaDebugRuntimeClasspath; :app/project/qaDebugUnitTestCompileClasspath; :app/project/qaDebugUnitTestRuntimeClasspath; :app/project/qaReleaseCompileClasspath; :app/project/qaReleaseRuntimeClasspath; :app/project/qaReleaseUnitTestCompileClasspath; :app/project/qaReleaseUnitTestRuntimeClasspath; :app/project/stagingDebugAndroidTestCompileClasspath; :app/project/stagingDebugAndroidTestRuntimeClasspath; :app/project/stagingDebugCompileClasspath; :app/project/stagingDebugRuntimeClasspath; :app/project/stagingDebugUnitTestCompileClasspath; :app/project/stagingDebugUnitTestRuntimeClasspath; :app/project/stagingReleaseCompileClasspath; :app/project/stagingReleaseRuntimeClasspath; :app/project/stagingReleaseUnitTestCompileClasspath; :app/project/stagingReleaseUnitTestRuntimeClasspath","androidx.biometric:biometric:1.1.0; androidx.fragment:fragment:1.5.1; androidx.lifecycle:lifecycle-livedata-core-ktx:2.8.7; androidx.lifecycle:lifecycle-livedata:2.8.7; androidx.lifecycle:lifecycle-viewmodel-savedstate:2.8.7","","Retain pending scoped work packages; no OSV match is not security clearance"
"androidx.lifecycle:lifecycle-livedata:2.8.7",":app/project/devDebugAndroidTestCompileClasspath; :app/project/devDebugCompileClasspath; :app/project/devDebugRuntimeClasspath; :app/project/devDebugUnitTestCompileClasspath; :app/project/devDebugUnitTestRuntimeClasspath; :app/project/devReleaseCompileClasspath; :app/project/devReleaseRuntimeClasspath; :app/project/devReleaseUnitTestCompileClasspath; :app/project/devReleaseUnitTestRuntimeClasspath; :app/project/prodDebugAndroidTestCompileClasspath; :app/project/prodDebugCompileClasspath; :app/project/prodDebugRuntimeClasspath; :app/project/prodDebugUnitTestCompileClasspath; :app/project/prodDebugUnitTestRuntimeClasspath; :app/project/prodReleaseCompileClasspath; :app/project/prodReleaseRuntimeClasspath; :app/project/prodReleaseUnitTestCompileClasspath; :app/project/prodReleaseUnitTestRuntimeClasspath; :app/project/qaDebugAndroidTestCompileClasspath; :app/project/qaDebugCompileClasspath; :app/project/qaDebugRuntimeClasspath; :app/project/qaDebugUnitTestCompileClasspath; :app/project/qaDebugUnitTestRuntimeClasspath; :app/project/qaReleaseCompileClasspath; :app/project/qaReleaseRuntimeClasspath; :app/project/qaReleaseUnitTestCompileClasspath; :app/project/qaReleaseUnitTestRuntimeClasspath; :app/project/stagingDebugAndroidTestCompileClasspath; :app/project/stagingDebugCompileClasspath; :app/project/stagingDebugRuntimeClasspath; :app/project/stagingDebugUnitTestCompileClasspath; :app/project/stagingDebugUnitTestRuntimeClasspath; :app/project/stagingReleaseCompileClasspath; :app/project/stagingReleaseRuntimeClasspath; :app/project/stagingReleaseUnitTestCompileClasspath; :app/project/stagingReleaseUnitTestRuntimeClasspath","androidx.camera:camera-core:1.4.1; androidx.loader:loader:1.0.0","","Retain pending scoped work packages; no OSV match is not security clearance"
"androidx.lifecycle:lifecycle-process:2.8.7",":app/project/devDebugAndroidTestRuntimeClasspath; :app/project/devDebugRuntimeClasspath; :app/project/devDebugUnitTestRuntimeClasspath; :app/project/devReleaseRuntimeClasspath; :app/project/devReleaseUnitTestRuntimeClasspath; :app/project/prodDebugAndroidTestRuntimeClasspath; :app/project/prodDebugRuntimeClasspath; :app/project/prodDebugUnitTestRuntimeClasspath; :app/project/prodReleaseRuntimeClasspath; :app/project/prodReleaseUnitTestRuntimeClasspath; :app/project/qaDebugAndroidTestRuntimeClasspath; :app/project/qaDebugRuntimeClasspath; :app/project/qaDebugUnitTestRuntimeClasspath; :app/project/qaReleaseRuntimeClasspath; :app/project/qaReleaseUnitTestRuntimeClasspath; :app/project/stagingDebugAndroidTestRuntimeClasspath; :app/project/stagingDebugRuntimeClasspath; :app/project/stagingDebugUnitTestRuntimeClasspath; :app/project/stagingReleaseRuntimeClasspath; :app/project/stagingReleaseUnitTestRuntimeClasspath","androidx.emoji2:emoji2:1.3.0","","Retain pending scoped work packages; no OSV match is not security clearance"
"androidx.lifecycle:lifecycle-runtime-android:2.8.7",":app/project/devDebugAndroidTestCompileClasspath; :app/project/devDebugAndroidTestRuntimeClasspath; :app/project/devDebugCompileClasspath; :app/project/devDebugRuntimeClasspath; :app/project/devDebugUnitTestCompileClasspath; :app/project/devDebugUnitTestRuntimeClasspath; :app/project/devReleaseCompileClasspath; :app/project/devReleaseRuntimeClasspath; :app/project/devReleaseUnitTestCompileClasspath; :app/project/devReleaseUnitTestRuntimeClasspath; :app/project/prodDebugAndroidTestCompileClasspath; :app/project/prodDebugAndroidTestRuntimeClasspath; :app/project/prodDebugCompileClasspath; :app/project/prodDebugRuntimeClasspath; :app/project/prodDebugUnitTestCompileClasspath; :app/project/prodDebugUnitTestRuntimeClasspath; :app/project/prodReleaseCompileClasspath; :app/project/prodReleaseRuntimeClasspath; :app/project/prodReleaseUnitTestCompileClasspath; :app/project/prodReleaseUnitTestRuntimeClasspath; :app/project/qaDebugAndroidTestCompileClasspath; :app/project/qaDebugAndroidTestRuntimeClasspath; :app/project/qaDebugCompileClasspath; :app/project/qaDebugRuntimeClasspath; :app/project/qaDebugUnitTestCompileClasspath; :app/project/qaDebugUnitTestRuntimeClasspath; :app/project/qaReleaseCompileClasspath; :app/project/qaReleaseRuntimeClasspath; :app/project/qaReleaseUnitTestCompileClasspath; :app/project/qaReleaseUnitTestRuntimeClasspath; :app/project/stagingDebugAndroidTestCompileClasspath; :app/project/stagingDebugAndroidTestRuntimeClasspath; :app/project/stagingDebugCompileClasspath; :app/project/stagingDebugRuntimeClasspath; :app/project/stagingDebugUnitTestCompileClasspath; :app/project/stagingDebugUnitTestRuntimeClasspath; :app/project/stagingReleaseCompileClasspath; :app/project/stagingReleaseRuntimeClasspath; :app/project/stagingReleaseUnitTestCompileClasspath; :app/project/stagingReleaseUnitTestRuntimeClasspath","androidx.lifecycle:lifecycle-runtime:2.8.7","","Retain pending scoped work packages; no OSV match is not security clearance"
"androidx.lifecycle:lifecycle-runtime-compose-android:2.8.7",":app/project/devDebugAndroidTestCompileClasspath; :app/project/devDebugAndroidTestRuntimeClasspath; :app/project/devDebugCompileClasspath; :app/project/devDebugRuntimeClasspath; :app/project/devDebugUnitTestCompileClasspath; :app/project/devDebugUnitTestRuntimeClasspath; :app/project/devReleaseCompileClasspath; :app/project/devReleaseRuntimeClasspath; :app/project/devReleaseUnitTestCompileClasspath; :app/project/devReleaseUnitTestRuntimeClasspath; :app/project/prodDebugAndroidTestCompileClasspath; :app/project/prodDebugAndroidTestRuntimeClasspath; :app/project/prodDebugCompileClasspath; :app/project/prodDebugRuntimeClasspath; :app/project/prodDebugUnitTestCompileClasspath; :app/project/prodDebugUnitTestRuntimeClasspath; :app/project/prodReleaseCompileClasspath; :app/project/prodReleaseRuntimeClasspath; :app/project/prodReleaseUnitTestCompileClasspath; :app/project/prodReleaseUnitTestRuntimeClasspath; :app/project/qaDebugAndroidTestCompileClasspath; :app/project/qaDebugAndroidTestRuntimeClasspath; :app/project/qaDebugCompileClasspath; :app/project/qaDebugRuntimeClasspath; :app/project/qaDebugUnitTestCompileClasspath; :app/project/qaDebugUnitTestRuntimeClasspath; :app/project/qaReleaseCompileClasspath; :app/project/qaReleaseRuntimeClasspath; :app/project/qaReleaseUnitTestCompileClasspath; :app/project/qaReleaseUnitTestRuntimeClasspath; :app/project/stagingDebugAndroidTestCompileClasspath; :app/project/stagingDebugAndroidTestRuntimeClasspath; :app/project/stagingDebugCompileClasspath; :app/project/stagingDebugRuntimeClasspath; :app/project/stagingDebugUnitTestCompileClasspath; :app/project/stagingDebugUnitTestRuntimeClasspath; :app/project/stagingReleaseCompileClasspath; :app/project/stagingReleaseRuntimeClasspath; :app/project/stagingReleaseUnitTestCompileClasspath; :app/project/stagingReleaseUnitTestRuntimeClasspath","androidx.lifecycle:lifecycle-runtime-compose:2.8.7","","Retain pending scoped work packages; no OSV match is not security clearance"
"androidx.lifecycle:lifecycle-runtime-compose:2.8.7",":app/project/devDebugAndroidTestCompileClasspath; :app/project/devDebugAndroidTestRuntimeClasspath; :app/project/devDebugCompileClasspath; :app/project/devDebugRuntimeClasspath; :app/project/devDebugUnitTestCompileClasspath; :app/project/devDebugUnitTestRuntimeClasspath; :app/project/devReleaseCompileClasspath; :app/project/devReleaseRuntimeClasspath; :app/project/devReleaseUnitTestCompileClasspath; :app/project/devReleaseUnitTestRuntimeClasspath; :app/project/prodDebugAndroidTestCompileClasspath; :app/project/prodDebugAndroidTestRuntimeClasspath; :app/project/prodDebugCompileClasspath; :app/project/prodDebugRuntimeClasspath; :app/project/prodDebugUnitTestCompileClasspath; :app/project/prodDebugUnitTestRuntimeClasspath; :app/project/prodReleaseCompileClasspath; :app/project/prodReleaseRuntimeClasspath; :app/project/prodReleaseUnitTestCompileClasspath; :app/project/prodReleaseUnitTestRuntimeClasspath; :app/project/qaDebugAndroidTestCompileClasspath; :app/project/qaDebugAndroidTestRuntimeClasspath; :app/project/qaDebugCompileClasspath; :app/project/qaDebugRuntimeClasspath; :app/project/qaDebugUnitTestCompileClasspath; :app/project/qaDebugUnitTestRuntimeClasspath; :app/project/qaReleaseCompileClasspath; :app/project/qaReleaseRuntimeClasspath; :app/project/qaReleaseUnitTestCompileClasspath; :app/project/qaReleaseUnitTestRuntimeClasspath; :app/project/stagingDebugAndroidTestCompileClasspath; :app/project/stagingDebugAndroidTestRuntimeClasspath; :app/project/stagingDebugCompileClasspath; :app/project/stagingDebugRuntimeClasspath; :app/project/stagingDebugUnitTestCompileClasspath; :app/project/stagingDebugUnitTestRuntimeClasspath; :app/project/stagingReleaseCompileClasspath; :app/project/stagingReleaseRuntimeClasspath; :app/project/stagingReleaseUnitTestCompileClasspath; :app/project/stagingReleaseUnitTestRuntimeClasspath","androidx.compose.ui:ui-android:1.7.6","","Retain pending scoped work packages; no OSV match is not security clearance"
"androidx.lifecycle:lifecycle-runtime-ktx-android:2.8.7",":app/project/devDebugAndroidTestCompileClasspath; :app/project/devDebugAndroidTestRuntimeClasspath; :app/project/devDebugCompileClasspath; :app/project/devDebugRuntimeClasspath; :app/project/devDebugUnitTestCompileClasspath; :app/project/devDebugUnitTestRuntimeClasspath; :app/project/devReleaseCompileClasspath; :app/project/devReleaseRuntimeClasspath; :app/project/devReleaseUnitTestCompileClasspath; :app/project/devReleaseUnitTestRuntimeClasspath; :app/project/prodDebugAndroidTestCompileClasspath; :app/project/prodDebugAndroidTestRuntimeClasspath; :app/project/prodDebugCompileClasspath; :app/project/prodDebugRuntimeClasspath; :app/project/prodDebugUnitTestCompileClasspath; :app/project/prodDebugUnitTestRuntimeClasspath; :app/project/prodReleaseCompileClasspath; :app/project/prodReleaseRuntimeClasspath; :app/project/prodReleaseUnitTestCompileClasspath; :app/project/prodReleaseUnitTestRuntimeClasspath; :app/project/qaDebugAndroidTestCompileClasspath; :app/project/qaDebugAndroidTestRuntimeClasspath; :app/project/qaDebugCompileClasspath; :app/project/qaDebugRuntimeClasspath; :app/project/qaDebugUnitTestCompileClasspath; :app/project/qaDebugUnitTestRuntimeClasspath; :app/project/qaReleaseCompileClasspath; :app/project/qaReleaseRuntimeClasspath; :app/project/qaReleaseUnitTestCompileClasspath; :app/project/qaReleaseUnitTestRuntimeClasspath; :app/project/stagingDebugAndroidTestCompileClasspath; :app/project/stagingDebugAndroidTestRuntimeClasspath; :app/project/stagingDebugCompileClasspath; :app/project/stagingDebugRuntimeClasspath; :app/project/stagingDebugUnitTestCompileClasspath; :app/project/stagingDebugUnitTestRuntimeClasspath; :app/project/stagingReleaseCompileClasspath; :app/project/stagingReleaseRuntimeClasspath; :app/project/stagingReleaseUnitTestCompileClasspath; :app/project/stagingReleaseUnitTestRuntimeClasspath","androidx.lifecycle:lifecycle-runtime-ktx:2.8.7","","Retain pending scoped work packages; no OSV match is not security clearance"
"androidx.lifecycle:lifecycle-runtime-ktx:2.8.7",":app/project/devDebugAndroidTestCompileClasspath; :app/project/devDebugAndroidTestRuntimeClasspath; :app/project/devDebugCompileClasspath; :app/project/devDebugRuntimeClasspath; :app/project/devDebugUnitTestCompileClasspath; :app/project/devDebugUnitTestRuntimeClasspath; :app/project/devReleaseCompileClasspath; :app/project/devReleaseRuntimeClasspath; :app/project/devReleaseUnitTestCompileClasspath; :app/project/devReleaseUnitTestRuntimeClasspath; :app/project/prodDebugAndroidTestCompileClasspath; :app/project/prodDebugAndroidTestRuntimeClasspath; :app/project/prodDebugCompileClasspath; :app/project/prodDebugRuntimeClasspath; :app/project/prodDebugUnitTestCompileClasspath; :app/project/prodDebugUnitTestRuntimeClasspath; :app/project/prodReleaseCompileClasspath; :app/project/prodReleaseRuntimeClasspath; :app/project/prodReleaseUnitTestCompileClasspath; :app/project/prodReleaseUnitTestRuntimeClasspath; :app/project/qaDebugAndroidTestCompileClasspath; :app/project/qaDebugAndroidTestRuntimeClasspath; :app/project/qaDebugCompileClasspath; :app/project/qaDebugRuntimeClasspath; :app/project/qaDebugUnitTestCompileClasspath; :app/project/qaDebugUnitTestRuntimeClasspath; :app/project/qaReleaseCompileClasspath; :app/project/qaReleaseRuntimeClasspath; :app/project/qaReleaseUnitTestCompileClasspath; :app/project/qaReleaseUnitTestRuntimeClasspath; :app/project/stagingDebugAndroidTestCompileClasspath; :app/project/stagingDebugAndroidTestRuntimeClasspath; :app/project/stagingDebugCompileClasspath; :app/project/stagingDebugRuntimeClasspath; :app/project/stagingDebugUnitTestCompileClasspath; :app/project/stagingDebugUnitTestRuntimeClasspath; :app/project/stagingReleaseCompileClasspath; :app/project/stagingReleaseRuntimeClasspath; :app/project/stagingReleaseUnitTestCompileClasspath; :app/project/stagingReleaseUnitTestRuntimeClasspath","androidx.activity:activity-ktx:1.9.3; androidx.lifecycle:lifecycle-runtime-compose-android:2.8.7; androidx.navigation:navigation-common:2.5.1; androidx.navigation:navigation-runtime:2.5.1; project :app","","Retain pending scoped work packages; no OSV match is not security clearance"
"androidx.lifecycle:lifecycle-runtime:2.8.7",":app/project/devDebugAndroidTestCompileClasspath; :app/project/devDebugAndroidTestRuntimeClasspath; :app/project/devDebugCompileClasspath; :app/project/devDebugRuntimeClasspath; :app/project/devDebugUnitTestCompileClasspath; :app/project/devDebugUnitTestRuntimeClasspath; :app/project/devReleaseCompileClasspath; :app/project/devReleaseRuntimeClasspath; :app/project/devReleaseUnitTestCompileClasspath; :app/project/devReleaseUnitTestRuntimeClasspath; :app/project/prodDebugAndroidTestCompileClasspath; :app/project/prodDebugAndroidTestRuntimeClasspath; :app/project/prodDebugCompileClasspath; :app/project/prodDebugRuntimeClasspath; :app/project/prodDebugUnitTestCompileClasspath; :app/project/prodDebugUnitTestRuntimeClasspath; :app/project/prodReleaseCompileClasspath; :app/project/prodReleaseRuntimeClasspath; :app/project/prodReleaseUnitTestCompileClasspath; :app/project/prodReleaseUnitTestRuntimeClasspath; :app/project/qaDebugAndroidTestCompileClasspath; :app/project/qaDebugAndroidTestRuntimeClasspath; :app/project/qaDebugCompileClasspath; :app/project/qaDebugRuntimeClasspath; :app/project/qaDebugUnitTestCompileClasspath; :app/project/qaDebugUnitTestRuntimeClasspath; :app/project/qaReleaseCompileClasspath; :app/project/qaReleaseRuntimeClasspath; :app/project/qaReleaseUnitTestCompileClasspath; :app/project/qaReleaseUnitTestRuntimeClasspath; :app/project/stagingDebugAndroidTestCompileClasspath; :app/project/stagingDebugAndroidTestRuntimeClasspath; :app/project/stagingDebugCompileClasspath; :app/project/stagingDebugRuntimeClasspath; :app/project/stagingDebugUnitTestCompileClasspath; :app/project/stagingDebugUnitTestRuntimeClasspath; :app/project/stagingReleaseCompileClasspath; :app/project/stagingReleaseRuntimeClasspath; :app/project/stagingReleaseUnitTestCompileClasspath; :app/project/stagingReleaseUnitTestRuntimeClasspath","androidx.activity:activity:1.9.3; androidx.compose.ui:ui-test-junit4-android:1.7.6; androidx.core:core:1.15.0; androidx.lifecycle:lifecycle-process:2.8.7; androidx.lifecycle:lifecycle-runtime-compose-android:2.8.7; androidx.lifecycle:lifecycle-runtime-ktx-android:2.8.7","","Retain pending scoped work packages; no OSV match is not security clearance"
"androidx.lifecycle:lifecycle-viewmodel-android:2.8.7",":app/project/devDebugAndroidTestCompileClasspath; :app/project/devDebugAndroidTestRuntimeClasspath; :app/project/devDebugCompileClasspath; :app/project/devDebugRuntimeClasspath; :app/project/devDebugUnitTestCompileClasspath; :app/project/devDebugUnitTestRuntimeClasspath; :app/project/devReleaseCompileClasspath; :app/project/devReleaseRuntimeClasspath; :app/project/devReleaseUnitTestCompileClasspath; :app/project/devReleaseUnitTestRuntimeClasspath; :app/project/prodDebugAndroidTestCompileClasspath; :app/project/prodDebugAndroidTestRuntimeClasspath; :app/project/prodDebugCompileClasspath; :app/project/prodDebugRuntimeClasspath; :app/project/prodDebugUnitTestCompileClasspath; :app/project/prodDebugUnitTestRuntimeClasspath; :app/project/prodReleaseCompileClasspath; :app/project/prodReleaseRuntimeClasspath; :app/project/prodReleaseUnitTestCompileClasspath; :app/project/prodReleaseUnitTestRuntimeClasspath; :app/project/qaDebugAndroidTestCompileClasspath; :app/project/qaDebugAndroidTestRuntimeClasspath; :app/project/qaDebugCompileClasspath; :app/project/qaDebugRuntimeClasspath; :app/project/qaDebugUnitTestCompileClasspath; :app/project/qaDebugUnitTestRuntimeClasspath; :app/project/qaReleaseCompileClasspath; :app/project/qaReleaseRuntimeClasspath; :app/project/qaReleaseUnitTestCompileClasspath; :app/project/qaReleaseUnitTestRuntimeClasspath; :app/project/stagingDebugAndroidTestCompileClasspath; :app/project/stagingDebugAndroidTestRuntimeClasspath; :app/project/stagingDebugCompileClasspath; :app/project/stagingDebugRuntimeClasspath; :app/project/stagingDebugUnitTestCompileClasspath; :app/project/stagingDebugUnitTestRuntimeClasspath; :app/project/stagingReleaseCompileClasspath; :app/project/stagingReleaseRuntimeClasspath; :app/project/stagingReleaseUnitTestCompileClasspath; :app/project/stagingReleaseUnitTestRuntimeClasspath","androidx.lifecycle:lifecycle-viewmodel:2.8.7","","Retain pending scoped work packages; no OSV match is not security clearance"
"androidx.lifecycle:lifecycle-viewmodel-compose-android:2.8.7",":app/project/devDebugAndroidTestCompileClasspath; :app/project/devDebugCompileClasspath; :app/project/devDebugRuntimeClasspath; :app/project/devDebugUnitTestCompileClasspath; :app/project/devDebugUnitTestRuntimeClasspath; :app/project/devReleaseCompileClasspath; :app/project/devReleaseRuntimeClasspath; :app/project/devReleaseUnitTestCompileClasspath; :app/project/devReleaseUnitTestRuntimeClasspath; :app/project/prodDebugAndroidTestCompileClasspath; :app/project/prodDebugCompileClasspath; :app/project/prodDebugRuntimeClasspath; :app/project/prodDebugUnitTestCompileClasspath; :app/project/prodDebugUnitTestRuntimeClasspath; :app/project/prodReleaseCompileClasspath; :app/project/prodReleaseRuntimeClasspath; :app/project/prodReleaseUnitTestCompileClasspath; :app/project/prodReleaseUnitTestRuntimeClasspath; :app/project/qaDebugAndroidTestCompileClasspath; :app/project/qaDebugCompileClasspath; :app/project/qaDebugRuntimeClasspath; :app/project/qaDebugUnitTestCompileClasspath; :app/project/qaDebugUnitTestRuntimeClasspath; :app/project/qaReleaseCompileClasspath; :app/project/qaReleaseRuntimeClasspath; :app/project/qaReleaseUnitTestCompileClasspath; :app/project/qaReleaseUnitTestRuntimeClasspath; :app/project/stagingDebugAndroidTestCompileClasspath; :app/project/stagingDebugCompileClasspath; :app/project/stagingDebugRuntimeClasspath; :app/project/stagingDebugUnitTestCompileClasspath; :app/project/stagingDebugUnitTestRuntimeClasspath; :app/project/stagingReleaseCompileClasspath; :app/project/stagingReleaseRuntimeClasspath; :app/project/stagingReleaseUnitTestCompileClasspath; :app/project/stagingReleaseUnitTestRuntimeClasspath","androidx.lifecycle:lifecycle-viewmodel-compose:2.8.7","","Retain pending scoped work packages; no OSV match is not security clearance"
"androidx.lifecycle:lifecycle-viewmodel-compose:2.8.7",":app/project/devDebugAndroidTestCompileClasspath; :app/project/devDebugCompileClasspath; :app/project/devDebugRuntimeClasspath; :app/project/devDebugUnitTestCompileClasspath; :app/project/devDebugUnitTestRuntimeClasspath; :app/project/devReleaseCompileClasspath; :app/project/devReleaseRuntimeClasspath; :app/project/devReleaseUnitTestCompileClasspath; :app/project/devReleaseUnitTestRuntimeClasspath; :app/project/prodDebugAndroidTestCompileClasspath; :app/project/prodDebugCompileClasspath; :app/project/prodDebugRuntimeClasspath; :app/project/prodDebugUnitTestCompileClasspath; :app/project/prodDebugUnitTestRuntimeClasspath; :app/project/prodReleaseCompileClasspath; :app/project/prodReleaseRuntimeClasspath; :app/project/prodReleaseUnitTestCompileClasspath; :app/project/prodReleaseUnitTestRuntimeClasspath; :app/project/qaDebugAndroidTestCompileClasspath; :app/project/qaDebugCompileClasspath; :app/project/qaDebugRuntimeClasspath; :app/project/qaDebugUnitTestCompileClasspath; :app/project/qaDebugUnitTestRuntimeClasspath; :app/project/qaReleaseCompileClasspath; :app/project/qaReleaseRuntimeClasspath; :app/project/qaReleaseUnitTestCompileClasspath; :app/project/qaReleaseUnitTestRuntimeClasspath; :app/project/stagingDebugAndroidTestCompileClasspath; :app/project/stagingDebugCompileClasspath; :app/project/stagingDebugRuntimeClasspath; :app/project/stagingDebugUnitTestCompileClasspath; :app/project/stagingDebugUnitTestRuntimeClasspath; :app/project/stagingReleaseCompileClasspath; :app/project/stagingReleaseRuntimeClasspath; :app/project/stagingReleaseUnitTestCompileClasspath; :app/project/stagingReleaseUnitTestRuntimeClasspath","androidx.hilt:hilt-navigation-compose:1.2.0; androidx.navigation:navigation-compose:2.5.1; project :app","","Retain pending scoped work packages; no OSV match is not security clearance"
"androidx.lifecycle:lifecycle-viewmodel-ktx:2.8.7",":app/project/devDebugAndroidTestCompileClasspath; :app/project/devDebugAndroidTestRuntimeClasspath; :app/project/devDebugCompileClasspath; :app/project/devDebugRuntimeClasspath; :app/project/devDebugUnitTestCompileClasspath; :app/project/devDebugUnitTestRuntimeClasspath; :app/project/devReleaseCompileClasspath; :app/project/devReleaseRuntimeClasspath; :app/project/devReleaseUnitTestCompileClasspath; :app/project/devReleaseUnitTestRuntimeClasspath; :app/project/prodDebugAndroidTestCompileClasspath; :app/project/prodDebugAndroidTestRuntimeClasspath; :app/project/prodDebugCompileClasspath; :app/project/prodDebugRuntimeClasspath; :app/project/prodDebugUnitTestCompileClasspath; :app/project/prodDebugUnitTestRuntimeClasspath; :app/project/prodReleaseCompileClasspath; :app/project/prodReleaseRuntimeClasspath; :app/project/prodReleaseUnitTestCompileClasspath; :app/project/prodReleaseUnitTestRuntimeClasspath; :app/project/qaDebugAndroidTestCompileClasspath; :app/project/qaDebugAndroidTestRuntimeClasspath; :app/project/qaDebugCompileClasspath; :app/project/qaDebugRuntimeClasspath; :app/project/qaDebugUnitTestCompileClasspath; :app/project/qaDebugUnitTestRuntimeClasspath; :app/project/qaReleaseCompileClasspath; :app/project/qaReleaseRuntimeClasspath; :app/project/qaReleaseUnitTestCompileClasspath; :app/project/qaReleaseUnitTestRuntimeClasspath; :app/project/stagingDebugAndroidTestCompileClasspath; :app/project/stagingDebugAndroidTestRuntimeClasspath; :app/project/stagingDebugCompileClasspath; :app/project/stagingDebugRuntimeClasspath; :app/project/stagingDebugUnitTestCompileClasspath; :app/project/stagingDebugUnitTestRuntimeClasspath; :app/project/stagingReleaseCompileClasspath; :app/project/stagingReleaseRuntimeClasspath; :app/project/stagingReleaseUnitTestCompileClasspath; :app/project/stagingReleaseUnitTestRuntimeClasspath","androidx.activity:activity-ktx:1.9.3; androidx.navigation:navigation-common:2.5.1; androidx.navigation:navigation-runtime:2.5.1","","Retain pending scoped work packages; no OSV match is not security clearance"
"androidx.lifecycle:lifecycle-viewmodel-savedstate:2.8.7",":app/project/devDebugAndroidTestCompileClasspath; :app/project/devDebugAndroidTestRuntimeClasspath; :app/project/devDebugCompileClasspath; :app/project/devDebugRuntimeClasspath; :app/project/devDebugUnitTestCompileClasspath; :app/project/devDebugUnitTestRuntimeClasspath; :app/project/devReleaseCompileClasspath; :app/project/devReleaseRuntimeClasspath; :app/project/devReleaseUnitTestCompileClasspath; :app/project/devReleaseUnitTestRuntimeClasspath; :app/project/prodDebugAndroidTestCompileClasspath; :app/project/prodDebugAndroidTestRuntimeClasspath; :app/project/prodDebugCompileClasspath; :app/project/prodDebugRuntimeClasspath; :app/project/prodDebugUnitTestCompileClasspath; :app/project/prodDebugUnitTestRuntimeClasspath; :app/project/prodReleaseCompileClasspath; :app/project/prodReleaseRuntimeClasspath; :app/project/prodReleaseUnitTestCompileClasspath; :app/project/prodReleaseUnitTestRuntimeClasspath; :app/project/qaDebugAndroidTestCompileClasspath; :app/project/qaDebugAndroidTestRuntimeClasspath; :app/project/qaDebugCompileClasspath; :app/project/qaDebugRuntimeClasspath; :app/project/qaDebugUnitTestCompileClasspath; :app/project/qaDebugUnitTestRuntimeClasspath; :app/project/qaReleaseCompileClasspath; :app/project/qaReleaseRuntimeClasspath; :app/project/qaReleaseUnitTestCompileClasspath; :app/project/qaReleaseUnitTestRuntimeClasspath; :app/project/stagingDebugAndroidTestCompileClasspath; :app/project/stagingDebugAndroidTestRuntimeClasspath; :app/project/stagingDebugCompileClasspath; :app/project/stagingDebugRuntimeClasspath; :app/project/stagingDebugUnitTestCompileClasspath; :app/project/stagingDebugUnitTestRuntimeClasspath; :app/project/stagingReleaseCompileClasspath; :app/project/stagingReleaseRuntimeClasspath; :app/project/stagingReleaseUnitTestCompileClasspath; :app/project/stagingReleaseUnitTestRuntimeClasspath","androidx.activity:activity:1.9.3; androidx.fragment:fragment:1.5.1; androidx.lifecycle:lifecycle-viewmodel-compose-android:2.8.7; androidx.navigation:navigation-common:2.5.1; com.google.dagger:hilt-android:2.56.2","","Retain pending scoped work packages; no OSV match is not security clearance"
"androidx.lifecycle:lifecycle-viewmodel:2.8.7",":app/project/devDebugAndroidTestCompileClasspath; :app/project/devDebugAndroidTestRuntimeClasspath; :app/project/devDebugCompileClasspath; :app/project/devDebugRuntimeClasspath; :app/project/devDebugUnitTestCompileClasspath; :app/project/devDebugUnitTestRuntimeClasspath; :app/project/devReleaseCompileClasspath; :app/project/devReleaseRuntimeClasspath; :app/project/devReleaseUnitTestCompileClasspath; :app/project/devReleaseUnitTestRuntimeClasspath; :app/project/prodDebugAndroidTestCompileClasspath; :app/project/prodDebugAndroidTestRuntimeClasspath; :app/project/prodDebugCompileClasspath; :app/project/prodDebugRuntimeClasspath; :app/project/prodDebugUnitTestCompileClasspath; :app/project/prodDebugUnitTestRuntimeClasspath; :app/project/prodReleaseCompileClasspath; :app/project/prodReleaseRuntimeClasspath; :app/project/prodReleaseUnitTestCompileClasspath; :app/project/prodReleaseUnitTestRuntimeClasspath; :app/project/qaDebugAndroidTestCompileClasspath; :app/project/qaDebugAndroidTestRuntimeClasspath; :app/project/qaDebugCompileClasspath; :app/project/qaDebugRuntimeClasspath; :app/project/qaDebugUnitTestCompileClasspath; :app/project/qaDebugUnitTestRuntimeClasspath; :app/project/qaReleaseCompileClasspath; :app/project/qaReleaseRuntimeClasspath; :app/project/qaReleaseUnitTestCompileClasspath; :app/project/qaReleaseUnitTestRuntimeClasspath; :app/project/stagingDebugAndroidTestCompileClasspath; :app/project/stagingDebugAndroidTestRuntimeClasspath; :app/project/stagingDebugCompileClasspath; :app/project/stagingDebugRuntimeClasspath; :app/project/stagingDebugUnitTestCompileClasspath; :app/project/stagingDebugUnitTestRuntimeClasspath; :app/project/stagingReleaseCompileClasspath; :app/project/stagingReleaseRuntimeClasspath; :app/project/stagingReleaseUnitTestCompileClasspath; :app/project/stagingReleaseUnitTestRuntimeClasspath","androidx.activity:activity-compose:1.9.3; androidx.activity:activity:1.9.3; androidx.biometric:biometric:1.1.0; androidx.compose.ui:ui-android:1.7.6; androidx.fragment:fragment:1.5.1; androidx.lifecycle:lifecycle-viewmodel-compose-android:2.8.7; androidx.lifecycle:lifecycle-viewmodel-ktx:2.8.7; androidx.lifecycle:lifecycle-viewmodel-savedstate:2.8.7; androidx.loader:loader:1.0.0; com.google.dagger:hilt-android:2.56.2","","Retain pending scoped work packages; no OSV match is not security clearance"
"androidx.loader:loader:1.0.0",":app/project/devDebugAndroidTestCompileClasspath; :app/project/devDebugCompileClasspath; :app/project/devDebugRuntimeClasspath; :app/project/devDebugUnitTestCompileClasspath; :app/project/devDebugUnitTestRuntimeClasspath; :app/project/devReleaseCompileClasspath; :app/project/devReleaseRuntimeClasspath; :app/project/devReleaseUnitTestCompileClasspath; :app/project/devReleaseUnitTestRuntimeClasspath; :app/project/prodDebugAndroidTestCompileClasspath; :app/project/prodDebugCompileClasspath; :app/project/prodDebugRuntimeClasspath; :app/project/prodDebugUnitTestCompileClasspath; :app/project/prodDebugUnitTestRuntimeClasspath; :app/project/prodReleaseCompileClasspath; :app/project/prodReleaseRuntimeClasspath; :app/project/prodReleaseUnitTestCompileClasspath; :app/project/prodReleaseUnitTestRuntimeClasspath; :app/project/qaDebugAndroidTestCompileClasspath; :app/project/qaDebugCompileClasspath; :app/project/qaDebugRuntimeClasspath; :app/project/qaDebugUnitTestCompileClasspath; :app/project/qaDebugUnitTestRuntimeClasspath; :app/project/qaReleaseCompileClasspath; :app/project/qaReleaseRuntimeClasspath; :app/project/qaReleaseUnitTestCompileClasspath; :app/project/qaReleaseUnitTestRuntimeClasspath; :app/project/stagingDebugAndroidTestCompileClasspath; :app/project/stagingDebugCompileClasspath; :app/project/stagingDebugRuntimeClasspath; :app/project/stagingDebugUnitTestCompileClasspath; :app/project/stagingDebugUnitTestRuntimeClasspath; :app/project/stagingReleaseCompileClasspath; :app/project/stagingReleaseRuntimeClasspath; :app/project/stagingReleaseUnitTestCompileClasspath; :app/project/stagingReleaseUnitTestRuntimeClasspath","androidx.fragment:fragment:1.5.1","","Retain pending scoped work packages; no OSV match is not security clearance"
"androidx.navigation:navigation-common-ktx:2.5.1",":app/project/devDebugAndroidTestCompileClasspath; :app/project/devDebugCompileClasspath; :app/project/devDebugRuntimeClasspath; :app/project/devDebugUnitTestCompileClasspath; :app/project/devDebugUnitTestRuntimeClasspath; :app/project/devReleaseCompileClasspath; :app/project/devReleaseRuntimeClasspath; :app/project/devReleaseUnitTestCompileClasspath; :app/project/devReleaseUnitTestRuntimeClasspath; :app/project/prodDebugAndroidTestCompileClasspath; :app/project/prodDebugCompileClasspath; :app/project/prodDebugRuntimeClasspath; :app/project/prodDebugUnitTestCompileClasspath; :app/project/prodDebugUnitTestRuntimeClasspath; :app/project/prodReleaseCompileClasspath; :app/project/prodReleaseRuntimeClasspath; :app/project/prodReleaseUnitTestCompileClasspath; :app/project/prodReleaseUnitTestRuntimeClasspath; :app/project/qaDebugAndroidTestCompileClasspath; :app/project/qaDebugCompileClasspath; :app/project/qaDebugRuntimeClasspath; :app/project/qaDebugUnitTestCompileClasspath; :app/project/qaDebugUnitTestRuntimeClasspath; :app/project/qaReleaseCompileClasspath; :app/project/qaReleaseRuntimeClasspath; :app/project/qaReleaseUnitTestCompileClasspath; :app/project/qaReleaseUnitTestRuntimeClasspath; :app/project/stagingDebugAndroidTestCompileClasspath; :app/project/stagingDebugCompileClasspath; :app/project/stagingDebugRuntimeClasspath; :app/project/stagingDebugUnitTestCompileClasspath; :app/project/stagingDebugUnitTestRuntimeClasspath; :app/project/stagingReleaseCompileClasspath; :app/project/stagingReleaseRuntimeClasspath; :app/project/stagingReleaseUnitTestCompileClasspath; :app/project/stagingReleaseUnitTestRuntimeClasspath","androidx.navigation:navigation-runtime-ktx:2.5.1","","Retain pending scoped work packages; no OSV match is not security clearance"
"androidx.navigation:navigation-common:2.5.1",":app/project/devDebugAndroidTestCompileClasspath; :app/project/devDebugCompileClasspath; :app/project/devDebugRuntimeClasspath; :app/project/devDebugUnitTestCompileClasspath; :app/project/devDebugUnitTestRuntimeClasspath; :app/project/devReleaseCompileClasspath; :app/project/devReleaseRuntimeClasspath; :app/project/devReleaseUnitTestCompileClasspath; :app/project/devReleaseUnitTestRuntimeClasspath; :app/project/prodDebugAndroidTestCompileClasspath; :app/project/prodDebugCompileClasspath; :app/project/prodDebugRuntimeClasspath; :app/project/prodDebugUnitTestCompileClasspath; :app/project/prodDebugUnitTestRuntimeClasspath; :app/project/prodReleaseCompileClasspath; :app/project/prodReleaseRuntimeClasspath; :app/project/prodReleaseUnitTestCompileClasspath; :app/project/prodReleaseUnitTestRuntimeClasspath; :app/project/qaDebugAndroidTestCompileClasspath; :app/project/qaDebugCompileClasspath; :app/project/qaDebugRuntimeClasspath; :app/project/qaDebugUnitTestCompileClasspath; :app/project/qaDebugUnitTestRuntimeClasspath; :app/project/qaReleaseCompileClasspath; :app/project/qaReleaseRuntimeClasspath; :app/project/qaReleaseUnitTestCompileClasspath; :app/project/qaReleaseUnitTestRuntimeClasspath; :app/project/stagingDebugAndroidTestCompileClasspath; :app/project/stagingDebugCompileClasspath; :app/project/stagingDebugRuntimeClasspath; :app/project/stagingDebugUnitTestCompileClasspath; :app/project/stagingDebugUnitTestRuntimeClasspath; :app/project/stagingReleaseCompileClasspath; :app/project/stagingReleaseRuntimeClasspath; :app/project/stagingReleaseUnitTestCompileClasspath; :app/project/stagingReleaseUnitTestRuntimeClasspath","androidx.navigation:navigation-common-ktx:2.5.1; androidx.navigation:navigation-runtime:2.5.1","","Retain pending scoped work packages; no OSV match is not security clearance"
"androidx.navigation:navigation-compose:2.5.1",":app/project/devDebugAndroidTestCompileClasspath; :app/project/devDebugCompileClasspath; :app/project/devDebugRuntimeClasspath; :app/project/devDebugUnitTestCompileClasspath; :app/project/devDebugUnitTestRuntimeClasspath; :app/project/devReleaseCompileClasspath; :app/project/devReleaseRuntimeClasspath; :app/project/devReleaseUnitTestCompileClasspath; :app/project/devReleaseUnitTestRuntimeClasspath; :app/project/prodDebugAndroidTestCompileClasspath; :app/project/prodDebugCompileClasspath; :app/project/prodDebugRuntimeClasspath; :app/project/prodDebugUnitTestCompileClasspath; :app/project/prodDebugUnitTestRuntimeClasspath; :app/project/prodReleaseCompileClasspath; :app/project/prodReleaseRuntimeClasspath; :app/project/prodReleaseUnitTestCompileClasspath; :app/project/prodReleaseUnitTestRuntimeClasspath; :app/project/qaDebugAndroidTestCompileClasspath; :app/project/qaDebugCompileClasspath; :app/project/qaDebugRuntimeClasspath; :app/project/qaDebugUnitTestCompileClasspath; :app/project/qaDebugUnitTestRuntimeClasspath; :app/project/qaReleaseCompileClasspath; :app/project/qaReleaseRuntimeClasspath; :app/project/qaReleaseUnitTestCompileClasspath; :app/project/qaReleaseUnitTestRuntimeClasspath; :app/project/stagingDebugAndroidTestCompileClasspath; :app/project/stagingDebugCompileClasspath; :app/project/stagingDebugRuntimeClasspath; :app/project/stagingDebugUnitTestCompileClasspath; :app/project/stagingDebugUnitTestRuntimeClasspath; :app/project/stagingReleaseCompileClasspath; :app/project/stagingReleaseRuntimeClasspath; :app/project/stagingReleaseUnitTestCompileClasspath; :app/project/stagingReleaseUnitTestRuntimeClasspath","androidx.hilt:hilt-navigation-compose:1.2.0","","Retain pending scoped work packages; no OSV match is not security clearance"
"androidx.navigation:navigation-runtime-ktx:2.5.1",":app/project/devDebugAndroidTestCompileClasspath; :app/project/devDebugCompileClasspath; :app/project/devDebugRuntimeClasspath; :app/project/devDebugUnitTestCompileClasspath; :app/project/devDebugUnitTestRuntimeClasspath; :app/project/devReleaseCompileClasspath; :app/project/devReleaseRuntimeClasspath; :app/project/devReleaseUnitTestCompileClasspath; :app/project/devReleaseUnitTestRuntimeClasspath; :app/project/prodDebugAndroidTestCompileClasspath; :app/project/prodDebugCompileClasspath; :app/project/prodDebugRuntimeClasspath; :app/project/prodDebugUnitTestCompileClasspath; :app/project/prodDebugUnitTestRuntimeClasspath; :app/project/prodReleaseCompileClasspath; :app/project/prodReleaseRuntimeClasspath; :app/project/prodReleaseUnitTestCompileClasspath; :app/project/prodReleaseUnitTestRuntimeClasspath; :app/project/qaDebugAndroidTestCompileClasspath; :app/project/qaDebugCompileClasspath; :app/project/qaDebugRuntimeClasspath; :app/project/qaDebugUnitTestCompileClasspath; :app/project/qaDebugUnitTestRuntimeClasspath; :app/project/qaReleaseCompileClasspath; :app/project/qaReleaseRuntimeClasspath; :app/project/qaReleaseUnitTestCompileClasspath; :app/project/qaReleaseUnitTestRuntimeClasspath; :app/project/stagingDebugAndroidTestCompileClasspath; :app/project/stagingDebugCompileClasspath; :app/project/stagingDebugRuntimeClasspath; :app/project/stagingDebugUnitTestCompileClasspath; :app/project/stagingDebugUnitTestRuntimeClasspath; :app/project/stagingReleaseCompileClasspath; :app/project/stagingReleaseRuntimeClasspath; :app/project/stagingReleaseUnitTestCompileClasspath; :app/project/stagingReleaseUnitTestRuntimeClasspath","androidx.navigation:navigation-compose:2.5.1","","Retain pending scoped work packages; no OSV match is not security clearance"
"androidx.navigation:navigation-runtime:2.5.1",":app/project/devDebugAndroidTestCompileClasspath; :app/project/devDebugCompileClasspath; :app/project/devDebugRuntimeClasspath; :app/project/devDebugUnitTestCompileClasspath; :app/project/devDebugUnitTestRuntimeClasspath; :app/project/devReleaseCompileClasspath; :app/project/devReleaseRuntimeClasspath; :app/project/devReleaseUnitTestCompileClasspath; :app/project/devReleaseUnitTestRuntimeClasspath; :app/project/prodDebugAndroidTestCompileClasspath; :app/project/prodDebugCompileClasspath; :app/project/prodDebugRuntimeClasspath; :app/project/prodDebugUnitTestCompileClasspath; :app/project/prodDebugUnitTestRuntimeClasspath; :app/project/prodReleaseCompileClasspath; :app/project/prodReleaseRuntimeClasspath; :app/project/prodReleaseUnitTestCompileClasspath; :app/project/prodReleaseUnitTestRuntimeClasspath; :app/project/qaDebugAndroidTestCompileClasspath; :app/project/qaDebugCompileClasspath; :app/project/qaDebugRuntimeClasspath; :app/project/qaDebugUnitTestCompileClasspath; :app/project/qaDebugUnitTestRuntimeClasspath; :app/project/qaReleaseCompileClasspath; :app/project/qaReleaseRuntimeClasspath; :app/project/qaReleaseUnitTestCompileClasspath; :app/project/qaReleaseUnitTestRuntimeClasspath; :app/project/stagingDebugAndroidTestCompileClasspath; :app/project/stagingDebugCompileClasspath; :app/project/stagingDebugRuntimeClasspath; :app/project/stagingDebugUnitTestCompileClasspath; :app/project/stagingDebugUnitTestRuntimeClasspath; :app/project/stagingReleaseCompileClasspath; :app/project/stagingReleaseRuntimeClasspath; :app/project/stagingReleaseUnitTestCompileClasspath; :app/project/stagingReleaseUnitTestRuntimeClasspath","androidx.hilt:hilt-navigation:1.2.0; androidx.navigation:navigation-runtime-ktx:2.5.1","","Retain pending scoped work packages; no OSV match is not security clearance"
"androidx.profileinstaller:profileinstaller:1.3.1",":app/project/devDebugAndroidTestRuntimeClasspath; :app/project/devDebugRuntimeClasspath; :app/project/devDebugUnitTestRuntimeClasspath; :app/project/devReleaseRuntimeClasspath; :app/project/devReleaseUnitTestRuntimeClasspath; :app/project/prodDebugAndroidTestRuntimeClasspath; :app/project/prodDebugRuntimeClasspath; :app/project/prodDebugUnitTestRuntimeClasspath; :app/project/prodReleaseRuntimeClasspath; :app/project/prodReleaseUnitTestRuntimeClasspath; :app/project/qaDebugAndroidTestRuntimeClasspath; :app/project/qaDebugRuntimeClasspath; :app/project/qaDebugUnitTestRuntimeClasspath; :app/project/qaReleaseRuntimeClasspath; :app/project/qaReleaseUnitTestRuntimeClasspath; :app/project/stagingDebugAndroidTestRuntimeClasspath; :app/project/stagingDebugRuntimeClasspath; :app/project/stagingDebugUnitTestRuntimeClasspath; :app/project/stagingReleaseRuntimeClasspath; :app/project/stagingReleaseUnitTestRuntimeClasspath","androidx.activity:activity:1.9.3; androidx.compose.ui:ui-android:1.7.6; androidx.lifecycle:lifecycle-runtime-android:2.8.7","","Retain pending scoped work packages; no OSV match is not security clearance"
"androidx.room:room-common:2.6.1",":app/project/devDebugAndroidTestCompileClasspath; :app/project/devDebugCompileClasspath; :app/project/devDebugRuntimeClasspath; :app/project/devDebugUnitTestCompileClasspath; :app/project/devDebugUnitTestRuntimeClasspath; :app/project/devReleaseCompileClasspath; :app/project/devReleaseRuntimeClasspath; :app/project/devReleaseUnitTestCompileClasspath; :app/project/devReleaseUnitTestRuntimeClasspath; :app/project/kspDevDebugAndroidTestKotlinProcessorClasspath; :app/project/kspDevDebugKotlinProcessorClasspath; :app/project/kspDevDebugUnitTestKotlinProcessorClasspath; :app/project/kspDevReleaseKotlinProcessorClasspath; :app/project/kspDevReleaseUnitTestKotlinProcessorClasspath; :app/project/kspProdDebugAndroidTestKotlinProcessorClasspath; :app/project/kspProdDebugKotlinProcessorClasspath; :app/project/kspProdDebugUnitTestKotlinProcessorClasspath; :app/project/kspProdReleaseKotlinProcessorClasspath; :app/project/kspProdReleaseUnitTestKotlinProcessorClasspath; :app/project/kspQaDebugAndroidTestKotlinProcessorClasspath; :app/project/kspQaDebugKotlinProcessorClasspath; :app/project/kspQaDebugUnitTestKotlinProcessorClasspath; :app/project/kspQaReleaseKotlinProcessorClasspath; :app/project/kspQaReleaseUnitTestKotlinProcessorClasspath; :app/project/kspStagingDebugAndroidTestKotlinProcessorClasspath; :app/project/kspStagingDebugKotlinProcessorClasspath; :app/project/kspStagingDebugUnitTestKotlinProcessorClasspath; :app/project/kspStagingReleaseKotlinProcessorClasspath; :app/project/kspStagingReleaseUnitTestKotlinProcessorClasspath; :app/project/prodDebugAndroidTestCompileClasspath; :app/project/prodDebugCompileClasspath; :app/project/prodDebugRuntimeClasspath; :app/project/prodDebugUnitTestCompileClasspath; :app/project/prodDebugUnitTestRuntimeClasspath; :app/project/prodReleaseCompileClasspath; :app/project/prodReleaseRuntimeClasspath; :app/project/prodReleaseUnitTestCompileClasspath; :app/project/prodReleaseUnitTestRuntimeClasspath; :app/project/qaDebugAndroidTestCompileClasspath; :app/project/qaDebugCompileClasspath; :app/project/qaDebugRuntimeClasspath; :app/project/qaDebugUnitTestCompileClasspath; :app/project/qaDebugUnitTestRuntimeClasspath; :app/project/qaReleaseCompileClasspath; :app/project/qaReleaseRuntimeClasspath; :app/project/qaReleaseUnitTestCompileClasspath; :app/project/qaReleaseUnitTestRuntimeClasspath; :app/project/stagingDebugAndroidTestCompileClasspath; :app/project/stagingDebugCompileClasspath; :app/project/stagingDebugRuntimeClasspath; :app/project/stagingDebugUnitTestCompileClasspath; :app/project/stagingDebugUnitTestRuntimeClasspath; :app/project/stagingReleaseCompileClasspath; :app/project/stagingReleaseRuntimeClasspath; :app/project/stagingReleaseUnitTestCompileClasspath; :app/project/stagingReleaseUnitTestRuntimeClasspath","androidx.room:room-compiler:2.6.1; androidx.room:room-ktx:2.6.1; androidx.room:room-migration:2.6.1; androidx.room:room-runtime:2.6.1","","Retain pending scoped work packages; no OSV match is not security clearance"
"androidx.room:room-compiler-processing:2.6.1",":app/project/kspDevDebugAndroidTestKotlinProcessorClasspath; :app/project/kspDevDebugKotlinProcessorClasspath; :app/project/kspDevDebugUnitTestKotlinProcessorClasspath; :app/project/kspDevReleaseKotlinProcessorClasspath; :app/project/kspDevReleaseUnitTestKotlinProcessorClasspath; :app/project/kspProdDebugAndroidTestKotlinProcessorClasspath; :app/project/kspProdDebugKotlinProcessorClasspath; :app/project/kspProdDebugUnitTestKotlinProcessorClasspath; :app/project/kspProdReleaseKotlinProcessorClasspath; :app/project/kspProdReleaseUnitTestKotlinProcessorClasspath; :app/project/kspQaDebugAndroidTestKotlinProcessorClasspath; :app/project/kspQaDebugKotlinProcessorClasspath; :app/project/kspQaDebugUnitTestKotlinProcessorClasspath; :app/project/kspQaReleaseKotlinProcessorClasspath; :app/project/kspQaReleaseUnitTestKotlinProcessorClasspath; :app/project/kspStagingDebugAndroidTestKotlinProcessorClasspath; :app/project/kspStagingDebugKotlinProcessorClasspath; :app/project/kspStagingDebugUnitTestKotlinProcessorClasspath; :app/project/kspStagingReleaseKotlinProcessorClasspath; :app/project/kspStagingReleaseUnitTestKotlinProcessorClasspath","androidx.room:room-compiler:2.6.1","","Retain pending scoped work packages; no OSV match is not security clearance"
"androidx.room:room-compiler:2.6.1",":app/project/kspDevDebugAndroidTestKotlinProcessorClasspath; :app/project/kspDevDebugKotlinProcessorClasspath; :app/project/kspDevDebugUnitTestKotlinProcessorClasspath; :app/project/kspDevReleaseKotlinProcessorClasspath; :app/project/kspDevReleaseUnitTestKotlinProcessorClasspath; :app/project/kspProdDebugAndroidTestKotlinProcessorClasspath; :app/project/kspProdDebugKotlinProcessorClasspath; :app/project/kspProdDebugUnitTestKotlinProcessorClasspath; :app/project/kspProdReleaseKotlinProcessorClasspath; :app/project/kspProdReleaseUnitTestKotlinProcessorClasspath; :app/project/kspQaDebugAndroidTestKotlinProcessorClasspath; :app/project/kspQaDebugKotlinProcessorClasspath; :app/project/kspQaDebugUnitTestKotlinProcessorClasspath; :app/project/kspQaReleaseKotlinProcessorClasspath; :app/project/kspQaReleaseUnitTestKotlinProcessorClasspath; :app/project/kspStagingDebugAndroidTestKotlinProcessorClasspath; :app/project/kspStagingDebugKotlinProcessorClasspath; :app/project/kspStagingDebugUnitTestKotlinProcessorClasspath; :app/project/kspStagingReleaseKotlinProcessorClasspath; :app/project/kspStagingReleaseUnitTestKotlinProcessorClasspath","project :app","","Retain pending scoped work packages; no OSV match is not security clearance"
"androidx.room:room-ktx:2.6.1",":app/project/devDebugAndroidTestCompileClasspath; :app/project/devDebugCompileClasspath; :app/project/devDebugRuntimeClasspath; :app/project/devDebugUnitTestCompileClasspath; :app/project/devDebugUnitTestRuntimeClasspath; :app/project/devReleaseCompileClasspath; :app/project/devReleaseRuntimeClasspath; :app/project/devReleaseUnitTestCompileClasspath; :app/project/devReleaseUnitTestRuntimeClasspath; :app/project/prodDebugAndroidTestCompileClasspath; :app/project/prodDebugCompileClasspath; :app/project/prodDebugRuntimeClasspath; :app/project/prodDebugUnitTestCompileClasspath; :app/project/prodDebugUnitTestRuntimeClasspath; :app/project/prodReleaseCompileClasspath; :app/project/prodReleaseRuntimeClasspath; :app/project/prodReleaseUnitTestCompileClasspath; :app/project/prodReleaseUnitTestRuntimeClasspath; :app/project/qaDebugAndroidTestCompileClasspath; :app/project/qaDebugCompileClasspath; :app/project/qaDebugRuntimeClasspath; :app/project/qaDebugUnitTestCompileClasspath; :app/project/qaDebugUnitTestRuntimeClasspath; :app/project/qaReleaseCompileClasspath; :app/project/qaReleaseRuntimeClasspath; :app/project/qaReleaseUnitTestCompileClasspath; :app/project/qaReleaseUnitTestRuntimeClasspath; :app/project/stagingDebugAndroidTestCompileClasspath; :app/project/stagingDebugCompileClasspath; :app/project/stagingDebugRuntimeClasspath; :app/project/stagingDebugUnitTestCompileClasspath; :app/project/stagingDebugUnitTestRuntimeClasspath; :app/project/stagingReleaseCompileClasspath; :app/project/stagingReleaseRuntimeClasspath; :app/project/stagingReleaseUnitTestCompileClasspath; :app/project/stagingReleaseUnitTestRuntimeClasspath","project :app","","Retain pending scoped work packages; no OSV match is not security clearance"
"androidx.room:room-migration:2.6.1",":app/project/kspDevDebugAndroidTestKotlinProcessorClasspath; :app/project/kspDevDebugKotlinProcessorClasspath; :app/project/kspDevDebugUnitTestKotlinProcessorClasspath; :app/project/kspDevReleaseKotlinProcessorClasspath; :app/project/kspDevReleaseUnitTestKotlinProcessorClasspath; :app/project/kspProdDebugAndroidTestKotlinProcessorClasspath; :app/project/kspProdDebugKotlinProcessorClasspath; :app/project/kspProdDebugUnitTestKotlinProcessorClasspath; :app/project/kspProdReleaseKotlinProcessorClasspath; :app/project/kspProdReleaseUnitTestKotlinProcessorClasspath; :app/project/kspQaDebugAndroidTestKotlinProcessorClasspath; :app/project/kspQaDebugKotlinProcessorClasspath; :app/project/kspQaDebugUnitTestKotlinProcessorClasspath; :app/project/kspQaReleaseKotlinProcessorClasspath; :app/project/kspQaReleaseUnitTestKotlinProcessorClasspath; :app/project/kspStagingDebugAndroidTestKotlinProcessorClasspath; :app/project/kspStagingDebugKotlinProcessorClasspath; :app/project/kspStagingDebugUnitTestKotlinProcessorClasspath; :app/project/kspStagingReleaseKotlinProcessorClasspath; :app/project/kspStagingReleaseUnitTestKotlinProcessorClasspath","androidx.room:room-compiler:2.6.1","","Retain pending scoped work packages; no OSV match is not security clearance"
"androidx.room:room-runtime:2.6.1",":app/project/devDebugAndroidTestCompileClasspath; :app/project/devDebugCompileClasspath; :app/project/devDebugRuntimeClasspath; :app/project/devDebugUnitTestCompileClasspath; :app/project/devDebugUnitTestRuntimeClasspath; :app/project/devReleaseCompileClasspath; :app/project/devReleaseRuntimeClasspath; :app/project/devReleaseUnitTestCompileClasspath; :app/project/devReleaseUnitTestRuntimeClasspath; :app/project/prodDebugAndroidTestCompileClasspath; :app/project/prodDebugCompileClasspath; :app/project/prodDebugRuntimeClasspath; :app/project/prodDebugUnitTestCompileClasspath; :app/project/prodDebugUnitTestRuntimeClasspath; :app/project/prodReleaseCompileClasspath; :app/project/prodReleaseRuntimeClasspath; :app/project/prodReleaseUnitTestCompileClasspath; :app/project/prodReleaseUnitTestRuntimeClasspath; :app/project/qaDebugAndroidTestCompileClasspath; :app/project/qaDebugCompileClasspath; :app/project/qaDebugRuntimeClasspath; :app/project/qaDebugUnitTestCompileClasspath; :app/project/qaDebugUnitTestRuntimeClasspath; :app/project/qaReleaseCompileClasspath; :app/project/qaReleaseRuntimeClasspath; :app/project/qaReleaseUnitTestCompileClasspath; :app/project/qaReleaseUnitTestRuntimeClasspath; :app/project/stagingDebugAndroidTestCompileClasspath; :app/project/stagingDebugCompileClasspath; :app/project/stagingDebugRuntimeClasspath; :app/project/stagingDebugUnitTestCompileClasspath; :app/project/stagingDebugUnitTestRuntimeClasspath; :app/project/stagingReleaseCompileClasspath; :app/project/stagingReleaseRuntimeClasspath; :app/project/stagingReleaseUnitTestCompileClasspath; :app/project/stagingReleaseUnitTestRuntimeClasspath","androidx.room:room-ktx:2.6.1; project :app","","Retain pending scoped work packages; no OSV match is not security clearance"
"androidx.savedstate:savedstate-ktx:1.2.1",":app/project/devDebugAndroidTestCompileClasspath; :app/project/devDebugAndroidTestRuntimeClasspath; :app/project/devDebugCompileClasspath; :app/project/devDebugRuntimeClasspath; :app/project/devDebugUnitTestCompileClasspath; :app/project/devDebugUnitTestRuntimeClasspath; :app/project/devReleaseCompileClasspath; :app/project/devReleaseRuntimeClasspath; :app/project/devReleaseUnitTestCompileClasspath; :app/project/devReleaseUnitTestRuntimeClasspath; :app/project/prodDebugAndroidTestCompileClasspath; :app/project/prodDebugAndroidTestRuntimeClasspath; :app/project/prodDebugCompileClasspath; :app/project/prodDebugRuntimeClasspath; :app/project/prodDebugUnitTestCompileClasspath; :app/project/prodDebugUnitTestRuntimeClasspath; :app/project/prodReleaseCompileClasspath; :app/project/prodReleaseRuntimeClasspath; :app/project/prodReleaseUnitTestCompileClasspath; :app/project/prodReleaseUnitTestRuntimeClasspath; :app/project/qaDebugAndroidTestCompileClasspath; :app/project/qaDebugAndroidTestRuntimeClasspath; :app/project/qaDebugCompileClasspath; :app/project/qaDebugRuntimeClasspath; :app/project/qaDebugUnitTestCompileClasspath; :app/project/qaDebugUnitTestRuntimeClasspath; :app/project/qaReleaseCompileClasspath; :app/project/qaReleaseRuntimeClasspath; :app/project/qaReleaseUnitTestCompileClasspath; :app/project/qaReleaseUnitTestRuntimeClasspath; :app/project/stagingDebugAndroidTestCompileClasspath; :app/project/stagingDebugAndroidTestRuntimeClasspath; :app/project/stagingDebugCompileClasspath; :app/project/stagingDebugRuntimeClasspath; :app/project/stagingDebugUnitTestCompileClasspath; :app/project/stagingDebugUnitTestRuntimeClasspath; :app/project/stagingReleaseCompileClasspath; :app/project/stagingReleaseRuntimeClasspath; :app/project/stagingReleaseUnitTestCompileClasspath; :app/project/stagingReleaseUnitTestRuntimeClasspath","androidx.activity:activity-ktx:1.9.3; androidx.compose.ui:ui-android:1.7.6; androidx.navigation:navigation-common:2.5.1","","Retain pending scoped work packages; no OSV match is not security clearance"
"androidx.savedstate:savedstate:1.2.1",":app/project/devDebugAndroidTestCompileClasspath; :app/project/devDebugAndroidTestRuntimeClasspath; :app/project/devDebugCompileClasspath; :app/project/devDebugRuntimeClasspath; :app/project/devDebugUnitTestCompileClasspath; :app/project/devDebugUnitTestRuntimeClasspath; :app/project/devReleaseCompileClasspath; :app/project/devReleaseRuntimeClasspath; :app/project/devReleaseUnitTestCompileClasspath; :app/project/devReleaseUnitTestRuntimeClasspath; :app/project/prodDebugAndroidTestCompileClasspath; :app/project/prodDebugAndroidTestRuntimeClasspath; :app/project/prodDebugCompileClasspath; :app/project/prodDebugRuntimeClasspath; :app/project/prodDebugUnitTestCompileClasspath; :app/project/prodDebugUnitTestRuntimeClasspath; :app/project/prodReleaseCompileClasspath; :app/project/prodReleaseRuntimeClasspath; :app/project/prodReleaseUnitTestCompileClasspath; :app/project/prodReleaseUnitTestRuntimeClasspath; :app/project/qaDebugAndroidTestCompileClasspath; :app/project/qaDebugAndroidTestRuntimeClasspath; :app/project/qaDebugCompileClasspath; :app/project/qaDebugRuntimeClasspath; :app/project/qaDebugUnitTestCompileClasspath; :app/project/qaDebugUnitTestRuntimeClasspath; :app/project/qaReleaseCompileClasspath; :app/project/qaReleaseRuntimeClasspath; :app/project/qaReleaseUnitTestCompileClasspath; :app/project/qaReleaseUnitTestRuntimeClasspath; :app/project/stagingDebugAndroidTestCompileClasspath; :app/project/stagingDebugAndroidTestRuntimeClasspath; :app/project/stagingDebugCompileClasspath; :app/project/stagingDebugRuntimeClasspath; :app/project/stagingDebugUnitTestCompileClasspath; :app/project/stagingDebugUnitTestRuntimeClasspath; :app/project/stagingReleaseCompileClasspath; :app/project/stagingReleaseRuntimeClasspath; :app/project/stagingReleaseUnitTestCompileClasspath; :app/project/stagingReleaseUnitTestRuntimeClasspath","androidx.activity:activity:1.9.3; androidx.fragment:fragment:1.5.1; androidx.lifecycle:lifecycle-viewmodel-savedstate:2.8.7; androidx.savedstate:savedstate-ktx:1.2.1; com.google.dagger:hilt-android:2.56.2","","Retain pending scoped work packages; no OSV match is not security clearance"
"androidx.security:security-crypto:1.1.0-alpha06",":app/project/devDebugAndroidTestCompileClasspath; :app/project/devDebugCompileClasspath; :app/project/devDebugRuntimeClasspath; :app/project/devDebugUnitTestCompileClasspath; :app/project/devDebugUnitTestRuntimeClasspath; :app/project/devReleaseCompileClasspath; :app/project/devReleaseRuntimeClasspath; :app/project/devReleaseUnitTestCompileClasspath; :app/project/devReleaseUnitTestRuntimeClasspath; :app/project/prodDebugAndroidTestCompileClasspath; :app/project/prodDebugCompileClasspath; :app/project/prodDebugRuntimeClasspath; :app/project/prodDebugUnitTestCompileClasspath; :app/project/prodDebugUnitTestRuntimeClasspath; :app/project/prodReleaseCompileClasspath; :app/project/prodReleaseRuntimeClasspath; :app/project/prodReleaseUnitTestCompileClasspath; :app/project/prodReleaseUnitTestRuntimeClasspath; :app/project/qaDebugAndroidTestCompileClasspath; :app/project/qaDebugCompileClasspath; :app/project/qaDebugRuntimeClasspath; :app/project/qaDebugUnitTestCompileClasspath; :app/project/qaDebugUnitTestRuntimeClasspath; :app/project/qaReleaseCompileClasspath; :app/project/qaReleaseRuntimeClasspath; :app/project/qaReleaseUnitTestCompileClasspath; :app/project/qaReleaseUnitTestRuntimeClasspath; :app/project/stagingDebugAndroidTestCompileClasspath; :app/project/stagingDebugCompileClasspath; :app/project/stagingDebugRuntimeClasspath; :app/project/stagingDebugUnitTestCompileClasspath; :app/project/stagingDebugUnitTestRuntimeClasspath; :app/project/stagingReleaseCompileClasspath; :app/project/stagingReleaseRuntimeClasspath; :app/project/stagingReleaseUnitTestCompileClasspath; :app/project/stagingReleaseUnitTestRuntimeClasspath","project :app","","Retain pending scoped work packages; no OSV match is not security clearance"
"androidx.sqlite:sqlite-framework:2.4.0",":app/project/devDebugAndroidTestCompileClasspath; :app/project/devDebugCompileClasspath; :app/project/devDebugRuntimeClasspath; :app/project/devDebugUnitTestCompileClasspath; :app/project/devDebugUnitTestRuntimeClasspath; :app/project/devReleaseCompileClasspath; :app/project/devReleaseRuntimeClasspath; :app/project/devReleaseUnitTestCompileClasspath; :app/project/devReleaseUnitTestRuntimeClasspath; :app/project/prodDebugAndroidTestCompileClasspath; :app/project/prodDebugCompileClasspath; :app/project/prodDebugRuntimeClasspath; :app/project/prodDebugUnitTestCompileClasspath; :app/project/prodDebugUnitTestRuntimeClasspath; :app/project/prodReleaseCompileClasspath; :app/project/prodReleaseRuntimeClasspath; :app/project/prodReleaseUnitTestCompileClasspath; :app/project/prodReleaseUnitTestRuntimeClasspath; :app/project/qaDebugAndroidTestCompileClasspath; :app/project/qaDebugCompileClasspath; :app/project/qaDebugRuntimeClasspath; :app/project/qaDebugUnitTestCompileClasspath; :app/project/qaDebugUnitTestRuntimeClasspath; :app/project/qaReleaseCompileClasspath; :app/project/qaReleaseRuntimeClasspath; :app/project/qaReleaseUnitTestCompileClasspath; :app/project/qaReleaseUnitTestRuntimeClasspath; :app/project/stagingDebugAndroidTestCompileClasspath; :app/project/stagingDebugCompileClasspath; :app/project/stagingDebugRuntimeClasspath; :app/project/stagingDebugUnitTestCompileClasspath; :app/project/stagingDebugUnitTestRuntimeClasspath; :app/project/stagingReleaseCompileClasspath; :app/project/stagingReleaseRuntimeClasspath; :app/project/stagingReleaseUnitTestCompileClasspath; :app/project/stagingReleaseUnitTestRuntimeClasspath","androidx.room:room-runtime:2.6.1","","Retain pending scoped work packages; no OSV match is not security clearance"
"androidx.sqlite:sqlite-ktx:2.4.0",":app/project/devDebugAndroidTestCompileClasspath; :app/project/devDebugCompileClasspath; :app/project/devDebugRuntimeClasspath; :app/project/devDebugUnitTestCompileClasspath; :app/project/devDebugUnitTestRuntimeClasspath; :app/project/devReleaseCompileClasspath; :app/project/devReleaseRuntimeClasspath; :app/project/devReleaseUnitTestCompileClasspath; :app/project/devReleaseUnitTestRuntimeClasspath; :app/project/prodDebugAndroidTestCompileClasspath; :app/project/prodDebugCompileClasspath; :app/project/prodDebugRuntimeClasspath; :app/project/prodDebugUnitTestCompileClasspath; :app/project/prodDebugUnitTestRuntimeClasspath; :app/project/prodReleaseCompileClasspath; :app/project/prodReleaseRuntimeClasspath; :app/project/prodReleaseUnitTestCompileClasspath; :app/project/prodReleaseUnitTestRuntimeClasspath; :app/project/qaDebugAndroidTestCompileClasspath; :app/project/qaDebugCompileClasspath; :app/project/qaDebugRuntimeClasspath; :app/project/qaDebugUnitTestCompileClasspath; :app/project/qaDebugUnitTestRuntimeClasspath; :app/project/qaReleaseCompileClasspath; :app/project/qaReleaseRuntimeClasspath; :app/project/qaReleaseUnitTestCompileClasspath; :app/project/qaReleaseUnitTestRuntimeClasspath; :app/project/stagingDebugAndroidTestCompileClasspath; :app/project/stagingDebugCompileClasspath; :app/project/stagingDebugRuntimeClasspath; :app/project/stagingDebugUnitTestCompileClasspath; :app/project/stagingDebugUnitTestRuntimeClasspath; :app/project/stagingReleaseCompileClasspath; :app/project/stagingReleaseRuntimeClasspath; :app/project/stagingReleaseUnitTestCompileClasspath; :app/project/stagingReleaseUnitTestRuntimeClasspath","project :app","","Retain pending scoped work packages; no OSV match is not security clearance"
"androidx.sqlite:sqlite:2.4.0",":app/project/devDebugAndroidTestCompileClasspath; :app/project/devDebugCompileClasspath; :app/project/devDebugRuntimeClasspath; :app/project/devDebugUnitTestCompileClasspath; :app/project/devDebugUnitTestRuntimeClasspath; :app/project/devReleaseCompileClasspath; :app/project/devReleaseRuntimeClasspath; :app/project/devReleaseUnitTestCompileClasspath; :app/project/devReleaseUnitTestRuntimeClasspath; :app/project/prodDebugAndroidTestCompileClasspath; :app/project/prodDebugCompileClasspath; :app/project/prodDebugRuntimeClasspath; :app/project/prodDebugUnitTestCompileClasspath; :app/project/prodDebugUnitTestRuntimeClasspath; :app/project/prodReleaseCompileClasspath; :app/project/prodReleaseRuntimeClasspath; :app/project/prodReleaseUnitTestCompileClasspath; :app/project/prodReleaseUnitTestRuntimeClasspath; :app/project/qaDebugAndroidTestCompileClasspath; :app/project/qaDebugCompileClasspath; :app/project/qaDebugRuntimeClasspath; :app/project/qaDebugUnitTestCompileClasspath; :app/project/qaDebugUnitTestRuntimeClasspath; :app/project/qaReleaseCompileClasspath; :app/project/qaReleaseRuntimeClasspath; :app/project/qaReleaseUnitTestCompileClasspath; :app/project/qaReleaseUnitTestRuntimeClasspath; :app/project/stagingDebugAndroidTestCompileClasspath; :app/project/stagingDebugCompileClasspath; :app/project/stagingDebugRuntimeClasspath; :app/project/stagingDebugUnitTestCompileClasspath; :app/project/stagingDebugUnitTestRuntimeClasspath; :app/project/stagingReleaseCompileClasspath; :app/project/stagingReleaseRuntimeClasspath; :app/project/stagingReleaseUnitTestCompileClasspath; :app/project/stagingReleaseUnitTestRuntimeClasspath","androidx.room:room-runtime:2.6.1; androidx.sqlite:sqlite-framework:2.4.0; androidx.sqlite:sqlite-ktx:2.4.0; net.zetetic:sqlcipher-android:4.6.1","","Retain pending scoped work packages; no OSV match is not security clearance"
"androidx.startup:startup-runtime:1.1.1",":app/project/devDebugAndroidTestRuntimeClasspath; :app/project/devDebugRuntimeClasspath; :app/project/devDebugUnitTestRuntimeClasspath; :app/project/devReleaseRuntimeClasspath; :app/project/devReleaseUnitTestRuntimeClasspath; :app/project/prodDebugAndroidTestRuntimeClasspath; :app/project/prodDebugRuntimeClasspath; :app/project/prodDebugUnitTestRuntimeClasspath; :app/project/prodReleaseRuntimeClasspath; :app/project/prodReleaseUnitTestRuntimeClasspath; :app/project/qaDebugAndroidTestRuntimeClasspath; :app/project/qaDebugRuntimeClasspath; :app/project/qaDebugUnitTestRuntimeClasspath; :app/project/qaReleaseRuntimeClasspath; :app/project/qaReleaseUnitTestRuntimeClasspath; :app/project/stagingDebugAndroidTestRuntimeClasspath; :app/project/stagingDebugRuntimeClasspath; :app/project/stagingDebugUnitTestRuntimeClasspath; :app/project/stagingReleaseRuntimeClasspath; :app/project/stagingReleaseUnitTestRuntimeClasspath","androidx.emoji2:emoji2:1.3.0; androidx.lifecycle:lifecycle-process:2.8.7; androidx.profileinstaller:profileinstaller:1.3.1","","Retain pending scoped work packages; no OSV match is not security clearance"
"androidx.test:annotation:1.0.1",":app/project/devDebugAndroidTestRuntimeClasspath; :app/project/prodDebugAndroidTestRuntimeClasspath; :app/project/qaDebugAndroidTestRuntimeClasspath; :app/project/stagingDebugAndroidTestRuntimeClasspath","androidx.test.espresso:espresso-core:3.5.0","","Retain pending scoped work packages; no OSV match is not security clearance"
"androidx.test:core-ktx:1.6.1",":app/project/devDebugAndroidTestCompileClasspath; :app/project/devDebugAndroidTestRuntimeClasspath; :app/project/prodDebugAndroidTestCompileClasspath; :app/project/prodDebugAndroidTestRuntimeClasspath; :app/project/qaDebugAndroidTestCompileClasspath; :app/project/qaDebugAndroidTestRuntimeClasspath; :app/project/stagingDebugAndroidTestCompileClasspath; :app/project/stagingDebugAndroidTestRuntimeClasspath","project :app","","Retain pending scoped work packages; no OSV match is not security clearance"
"androidx.test:core:1.6.1",":app/project/devDebugAndroidTestCompileClasspath; :app/project/devDebugAndroidTestRuntimeClasspath; :app/project/prodDebugAndroidTestCompileClasspath; :app/project/prodDebugAndroidTestRuntimeClasspath; :app/project/qaDebugAndroidTestCompileClasspath; :app/project/qaDebugAndroidTestRuntimeClasspath; :app/project/stagingDebugAndroidTestCompileClasspath; :app/project/stagingDebugAndroidTestRuntimeClasspath","androidx.compose.ui:ui-test-junit4-android:1.7.6; androidx.test:core-ktx:1.6.1; androidx.test.espresso:espresso-core:3.5.0; androidx.test.ext:junit:1.2.1","","Retain pending scoped work packages; no OSV match is not security clearance"
"androidx.test:monitor:1.7.2",":app/project/devDebugAndroidTestCompileClasspath; :app/project/devDebugAndroidTestRuntimeClasspath; :app/project/prodDebugAndroidTestCompileClasspath; :app/project/prodDebugAndroidTestRuntimeClasspath; :app/project/qaDebugAndroidTestCompileClasspath; :app/project/qaDebugAndroidTestRuntimeClasspath; :app/project/stagingDebugAndroidTestCompileClasspath; :app/project/stagingDebugAndroidTestRuntimeClasspath","androidx.compose.ui:ui-test-android:1.7.6; androidx.compose.ui:ui-test-junit4-android:1.7.6; androidx.test:core:1.6.1; androidx.test:runner:1.6.2; androidx.test.ext:junit:1.2.1; androidx.test.services:storage:1.5.0","","Retain pending scoped work packages; no OSV match is not security clearance"
"androidx.test:runner:1.6.2",":app/project/devDebugAndroidTestCompileClasspath; :app/project/devDebugAndroidTestRuntimeClasspath; :app/project/prodDebugAndroidTestCompileClasspath; :app/project/prodDebugAndroidTestRuntimeClasspath; :app/project/qaDebugAndroidTestCompileClasspath; :app/project/qaDebugAndroidTestRuntimeClasspath; :app/project/stagingDebugAndroidTestCompileClasspath; :app/project/stagingDebugAndroidTestRuntimeClasspath","androidx.test.espresso:espresso-core:3.5.0; project :app","","Retain pending scoped work packages; no OSV match is not security clearance"
"androidx.test.espresso:espresso-core:3.5.0",":app/project/devDebugAndroidTestRuntimeClasspath; :app/project/prodDebugAndroidTestRuntimeClasspath; :app/project/qaDebugAndroidTestRuntimeClasspath; :app/project/stagingDebugAndroidTestRuntimeClasspath","androidx.compose.ui:ui-test-android:1.7.6","","Retain pending scoped work packages; no OSV match is not security clearance"
"androidx.test.espresso:espresso-idling-resource:3.5.0",":app/project/devDebugAndroidTestRuntimeClasspath; :app/project/prodDebugAndroidTestRuntimeClasspath; :app/project/qaDebugAndroidTestRuntimeClasspath; :app/project/stagingDebugAndroidTestRuntimeClasspath","androidx.compose.ui:ui-test-android:1.7.6; androidx.test.espresso:espresso-core:3.5.0","","Retain pending scoped work packages; no OSV match is not security clearance"
"androidx.test.ext:junit:1.2.1",":app/project/devDebugAndroidTestCompileClasspath; :app/project/devDebugAndroidTestRuntimeClasspath; :app/project/prodDebugAndroidTestCompileClasspath; :app/project/prodDebugAndroidTestRuntimeClasspath; :app/project/qaDebugAndroidTestCompileClasspath; :app/project/qaDebugAndroidTestRuntimeClasspath; :app/project/stagingDebugAndroidTestCompileClasspath; :app/project/stagingDebugAndroidTestRuntimeClasspath","androidx.compose.ui:ui-test-junit4-android:1.7.6; project :app","","Retain pending scoped work packages; no OSV match is not security clearance"
"androidx.test.services:storage:1.5.0",":app/project/devDebugAndroidTestCompileClasspath; :app/project/devDebugAndroidTestRuntimeClasspath; :app/project/prodDebugAndroidTestCompileClasspath; :app/project/prodDebugAndroidTestRuntimeClasspath; :app/project/qaDebugAndroidTestCompileClasspath; :app/project/qaDebugAndroidTestRuntimeClasspath; :app/project/stagingDebugAndroidTestCompileClasspath; :app/project/stagingDebugAndroidTestRuntimeClasspath","androidx.test:runner:1.6.2; androidx.test.ext:junit:1.2.1","","Retain pending scoped work packages; no OSV match is not security clearance"
"androidx.test.uiautomator:uiautomator:2.3.0",":app/project/devDebugAndroidTestCompileClasspath; :app/project/devDebugAndroidTestRuntimeClasspath; :app/project/prodDebugAndroidTestCompileClasspath; :app/project/prodDebugAndroidTestRuntimeClasspath; :app/project/qaDebugAndroidTestCompileClasspath; :app/project/qaDebugAndroidTestRuntimeClasspath; :app/project/stagingDebugAndroidTestCompileClasspath; :app/project/stagingDebugAndroidTestRuntimeClasspath","project :app","","Retain pending scoped work packages; no OSV match is not security clearance"
"androidx.tracing:tracing-ktx:1.2.0",":app/project/devDebugRuntimeClasspath; :app/project/devDebugUnitTestRuntimeClasspath; :app/project/devReleaseRuntimeClasspath; :app/project/devReleaseUnitTestRuntimeClasspath; :app/project/prodDebugRuntimeClasspath; :app/project/prodDebugUnitTestRuntimeClasspath; :app/project/prodReleaseRuntimeClasspath; :app/project/prodReleaseUnitTestRuntimeClasspath; :app/project/qaDebugRuntimeClasspath; :app/project/qaDebugUnitTestRuntimeClasspath; :app/project/qaReleaseRuntimeClasspath; :app/project/qaReleaseUnitTestRuntimeClasspath; :app/project/stagingDebugRuntimeClasspath; :app/project/stagingDebugUnitTestRuntimeClasspath; :app/project/stagingReleaseRuntimeClasspath; :app/project/stagingReleaseUnitTestRuntimeClasspath","androidx.camera:camera-lifecycle:1.4.1","","Retain pending scoped work packages; no OSV match is not security clearance"
"androidx.tracing:tracing:1.2.0",":app/project/devDebugAndroidTestCompileClasspath; :app/project/devDebugAndroidTestRuntimeClasspath; :app/project/devDebugRuntimeClasspath; :app/project/devDebugUnitTestRuntimeClasspath; :app/project/devReleaseRuntimeClasspath; :app/project/devReleaseUnitTestRuntimeClasspath; :app/project/prodDebugAndroidTestCompileClasspath; :app/project/prodDebugAndroidTestRuntimeClasspath; :app/project/prodDebugRuntimeClasspath; :app/project/prodDebugUnitTestRuntimeClasspath; :app/project/prodReleaseRuntimeClasspath; :app/project/prodReleaseUnitTestRuntimeClasspath; :app/project/qaDebugAndroidTestCompileClasspath; :app/project/qaDebugAndroidTestRuntimeClasspath; :app/project/qaDebugRuntimeClasspath; :app/project/qaDebugUnitTestRuntimeClasspath; :app/project/qaReleaseRuntimeClasspath; :app/project/qaReleaseUnitTestRuntimeClasspath; :app/project/stagingDebugAndroidTestCompileClasspath; :app/project/stagingDebugAndroidTestRuntimeClasspath; :app/project/stagingDebugRuntimeClasspath; :app/project/stagingDebugUnitTestRuntimeClasspath; :app/project/stagingReleaseRuntimeClasspath; :app/project/stagingReleaseUnitTestRuntimeClasspath","androidx.activity:activity:1.9.3; androidx.camera:camera-camera2:1.4.1; androidx.camera:camera-core:1.4.1; androidx.core:core:1.15.0; androidx.startup:startup-runtime:1.1.1; androidx.test:core:1.6.1; androidx.test:monitor:1.7.2; androidx.test:runner:1.6.2; androidx.test.uiautomator:uiautomator:2.3.0; androidx.tracing:tracing-ktx:1.2.0","","Retain pending scoped work packages; no OSV match is not security clearance"
"androidx.vectordrawable:vectordrawable-animated:1.1.0",":app/project/devDebugRuntimeClasspath; :app/project/devDebugUnitTestRuntimeClasspath; :app/project/devReleaseRuntimeClasspath; :app/project/devReleaseUnitTestRuntimeClasspath; :app/project/prodDebugRuntimeClasspath; :app/project/prodDebugUnitTestRuntimeClasspath; :app/project/prodReleaseRuntimeClasspath; :app/project/prodReleaseUnitTestRuntimeClasspath; :app/project/qaDebugRuntimeClasspath; :app/project/qaDebugUnitTestRuntimeClasspath; :app/project/qaReleaseRuntimeClasspath; :app/project/qaReleaseUnitTestRuntimeClasspath; :app/project/stagingDebugRuntimeClasspath; :app/project/stagingDebugUnitTestRuntimeClasspath; :app/project/stagingReleaseRuntimeClasspath; :app/project/stagingReleaseUnitTestRuntimeClasspath","androidx.appcompat:appcompat-resources:1.2.0","","Retain pending scoped work packages; no OSV match is not security clearance"
"androidx.vectordrawable:vectordrawable:1.1.0",":app/project/devDebugRuntimeClasspath; :app/project/devDebugUnitTestRuntimeClasspath; :app/project/devReleaseRuntimeClasspath; :app/project/devReleaseUnitTestRuntimeClasspath; :app/project/prodDebugRuntimeClasspath; :app/project/prodDebugUnitTestRuntimeClasspath; :app/project/prodReleaseRuntimeClasspath; :app/project/prodReleaseUnitTestRuntimeClasspath; :app/project/qaDebugRuntimeClasspath; :app/project/qaDebugUnitTestRuntimeClasspath; :app/project/qaReleaseRuntimeClasspath; :app/project/qaReleaseUnitTestRuntimeClasspath; :app/project/stagingDebugRuntimeClasspath; :app/project/stagingDebugUnitTestRuntimeClasspath; :app/project/stagingReleaseRuntimeClasspath; :app/project/stagingReleaseUnitTestRuntimeClasspath","androidx.appcompat:appcompat-resources:1.2.0; androidx.vectordrawable:vectordrawable-animated:1.1.0","","Retain pending scoped work packages; no OSV match is not security clearance"
"androidx.versionedparcelable:versionedparcelable:1.1.1",":app/project/devDebugAndroidTestCompileClasspath; :app/project/devDebugAndroidTestRuntimeClasspath; :app/project/devDebugCompileClasspath; :app/project/devDebugRuntimeClasspath; :app/project/devDebugUnitTestCompileClasspath; :app/project/devDebugUnitTestRuntimeClasspath; :app/project/devReleaseCompileClasspath; :app/project/devReleaseRuntimeClasspath; :app/project/devReleaseUnitTestCompileClasspath; :app/project/devReleaseUnitTestRuntimeClasspath; :app/project/prodDebugAndroidTestCompileClasspath; :app/project/prodDebugAndroidTestRuntimeClasspath; :app/project/prodDebugCompileClasspath; :app/project/prodDebugRuntimeClasspath; :app/project/prodDebugUnitTestCompileClasspath; :app/project/prodDebugUnitTestRuntimeClasspath; :app/project/prodReleaseCompileClasspath; :app/project/prodReleaseRuntimeClasspath; :app/project/prodReleaseUnitTestCompileClasspath; :app/project/prodReleaseUnitTestRuntimeClasspath; :app/project/qaDebugAndroidTestCompileClasspath; :app/project/qaDebugAndroidTestRuntimeClasspath; :app/project/qaDebugCompileClasspath; :app/project/qaDebugRuntimeClasspath; :app/project/qaDebugUnitTestCompileClasspath; :app/project/qaDebugUnitTestRuntimeClasspath; :app/project/qaReleaseCompileClasspath; :app/project/qaReleaseRuntimeClasspath; :app/project/qaReleaseUnitTestCompileClasspath; :app/project/qaReleaseUnitTestRuntimeClasspath; :app/project/stagingDebugAndroidTestCompileClasspath; :app/project/stagingDebugAndroidTestRuntimeClasspath; :app/project/stagingDebugCompileClasspath; :app/project/stagingDebugRuntimeClasspath; :app/project/stagingDebugUnitTestCompileClasspath; :app/project/stagingDebugUnitTestRuntimeClasspath; :app/project/stagingReleaseCompileClasspath; :app/project/stagingReleaseRuntimeClasspath; :app/project/stagingReleaseUnitTestCompileClasspath; :app/project/stagingReleaseUnitTestRuntimeClasspath","androidx.core:core:1.15.0","","Retain pending scoped work packages; no OSV match is not security clearance"
"androidx.viewpager:viewpager:1.0.0",":app/project/devDebugAndroidTestCompileClasspath; :app/project/devDebugCompileClasspath; :app/project/devDebugRuntimeClasspath; :app/project/devDebugUnitTestCompileClasspath; :app/project/devDebugUnitTestRuntimeClasspath; :app/project/devReleaseCompileClasspath; :app/project/devReleaseRuntimeClasspath; :app/project/devReleaseUnitTestCompileClasspath; :app/project/devReleaseUnitTestRuntimeClasspath; :app/project/prodDebugAndroidTestCompileClasspath; :app/project/prodDebugCompileClasspath; :app/project/prodDebugRuntimeClasspath; :app/project/prodDebugUnitTestCompileClasspath; :app/project/prodDebugUnitTestRuntimeClasspath; :app/project/prodReleaseCompileClasspath; :app/project/prodReleaseRuntimeClasspath; :app/project/prodReleaseUnitTestCompileClasspath; :app/project/prodReleaseUnitTestRuntimeClasspath; :app/project/qaDebugAndroidTestCompileClasspath; :app/project/qaDebugCompileClasspath; :app/project/qaDebugRuntimeClasspath; :app/project/qaDebugUnitTestCompileClasspath; :app/project/qaDebugUnitTestRuntimeClasspath; :app/project/qaReleaseCompileClasspath; :app/project/qaReleaseRuntimeClasspath; :app/project/qaReleaseUnitTestCompileClasspath; :app/project/qaReleaseUnitTestRuntimeClasspath; :app/project/stagingDebugAndroidTestCompileClasspath; :app/project/stagingDebugCompileClasspath; :app/project/stagingDebugRuntimeClasspath; :app/project/stagingDebugUnitTestCompileClasspath; :app/project/stagingDebugUnitTestRuntimeClasspath; :app/project/stagingReleaseCompileClasspath; :app/project/stagingReleaseRuntimeClasspath; :app/project/stagingReleaseUnitTestCompileClasspath; :app/project/stagingReleaseUnitTestRuntimeClasspath","androidx.fragment:fragment:1.5.1","","Retain pending scoped work packages; no OSV match is not security clearance"
"com.android:signflinger:8.13.2",":/buildscript/classpath","com.android.tools.build:builder:8.13.2","","Retain pending scoped work packages; no OSV match is not security clearance"
"com.android:zipflinger:8.13.2",":/buildscript/classpath","com.android:signflinger:8.13.2; com.android.tools.build:builder:8.13.2","","Retain pending scoped work packages; no OSV match is not security clearance"
"com.android.application:com.android.application.gradle.plugin:8.13.2",":/buildscript/classpath","root project :","","Retain pending scoped work packages; no OSV match is not security clearance"
"com.android.databinding:baseLibrary:8.13.2",":/buildscript/classpath","androidx.databinding:databinding-compiler-common:8.13.2; com.android.tools.build:gradle:8.13.2","","Retain pending scoped work packages; no OSV match is not security clearance"
"com.android.tools:annotations:31.13.2",":/buildscript/classpath; :app/project/_internal-unified-test-platform-android-device-provider-ddmlib; :app/project/_internal-unified-test-platform-android-test-plugin-host-additional-test-output; :app/project/_internal-unified-test-platform-android-test-plugin-host-apk-installer; :app/project/_internal-unified-test-platform-android-test-plugin-host-coverage; :app/project/_internal-unified-test-platform-android-test-plugin-host-device-info; :app/project/_internal-unified-test-platform-android-test-plugin-host-emulator-control; :app/project/_internal-unified-test-platform-android-test-plugin-host-logcat; :app/project/_internal-unified-test-platform-android-test-plugin-result-listener-gradle","androidx.databinding:databinding-compiler-common:8.13.2; com.android:signflinger:8.13.2; com.android:zipflinger:8.13.2; com.android.tools:common:31.13.2; com.android.tools.analytics-library:crash:31.13.2; com.android.tools.analytics-library:shared:31.13.2; com.android.tools.analytics-library:tracker:31.13.2; com.android.tools.build:builder-model:8.13.2; com.android.tools.build:builder-test-api:8.13.2; com.android.tools.layoutlib:layoutlib-api:31.13.2; com.android.tools.lint:lint-typedef-remover:31.13.2","","Retain pending scoped work packages; no OSV match is not security clearance"
"com.android.tools:common:31.13.2",":/buildscript/classpath; :app/project/_internal-unified-test-platform-android-device-provider-ddmlib; :app/project/_internal-unified-test-platform-android-test-plugin-host-additional-test-output; :app/project/_internal-unified-test-platform-android-test-plugin-host-apk-installer; :app/project/_internal-unified-test-platform-android-test-plugin-host-coverage; :app/project/_internal-unified-test-platform-android-test-plugin-host-device-info; :app/project/_internal-unified-test-platform-android-test-plugin-host-emulator-control; :app/project/_internal-unified-test-platform-android-test-plugin-host-logcat; :app/project/_internal-unified-test-platform-android-test-plugin-result-listener-gradle","com.android.tools:dvlib:31.13.2; com.android.tools:repository:31.13.2; com.android.tools:sdk-common:31.13.2; com.android.tools:sdklib:31.13.2; com.android.tools.analytics-library:shared:31.13.2; com.android.tools.analytics-library:tracker:31.13.2; com.android.tools.build:aaptcompiler:8.13.2; com.android.tools.build:builder-test-api:8.13.2; com.android.tools.build:builder:8.13.2; com.android.tools.build:manifest-merger:31.13.2; com.android.tools.ddms:ddmlib:31.13.2; com.android.tools.layoutlib:layoutlib-api:31.13.2; com.android.tools.lint:lint-model:31.13.2; com.android.tools.utp:android-device-provider-ddmlib:31.13.2; com.android.tools.utp:android-device-provider-profile:31.13.2; com.android.tools.utp:android-test-plugin-host-additional-test-output:31.13.2; com.android.tools.utp:android-test-plugin-host-apk-installer:31.13.2; com.android.tools.utp:android-test-plugin-host-coverage:31.13.2; com.android.tools.utp:android-test-plugin-host-device-info:31.13.2; com.android.tools.utp:android-test-plugin-host-emulator-control:31.13.2; com.android.tools.utp:android-test-plugin-host-logcat:31.13.2; com.android.tools.utp:android-test-plugin-result-listener-gradle:31.13.2; com.android.tools.utp:utp-common:31.13.2","","Retain pending scoped work packages; no OSV match is not security clearance"
"com.android.tools:dvlib:31.13.2",":/buildscript/classpath","com.android.tools:sdklib:31.13.2","","Retain pending scoped work packages; no OSV match is not security clearance"
"com.android.tools:repository:31.13.2",":/buildscript/classpath","com.android.tools:sdklib:31.13.2; com.android.tools.build:gradle:8.13.2; com.android.tools.lint:lint-model:31.13.2","","Retain pending scoped work packages; no OSV match is not security clearance"
"com.android.tools:sdk-common:31.13.2",":/buildscript/classpath","com.android.tools.build:builder:8.13.2; com.android.tools.build:gradle:8.13.2; com.android.tools.build:manifest-merger:31.13.2; com.android.tools.lint:lint-model:31.13.2","","Retain pending scoped work packages; no OSV match is not security clearance"
"com.android.tools:sdklib:31.13.2",":/buildscript/classpath","com.android.tools:sdk-common:31.13.2; com.android.tools.build:builder:8.13.2; com.android.tools.build:gradle:8.13.2; com.android.tools.build:manifest-merger:31.13.2; com.android.tools.lint:lint-model:31.13.2","","Retain pending scoped work packages; no OSV match is not security clearance"
"com.android.tools.analytics-library:crash:31.13.2",":/buildscript/classpath","com.android.tools.build:gradle:8.13.2","","Retain pending scoped work packages; no OSV match is not security clearance"
"com.android.tools.analytics-library:protos:31.13.2",":/buildscript/classpath","com.android.tools.analytics-library:shared:31.13.2; com.android.tools.analytics-library:tracker:31.13.2; com.android.tools.build:builder:8.13.2","","Retain pending scoped work packages; no OSV match is not security clearance"
"com.android.tools.analytics-library:shared:31.13.2",":/buildscript/classpath","com.android.tools:repository:31.13.2; com.android.tools:sdk-common:31.13.2; com.android.tools.analytics-library:tracker:31.13.2; com.android.tools.build:gradle:8.13.2","","Retain pending scoped work packages; no OSV match is not security clearance"
"com.android.tools.analytics-library:tracker:31.13.2",":/buildscript/classpath","com.android.tools.build:builder:8.13.2","","Retain pending scoped work packages; no OSV match is not security clearance"
"com.android.tools.build:aapt2-proto:8.13.2-14304508",":/buildscript/classpath","com.android.tools:sdk-common:31.13.2; com.android.tools.build:aaptcompiler:8.13.2; com.android.tools.build:bundletool:1.18.1; com.android.tools.build:gradle:8.13.2","","Retain pending scoped work packages; no OSV match is not security clearance"
"com.android.tools.build:aaptcompiler:8.13.2",":/buildscript/classpath","com.android.tools.build:gradle:8.13.2","","Retain pending scoped work packages; no OSV match is not security clearance"
"com.android.tools.build:apksig:8.13.2",":/buildscript/classpath","com.android:signflinger:8.13.2; com.android.tools.build:apkzlib:8.13.2; com.android.tools.build:builder:8.13.2","","Retain pending scoped work packages; no OSV match is not security clearance"
"com.android.tools.build:apkzlib:8.13.2",":/buildscript/classpath","com.android.tools.build:builder:8.13.2","","Retain pending scoped work packages; no OSV match is not security clearance"
"com.android.tools.build:builder-model:8.13.2",":/buildscript/classpath","com.android.tools.build:builder:8.13.2; com.android.tools.build:gradle:8.13.2; com.android.tools.lint:lint-model:31.13.2","","Retain pending scoped work packages; no OSV match is not security clearance"
"com.android.tools.build:builder-test-api:8.13.2",":/buildscript/classpath","com.android.tools.build:builder:8.13.2; com.android.tools.build:gradle-api:8.13.2; com.android.tools.build:gradle:8.13.2","","Retain pending scoped work packages; no OSV match is not security clearance"
"com.android.tools.build:builder:8.13.2",":/buildscript/classpath","com.android.tools.build:gradle:8.13.2","","Retain pending scoped work packages; no OSV match is not security clearance"
"com.android.tools.build:bundletool:1.18.1",":/buildscript/classpath","com.android.tools.build:gradle:8.13.2","","Retain pending scoped work packages; no OSV match is not security clearance"
"com.android.tools.build:gradle-api:8.13.2",":/buildscript/classpath","com.android.tools.build:gradle:8.13.2","","Retain pending scoped work packages; no OSV match is not security clearance"
"com.android.tools.build:gradle-common-api:8.13.2",":/buildscript/classpath","com.android.tools.build:gradle-api:8.13.2; com.android.tools.build:gradle-settings-api:8.13.2","","Retain pending scoped work packages; no OSV match is not security clearance"
"com.android.tools.build:gradle-settings-api:8.13.2",":/buildscript/classpath","com.android.tools.build:gradle:8.13.2","","Retain pending scoped work packages; no OSV match is not security clearance"
"com.android.tools.build:gradle:8.13.2",":/buildscript/classpath","com.android.application:com.android.application.gradle.plugin:8.13.2","","Retain pending scoped work packages; no OSV match is not security clearance"
"com.android.tools.build:manifest-merger:31.13.2",":/buildscript/classpath","com.android.tools.build:builder:8.13.2","","Retain pending scoped work packages; no OSV match is not security clearance"
"com.android.tools.build:transform-api:2.0.0-deprecated-use-gradle-api",":/buildscript/classpath","com.android.tools.build:gradle:8.13.2","","Retain pending scoped work packages; no OSV match is not security clearance"
"com.android.tools.build.jetifier:jetifier-core:1.0.0-beta10",":/buildscript/classpath","androidx.databinding:databinding-compiler-common:8.13.2; com.android.tools.build:gradle:8.13.2; com.android.tools.build.jetifier:jetifier-processor:1.0.0-beta10","","Retain pending scoped work packages; no OSV match is not security clearance"
"com.android.tools.build.jetifier:jetifier-processor:1.0.0-beta10",":/buildscript/classpath","com.android.tools.build:gradle:8.13.2","","Retain pending scoped work packages; no OSV match is not security clearance"
"com.android.tools.ddms:ddmlib:31.13.2",":/buildscript/classpath; :app/project/_internal-unified-test-platform-android-device-provider-ddmlib","com.android.tools:sdk-common:31.13.2; com.android.tools.build:builder-test-api:8.13.2; com.android.tools.build:builder:8.13.2; com.android.tools.build:gradle:8.13.2; com.android.tools.utp:android-device-provider-ddmlib:31.13.2","","Retain pending scoped work packages; no OSV match is not security clearance"
"com.android.tools.emulator:proto:31.13.2",":app/project/_internal-unified-test-platform-android-test-plugin-host-emulator-control","com.android.tools.utp:android-test-plugin-host-emulator-control:31.13.2","","Retain pending scoped work packages; no OSV match is not security clearance"
"com.android.tools.layoutlib:layoutlib-api:31.13.2",":/buildscript/classpath","com.android.tools:sdk-common:31.13.2; com.android.tools:sdklib:31.13.2; com.android.tools.build:aaptcompiler:8.13.2; com.android.tools.build:builder:8.13.2; com.android.tools.build:gradle:8.13.2","","Retain pending scoped work packages; no OSV match is not security clearance"
"com.android.tools.lint:lint-model:31.13.2",":/buildscript/classpath","com.android.tools.build:gradle:8.13.2","","Retain pending scoped work packages; no OSV match is not security clearance"
"com.android.tools.lint:lint-typedef-remover:31.13.2",":/buildscript/classpath","com.android.tools.build:gradle:8.13.2","","Retain pending scoped work packages; no OSV match is not security clearance"
"com.android.tools.utp:android-device-provider-ddmlib-proto:31.13.2",":/buildscript/classpath; :app/project/_internal-unified-test-platform-android-device-provider-ddmlib","com.android.tools.build:gradle:8.13.2; com.android.tools.utp:android-device-provider-ddmlib:31.13.2","","Retain pending scoped work packages; no OSV match is not security clearance"
"com.android.tools.utp:android-device-provider-ddmlib:31.13.2",":app/project/_internal-unified-test-platform-android-device-provider-ddmlib","project :app","","Retain pending scoped work packages; no OSV match is not security clearance"
"com.android.tools.utp:android-device-provider-profile-proto:31.13.2",":/buildscript/classpath; :app/project/_internal-unified-test-platform-android-device-provider-ddmlib","com.android.tools.build:gradle:8.13.2; com.android.tools.utp:android-device-provider-profile:31.13.2","","Retain pending scoped work packages; no OSV match is not security clearance"
"com.android.tools.utp:android-device-provider-profile:31.13.2",":app/project/_internal-unified-test-platform-android-device-provider-ddmlib","com.android.tools.utp:android-device-provider-ddmlib:31.13.2","","Retain pending scoped work packages; no OSV match is not security clearance"
"com.android.tools.utp:android-test-plugin-host-additional-test-output-proto:31.13.2",":/buildscript/classpath; :app/project/_internal-unified-test-platform-android-test-plugin-host-additional-test-output","com.android.tools.build:gradle:8.13.2; com.android.tools.utp:android-test-plugin-host-additional-test-output:31.13.2","","Retain pending scoped work packages; no OSV match is not security clearance"
"com.android.tools.utp:android-test-plugin-host-additional-test-output:31.13.2",":app/project/_internal-unified-test-platform-android-test-plugin-host-additional-test-output","project :app","","Retain pending scoped work packages; no OSV match is not security clearance"
"com.android.tools.utp:android-test-plugin-host-apk-installer-proto:31.13.2",":/buildscript/classpath; :app/project/_internal-unified-test-platform-android-test-plugin-host-apk-installer","com.android.tools.build:gradle:8.13.2; com.android.tools.utp:android-test-plugin-host-apk-installer:31.13.2","","Retain pending scoped work packages; no OSV match is not security clearance"
"com.android.tools.utp:android-test-plugin-host-apk-installer:31.13.2",":app/project/_internal-unified-test-platform-android-test-plugin-host-apk-installer","project :app","","Retain pending scoped work packages; no OSV match is not security clearance"
"com.android.tools.utp:android-test-plugin-host-coverage-proto:31.13.2",":/buildscript/classpath; :app/project/_internal-unified-test-platform-android-test-plugin-host-coverage","com.android.tools.build:gradle:8.13.2; com.android.tools.utp:android-test-plugin-host-coverage:31.13.2","","Retain pending scoped work packages; no OSV match is not security clearance"
"com.android.tools.utp:android-test-plugin-host-coverage:31.13.2",":app/project/_internal-unified-test-platform-android-test-plugin-host-coverage","project :app","","Retain pending scoped work packages; no OSV match is not security clearance"
"com.android.tools.utp:android-test-plugin-host-device-info-proto:31.13.2",":app/project/_internal-unified-test-platform-android-test-plugin-host-device-info","com.android.tools.utp:android-test-plugin-host-device-info:31.13.2","","Retain pending scoped work packages; no OSV match is not security clearance"
"com.android.tools.utp:android-test-plugin-host-device-info:31.13.2",":app/project/_internal-unified-test-platform-android-test-plugin-host-device-info","project :app","","Retain pending scoped work packages; no OSV match is not security clearance"
"com.android.tools.utp:android-test-plugin-host-emulator-control-proto:31.13.2",":/buildscript/classpath; :app/project/_internal-unified-test-platform-android-test-plugin-host-emulator-control","com.android.tools.build:gradle:8.13.2; com.android.tools.utp:android-test-plugin-host-emulator-control:31.13.2","","Retain pending scoped work packages; no OSV match is not security clearance"
"com.android.tools.utp:android-test-plugin-host-emulator-control:31.13.2",":app/project/_internal-unified-test-platform-android-test-plugin-host-emulator-control","project :app","","Retain pending scoped work packages; no OSV match is not security clearance"
"com.android.tools.utp:android-test-plugin-host-logcat-proto:31.13.2",":/buildscript/classpath; :app/project/_internal-unified-test-platform-android-test-plugin-host-logcat","com.android.tools.build:gradle:8.13.2; com.android.tools.utp:android-test-plugin-host-logcat:31.13.2","","Retain pending scoped work packages; no OSV match is not security clearance"
"com.android.tools.utp:android-test-plugin-host-logcat:31.13.2",":app/project/_internal-unified-test-platform-android-test-plugin-host-logcat","project :app","","Retain pending scoped work packages; no OSV match is not security clearance"
"com.android.tools.utp:android-test-plugin-result-listener-gradle-proto:31.13.2",":/buildscript/classpath; :app/project/_internal-unified-test-platform-android-test-plugin-result-listener-gradle","com.android.tools.build:gradle:8.13.2; com.android.tools.utp:android-test-plugin-result-listener-gradle:31.13.2","","Retain pending scoped work packages; no OSV match is not security clearance"
"com.android.tools.utp:android-test-plugin-result-listener-gradle:31.13.2",":app/project/_internal-unified-test-platform-android-test-plugin-result-listener-gradle","project :app","","Retain pending scoped work packages; no OSV match is not security clearance"
"com.android.tools.utp:utp-common:31.13.2",":app/project/_internal-unified-test-platform-android-test-plugin-host-additional-test-output; :app/project/_internal-unified-test-platform-android-test-plugin-host-device-info; :app/project/_internal-unified-test-platform-android-test-plugin-host-logcat","com.android.tools.utp:android-test-plugin-host-additional-test-output:31.13.2; com.android.tools.utp:android-test-plugin-host-device-info:31.13.2; com.android.tools.utp:android-test-plugin-host-logcat:31.13.2","","Retain pending scoped work packages; no OSV match is not security clearance"
"com.github.jk1:gradle-license-report:2.9",":/buildscript/classpath","com.github.jk1.dependency-license-report:com.github.jk1.dependency-license-report.gradle.plugin:2.9","","Retain pending scoped work packages; no OSV match is not security clearance"
"com.github.jk1.dependency-license-report:com.github.jk1.dependency-license-report.gradle.plugin:2.9",":/buildscript/classpath","root project :","","Retain pending scoped work packages; no OSV match is not security clearance"
"com.google.android:annotations:4.1.1.4",":/buildscript/classpath; :app/project/_internal-unified-test-platform-android-test-plugin-host-emulator-control; :app/project/_internal-unified-test-platform-android-test-plugin-result-listener-gradle; :app/project/_internal-unified-test-platform-core","io.grpc:grpc-core:1.57.2; io.grpc:grpc-core:1.69.1","","Retain pending scoped work packages; no OSV match is not security clearance"
"com.google.api.grpc:proto-google-common-protos:2.17.0",":app/project/_internal-unified-test-platform-android-device-provider-ddmlib; :app/project/_internal-unified-test-platform-android-test-plugin-host-additional-test-output; :app/project/_internal-unified-test-platform-android-test-plugin-host-apk-installer; :app/project/_internal-unified-test-platform-android-test-plugin-host-coverage; :app/project/_internal-unified-test-platform-android-test-plugin-host-device-info; :app/project/_internal-unified-test-platform-android-test-plugin-host-logcat; :app/project/_internal-unified-test-platform-core","com.google.testing.platform:android-device-provider-local:0.0.9-alpha03; com.google.testing.platform:core:0.0.9-alpha03; io.grpc:grpc-protobuf:1.57.2","","Retain pending scoped work packages; no OSV match is not security clearance"
"com.google.api.grpc:proto-google-common-protos:2.48.0",":/buildscript/classpath; :app/project/_internal-unified-test-platform-android-test-plugin-host-emulator-control; :app/project/_internal-unified-test-platform-android-test-plugin-result-listener-gradle","com.google.testing.platform:android-device-provider-local:0.0.9-alpha03; io.grpc:grpc-protobuf:1.69.1","","Retain pending scoped work packages; no OSV match is not security clearance"
"com.google.auto:auto-common:0.11",":app/project/kspDevDebugAndroidTestKotlinProcessorClasspath; :app/project/kspDevDebugKotlinProcessorClasspath; :app/project/kspDevDebugUnitTestKotlinProcessorClasspath; :app/project/kspDevReleaseKotlinProcessorClasspath; :app/project/kspDevReleaseUnitTestKotlinProcessorClasspath; :app/project/kspProdDebugAndroidTestKotlinProcessorClasspath; :app/project/kspProdDebugKotlinProcessorClasspath; :app/project/kspProdDebugUnitTestKotlinProcessorClasspath; :app/project/kspProdReleaseKotlinProcessorClasspath; :app/project/kspProdReleaseUnitTestKotlinProcessorClasspath; :app/project/kspQaDebugAndroidTestKotlinProcessorClasspath; :app/project/kspQaDebugKotlinProcessorClasspath; :app/project/kspQaDebugUnitTestKotlinProcessorClasspath; :app/project/kspQaReleaseKotlinProcessorClasspath; :app/project/kspQaReleaseUnitTestKotlinProcessorClasspath; :app/project/kspStagingDebugAndroidTestKotlinProcessorClasspath; :app/project/kspStagingDebugKotlinProcessorClasspath; :app/project/kspStagingDebugUnitTestKotlinProcessorClasspath; :app/project/kspStagingReleaseKotlinProcessorClasspath; :app/project/kspStagingReleaseUnitTestKotlinProcessorClasspath","androidx.room:room-compiler-processing:2.6.1; androidx.room:room-compiler:2.6.1","","Retain pending scoped work packages; no OSV match is not security clearance"
"com.google.auto:auto-common:1.2.1",":app/project/_internal-unified-test-platform-android-device-provider-ddmlib; :app/project/_internal-unified-test-platform-android-driver-instrumentation; :app/project/_internal-unified-test-platform-android-test-plugin; :app/project/_internal-unified-test-platform-android-test-plugin-host-additional-test-output; :app/project/_internal-unified-test-platform-android-test-plugin-host-apk-installer; :app/project/_internal-unified-test-platform-android-test-plugin-host-coverage; :app/project/_internal-unified-test-platform-android-test-plugin-host-device-info; :app/project/_internal-unified-test-platform-android-test-plugin-host-emulator-control; :app/project/_internal-unified-test-platform-android-test-plugin-host-logcat; :app/project/_internal-unified-test-platform-android-test-plugin-result-listener-gradle","com.google.auto.service:auto-service:1.1.1","","Retain pending scoped work packages; no OSV match is not security clearance"
"com.google.auto.service:auto-service-annotations:1.1.1",":app/project/_internal-unified-test-platform-android-device-provider-ddmlib; :app/project/_internal-unified-test-platform-android-driver-instrumentation; :app/project/_internal-unified-test-platform-android-test-plugin; :app/project/_internal-unified-test-platform-android-test-plugin-host-additional-test-output; :app/project/_internal-unified-test-platform-android-test-plugin-host-apk-installer; :app/project/_internal-unified-test-platform-android-test-plugin-host-coverage; :app/project/_internal-unified-test-platform-android-test-plugin-host-device-info; :app/project/_internal-unified-test-platform-android-test-plugin-host-emulator-control; :app/project/_internal-unified-test-platform-android-test-plugin-host-logcat; :app/project/_internal-unified-test-platform-android-test-plugin-result-listener-gradle","com.google.auto.service:auto-service:1.1.1","","Retain pending scoped work packages; no OSV match is not security clearance"
"com.google.auto.service:auto-service:1.1.1",":app/project/_internal-unified-test-platform-android-device-provider-ddmlib; :app/project/_internal-unified-test-platform-android-driver-instrumentation; :app/project/_internal-unified-test-platform-android-test-plugin; :app/project/_internal-unified-test-platform-android-test-plugin-host-additional-test-output; :app/project/_internal-unified-test-platform-android-test-plugin-host-apk-installer; :app/project/_internal-unified-test-platform-android-test-plugin-host-coverage; :app/project/_internal-unified-test-platform-android-test-plugin-host-device-info; :app/project/_internal-unified-test-platform-android-test-plugin-host-emulator-control; :app/project/_internal-unified-test-platform-android-test-plugin-host-logcat; :app/project/_internal-unified-test-platform-android-test-plugin-result-listener-gradle","com.google.testing.platform:android-device-provider-local:0.0.9-alpha03; com.google.testing.platform:android-driver-instrumentation:0.0.9-alpha03; com.google.testing.platform:android-test-plugin:0.0.9-alpha03","","Retain pending scoped work packages; no OSV match is not security clearance"
"com.google.auto.value:auto-value-annotations:1.6.2",":/buildscript/classpath","com.android.tools.build:bundletool:1.18.1","","Retain pending scoped work packages; no OSV match is not security clearance"
"com.google.auto.value:auto-value-annotations:1.6.3",":app/project/devDebugRuntimeClasspath; :app/project/devDebugUnitTestRuntimeClasspath; :app/project/devReleaseRuntimeClasspath; :app/project/devReleaseUnitTestRuntimeClasspath; :app/project/kspDevDebugAndroidTestKotlinProcessorClasspath; :app/project/kspDevDebugKotlinProcessorClasspath; :app/project/kspDevDebugUnitTestKotlinProcessorClasspath; :app/project/kspDevReleaseKotlinProcessorClasspath; :app/project/kspDevReleaseUnitTestKotlinProcessorClasspath; :app/project/kspProdDebugAndroidTestKotlinProcessorClasspath; :app/project/kspProdDebugKotlinProcessorClasspath; :app/project/kspProdDebugUnitTestKotlinProcessorClasspath; :app/project/kspProdReleaseKotlinProcessorClasspath; :app/project/kspProdReleaseUnitTestKotlinProcessorClasspath; :app/project/kspQaDebugAndroidTestKotlinProcessorClasspath; :app/project/kspQaDebugKotlinProcessorClasspath; :app/project/kspQaDebugUnitTestKotlinProcessorClasspath; :app/project/kspQaReleaseKotlinProcessorClasspath; :app/project/kspQaReleaseUnitTestKotlinProcessorClasspath; :app/project/kspStagingDebugAndroidTestKotlinProcessorClasspath; :app/project/kspStagingDebugKotlinProcessorClasspath; :app/project/kspStagingDebugUnitTestKotlinProcessorClasspath; :app/project/kspStagingReleaseKotlinProcessorClasspath; :app/project/kspStagingReleaseUnitTestKotlinProcessorClasspath; :app/project/prodDebugRuntimeClasspath; :app/project/prodDebugUnitTestRuntimeClasspath; :app/project/prodReleaseRuntimeClasspath; :app/project/prodReleaseUnitTestRuntimeClasspath; :app/project/qaDebugRuntimeClasspath; :app/project/qaDebugUnitTestRuntimeClasspath; :app/project/qaReleaseRuntimeClasspath; :app/project/qaReleaseUnitTestRuntimeClasspath; :app/project/stagingDebugRuntimeClasspath; :app/project/stagingDebugUnitTestRuntimeClasspath; :app/project/stagingReleaseRuntimeClasspath; :app/project/stagingReleaseUnitTestRuntimeClasspath","androidx.camera:camera-camera2:1.4.1; androidx.camera:camera-core:1.4.1; androidx.camera:camera-lifecycle:1.4.1; androidx.room:room-compiler-processing:2.6.1; androidx.room:room-compiler:2.6.1","","Retain pending scoped work packages; no OSV match is not security clearance"
"com.google.code.findbugs:jsr305:3.0.2",":/buildscript/classpath; :app/project/_internal-unified-test-platform-android-device-provider-ddmlib; :app/project/_internal-unified-test-platform-android-driver-instrumentation; :app/project/_internal-unified-test-platform-android-test-plugin; :app/project/_internal-unified-test-platform-android-test-plugin-host-additional-test-output; :app/project/_internal-unified-test-platform-android-test-plugin-host-apk-installer; :app/project/_internal-unified-test-platform-android-test-plugin-host-coverage; :app/project/_internal-unified-test-platform-android-test-plugin-host-device-info; :app/project/_internal-unified-test-platform-android-test-plugin-host-emulator-control; :app/project/_internal-unified-test-platform-android-test-plugin-host-logcat; :app/project/_internal-unified-test-platform-android-test-plugin-result-listener-gradle; :app/project/_internal-unified-test-platform-core; :app/project/_internal-unified-test-platform-launcher; :app/project/devDebugAndroidTestCompileClasspath; :app/project/devDebugAndroidTestRuntimeClasspath; :app/project/devDebugCompileClasspath; :app/project/devDebugRuntimeClasspath; :app/project/devDebugUnitTestCompileClasspath; :app/project/devDebugUnitTestRuntimeClasspath; :app/project/devReleaseCompileClasspath; :app/project/devReleaseRuntimeClasspath; :app/project/devReleaseUnitTestCompileClasspath; :app/project/devReleaseUnitTestRuntimeClasspath; :app/project/kspDevDebugAndroidTestKotlinProcessorClasspath; :app/project/kspDevDebugKotlinProcessorClasspath; :app/project/kspDevDebugUnitTestKotlinProcessorClasspath; :app/project/kspDevReleaseKotlinProcessorClasspath; :app/project/kspDevReleaseUnitTestKotlinProcessorClasspath; :app/project/kspProdDebugAndroidTestKotlinProcessorClasspath; :app/project/kspProdDebugKotlinProcessorClasspath; :app/project/kspProdDebugUnitTestKotlinProcessorClasspath; :app/project/kspProdReleaseKotlinProcessorClasspath; :app/project/kspProdReleaseUnitTestKotlinProcessorClasspath; :app/project/kspQaDebugAndroidTestKotlinProcessorClasspath; :app/project/kspQaDebugKotlinProcessorClasspath; :app/project/kspQaDebugUnitTestKotlinProcessorClasspath; :app/project/kspQaReleaseKotlinProcessorClasspath; :app/project/kspQaReleaseUnitTestKotlinProcessorClasspath; :app/project/kspStagingDebugAndroidTestKotlinProcessorClasspath; :app/project/kspStagingDebugKotlinProcessorClasspath; :app/project/kspStagingDebugUnitTestKotlinProcessorClasspath; :app/project/kspStagingReleaseKotlinProcessorClasspath; :app/project/kspStagingReleaseUnitTestKotlinProcessorClasspath; :app/project/prodDebugAndroidTestCompileClasspath; :app/project/prodDebugAndroidTestRuntimeClasspath; :app/project/prodDebugCompileClasspath; :app/project/prodDebugRuntimeClasspath; :app/project/prodDebugUnitTestCompileClasspath; :app/project/prodDebugUnitTestRuntimeClasspath; :app/project/prodReleaseCompileClasspath; :app/project/prodReleaseRuntimeClasspath; :app/project/prodReleaseUnitTestCompileClasspath; :app/project/prodReleaseUnitTestRuntimeClasspath; :app/project/qaDebugAndroidTestCompileClasspath; :app/project/qaDebugAndroidTestRuntimeClasspath; :app/project/qaDebugCompileClasspath; :app/project/qaDebugRuntimeClasspath; :app/project/qaDebugUnitTestCompileClasspath; :app/project/qaDebugUnitTestRuntimeClasspath; :app/project/qaReleaseCompileClasspath; :app/project/qaReleaseRuntimeClasspath; :app/project/qaReleaseUnitTestCompileClasspath; :app/project/qaReleaseUnitTestRuntimeClasspath; :app/project/stagingDebugAndroidTestCompileClasspath; :app/project/stagingDebugAndroidTestRuntimeClasspath; :app/project/stagingDebugCompileClasspath; :app/project/stagingDebugRuntimeClasspath; :app/project/stagingDebugUnitTestCompileClasspath; :app/project/stagingDebugUnitTestRuntimeClasspath; :app/project/stagingReleaseCompileClasspath; :app/project/stagingReleaseRuntimeClasspath; :app/project/stagingReleaseUnitTestCompileClasspath; :app/project/stagingReleaseUnitTestRuntimeClasspath","androidx.test.espresso:espresso-core:3.5.0; com.android.tools.build:apkzlib:8.13.2; com.google.dagger:dagger-compiler:2.56.2; com.google.dagger:dagger-spi:2.56.2; com.google.dagger:hilt-android-compiler:2.56.2; com.google.dagger:hilt-android:2.56.2; com.google.dagger:hilt-core:2.56.2; com.google.guava:guava:32.0.1-jre; com.google.guava:guava:33.0.0-jre; com.google.guava:guava:33.3.1-jre; com.google.protobuf:protobuf-java-util:3.22.3; com.google.protobuf:protobuf-java-util:3.24.4; com.google.protobuf:protobuf-java-util:3.25.5; io.grpc:grpc-api:1.57.2; io.grpc:grpc-api:1.69.1; io.grpc:grpc-protobuf-lite:1.57.2; io.grpc:grpc-protobuf-lite:1.69.1; io.grpc:grpc-protobuf:1.57.2; io.grpc:grpc-protobuf:1.69.1","","Retain pending scoped work packages; no OSV match is not security clearance"
"com.google.code.gson:gson:2.10.1",":app/project/_internal-unified-test-platform-core","com.google.protobuf:protobuf-java-util:3.22.3; io.grpc:grpc-core:1.57.2","","Retain pending scoped work packages; no OSV match is not security clearance"
"com.google.code.gson:gson:2.11.0",":/buildscript/classpath; :app/project/_internal-unified-test-platform-android-test-plugin-host-emulator-control; :app/project/_internal-unified-test-platform-android-test-plugin-result-listener-gradle","androidx.databinding:databinding-compiler-common:8.13.2; com.android.tools:sdk-common:31.13.2; com.android.tools:sdklib:31.13.2; com.android.tools.analytics-library:shared:31.13.2; com.android.tools.build:builder:8.13.2; com.android.tools.build:gradle:8.13.2; com.android.tools.build:manifest-merger:31.13.2; com.android.tools.build.jetifier:jetifier-core:1.0.0-beta10; com.android.tools.emulator:proto:31.13.2; com.android.tools.utp:android-test-plugin-host-emulator-control:31.13.2; com.android.tools.utp:android-test-plugin-result-listener-gradle-proto:31.13.2; com.android.tools.utp:android-test-plugin-result-listener-gradle:31.13.2; com.google.crypto.tink:tink:1.7.0; com.google.protobuf:protobuf-java-util:3.24.4; com.google.protobuf:protobuf-java-util:3.25.5; io.grpc:grpc-core:1.69.1; org.jetbrains.kotlin:kotlin-build-statistics:2.1.0","","Retain pending scoped work packages; no OSV match is not security clearance"
"com.google.code.gson:gson:2.8.9",":app/project/_internal-unified-test-platform-android-driver-instrumentation; :app/project/_internal-unified-test-platform-android-test-plugin-host-additional-test-output; :app/project/_internal-unified-test-platform-android-test-plugin-host-device-info; :app/project/_internal-unified-test-platform-android-test-plugin-host-logcat; :app/project/_internal-unified-test-platform-launcher; :app/project/devDebugRuntimeClasspath; :app/project/devDebugUnitTestRuntimeClasspath; :app/project/devReleaseRuntimeClasspath; :app/project/devReleaseUnitTestRuntimeClasspath; :app/project/prodDebugRuntimeClasspath; :app/project/prodDebugUnitTestRuntimeClasspath; :app/project/prodReleaseRuntimeClasspath; :app/project/prodReleaseUnitTestRuntimeClasspath; :app/project/qaDebugRuntimeClasspath; :app/project/qaDebugUnitTestRuntimeClasspath; :app/project/qaReleaseRuntimeClasspath; :app/project/qaReleaseUnitTestRuntimeClasspath; :app/project/stagingDebugRuntimeClasspath; :app/project/stagingDebugUnitTestRuntimeClasspath; :app/project/stagingReleaseRuntimeClasspath; :app/project/stagingReleaseUnitTestRuntimeClasspath","com.google.crypto.tink:tink-android:1.8.0; com.google.protobuf:protobuf-java-util:3.24.4","","Retain pending scoped work packages; no OSV match is not security clearance"
"com.google.code.gson:gson:2.9.0",":app/project/kspDevDebugAndroidTestKotlinProcessorClasspath; :app/project/kspDevDebugKotlinProcessorClasspath; :app/project/kspDevDebugUnitTestKotlinProcessorClasspath; :app/project/kspDevReleaseKotlinProcessorClasspath; :app/project/kspDevReleaseUnitTestKotlinProcessorClasspath; :app/project/kspProdDebugAndroidTestKotlinProcessorClasspath; :app/project/kspProdDebugKotlinProcessorClasspath; :app/project/kspProdDebugUnitTestKotlinProcessorClasspath; :app/project/kspProdReleaseKotlinProcessorClasspath; :app/project/kspProdReleaseUnitTestKotlinProcessorClasspath; :app/project/kspQaDebugAndroidTestKotlinProcessorClasspath; :app/project/kspQaDebugKotlinProcessorClasspath; :app/project/kspQaDebugUnitTestKotlinProcessorClasspath; :app/project/kspQaReleaseKotlinProcessorClasspath; :app/project/kspQaReleaseUnitTestKotlinProcessorClasspath; :app/project/kspStagingDebugAndroidTestKotlinProcessorClasspath; :app/project/kspStagingDebugKotlinProcessorClasspath; :app/project/kspStagingDebugUnitTestKotlinProcessorClasspath; :app/project/kspStagingReleaseKotlinProcessorClasspath; :app/project/kspStagingReleaseUnitTestKotlinProcessorClasspath","androidx.room:room-migration:2.6.1","","Retain pending scoped work packages; no OSV match is not security clearance"
"com.google.crypto.tink:tink-android:1.8.0",":app/project/devDebugRuntimeClasspath; :app/project/devDebugUnitTestRuntimeClasspath; :app/project/devReleaseRuntimeClasspath; :app/project/devReleaseUnitTestRuntimeClasspath; :app/project/prodDebugRuntimeClasspath; :app/project/prodDebugUnitTestRuntimeClasspath; :app/project/prodReleaseRuntimeClasspath; :app/project/prodReleaseUnitTestRuntimeClasspath; :app/project/qaDebugRuntimeClasspath; :app/project/qaDebugUnitTestRuntimeClasspath; :app/project/qaReleaseRuntimeClasspath; :app/project/qaReleaseUnitTestRuntimeClasspath; :app/project/stagingDebugRuntimeClasspath; :app/project/stagingDebugUnitTestRuntimeClasspath; :app/project/stagingReleaseRuntimeClasspath; :app/project/stagingReleaseUnitTestRuntimeClasspath","androidx.security:security-crypto:1.1.0-alpha06","","Retain pending scoped work packages; no OSV match is not security clearance"
"com.google.crypto.tink:tink:1.7.0",":/buildscript/classpath; :app/project/_internal-unified-test-platform-android-test-plugin-host-emulator-control","com.android.tools.build:gradle:8.13.2; com.android.tools.utp:android-test-plugin-host-emulator-control:31.13.2","","Retain pending scoped work packages; no OSV match is not security clearance"
"com.google.dagger:dagger-compiler:2.56.2",":app/project/kspDevDebugAndroidTestKotlinProcessorClasspath; :app/project/kspDevDebugKotlinProcessorClasspath; :app/project/kspDevDebugUnitTestKotlinProcessorClasspath; :app/project/kspDevReleaseKotlinProcessorClasspath; :app/project/kspDevReleaseUnitTestKotlinProcessorClasspath; :app/project/kspProdDebugAndroidTestKotlinProcessorClasspath; :app/project/kspProdDebugKotlinProcessorClasspath; :app/project/kspProdDebugUnitTestKotlinProcessorClasspath; :app/project/kspProdReleaseKotlinProcessorClasspath; :app/project/kspProdReleaseUnitTestKotlinProcessorClasspath; :app/project/kspQaDebugAndroidTestKotlinProcessorClasspath; :app/project/kspQaDebugKotlinProcessorClasspath; :app/project/kspQaDebugUnitTestKotlinProcessorClasspath; :app/project/kspQaReleaseKotlinProcessorClasspath; :app/project/kspQaReleaseUnitTestKotlinProcessorClasspath; :app/project/kspStagingDebugAndroidTestKotlinProcessorClasspath; :app/project/kspStagingDebugKotlinProcessorClasspath; :app/project/kspStagingDebugUnitTestKotlinProcessorClasspath; :app/project/kspStagingReleaseKotlinProcessorClasspath; :app/project/kspStagingReleaseUnitTestKotlinProcessorClasspath","com.google.dagger:hilt-android-compiler:2.56.2","","Retain pending scoped work packages; no OSV match is not security clearance"
"com.google.dagger:dagger-lint-aar:2.56.2",":app/project/devDebugAndroidTestCompileClasspath; :app/project/devDebugCompileClasspath; :app/project/devDebugRuntimeClasspath; :app/project/devDebugUnitTestCompileClasspath; :app/project/devDebugUnitTestRuntimeClasspath; :app/project/devReleaseCompileClasspath; :app/project/devReleaseRuntimeClasspath; :app/project/devReleaseUnitTestCompileClasspath; :app/project/devReleaseUnitTestRuntimeClasspath; :app/project/prodDebugAndroidTestCompileClasspath; :app/project/prodDebugCompileClasspath; :app/project/prodDebugRuntimeClasspath; :app/project/prodDebugUnitTestCompileClasspath; :app/project/prodDebugUnitTestRuntimeClasspath; :app/project/prodReleaseCompileClasspath; :app/project/prodReleaseRuntimeClasspath; :app/project/prodReleaseUnitTestCompileClasspath; :app/project/prodReleaseUnitTestRuntimeClasspath; :app/project/qaDebugAndroidTestCompileClasspath; :app/project/qaDebugCompileClasspath; :app/project/qaDebugRuntimeClasspath; :app/project/qaDebugUnitTestCompileClasspath; :app/project/qaDebugUnitTestRuntimeClasspath; :app/project/qaReleaseCompileClasspath; :app/project/qaReleaseRuntimeClasspath; :app/project/qaReleaseUnitTestCompileClasspath; :app/project/qaReleaseUnitTestRuntimeClasspath; :app/project/stagingDebugAndroidTestCompileClasspath; :app/project/stagingDebugCompileClasspath; :app/project/stagingDebugRuntimeClasspath; :app/project/stagingDebugUnitTestCompileClasspath; :app/project/stagingDebugUnitTestRuntimeClasspath; :app/project/stagingReleaseCompileClasspath; :app/project/stagingReleaseRuntimeClasspath; :app/project/stagingReleaseUnitTestCompileClasspath; :app/project/stagingReleaseUnitTestRuntimeClasspath","com.google.dagger:hilt-android:2.56.2","","Retain pending scoped work packages; no OSV match is not security clearance"
"com.google.dagger:dagger-spi:2.56.2",":app/project/kspDevDebugAndroidTestKotlinProcessorClasspath; :app/project/kspDevDebugKotlinProcessorClasspath; :app/project/kspDevDebugUnitTestKotlinProcessorClasspath; :app/project/kspDevReleaseKotlinProcessorClasspath; :app/project/kspDevReleaseUnitTestKotlinProcessorClasspath; :app/project/kspProdDebugAndroidTestKotlinProcessorClasspath; :app/project/kspProdDebugKotlinProcessorClasspath; :app/project/kspProdDebugUnitTestKotlinProcessorClasspath; :app/project/kspProdReleaseKotlinProcessorClasspath; :app/project/kspProdReleaseUnitTestKotlinProcessorClasspath; :app/project/kspQaDebugAndroidTestKotlinProcessorClasspath; :app/project/kspQaDebugKotlinProcessorClasspath; :app/project/kspQaDebugUnitTestKotlinProcessorClasspath; :app/project/kspQaReleaseKotlinProcessorClasspath; :app/project/kspQaReleaseUnitTestKotlinProcessorClasspath; :app/project/kspStagingDebugAndroidTestKotlinProcessorClasspath; :app/project/kspStagingDebugKotlinProcessorClasspath; :app/project/kspStagingDebugUnitTestKotlinProcessorClasspath; :app/project/kspStagingReleaseKotlinProcessorClasspath; :app/project/kspStagingReleaseUnitTestKotlinProcessorClasspath","com.google.dagger:dagger-compiler:2.56.2; com.google.dagger:hilt-android-compiler:2.56.2","","Retain pending scoped work packages; no OSV match is not security clearance"
"com.google.dagger:dagger:2.28.3",":/buildscript/classpath","com.android.tools.build:bundletool:1.18.1","","Retain pending scoped work packages; no OSV match is not security clearance"
"com.google.dagger:dagger:2.48",":app/project/_internal-unified-test-platform-android-device-provider-ddmlib; :app/project/_internal-unified-test-platform-android-driver-instrumentation; :app/project/_internal-unified-test-platform-android-test-plugin-host-additional-test-output; :app/project/_internal-unified-test-platform-android-test-plugin-host-apk-installer; :app/project/_internal-unified-test-platform-android-test-plugin-host-coverage; :app/project/_internal-unified-test-platform-android-test-plugin-host-device-info; :app/project/_internal-unified-test-platform-android-test-plugin-host-emulator-control; :app/project/_internal-unified-test-platform-android-test-plugin-host-logcat; :app/project/_internal-unified-test-platform-android-test-plugin-result-listener-gradle; :app/project/_internal-unified-test-platform-core","com.google.testing.platform:android-device-provider-local:0.0.9-alpha03; com.google.testing.platform:android-driver-instrumentation:0.0.9-alpha03; com.google.testing.platform:core:0.0.9-alpha03","","Retain pending scoped work packages; no OSV match is not security clearance"
"com.google.dagger:dagger:2.56.2",":app/project/devDebugAndroidTestCompileClasspath; :app/project/devDebugCompileClasspath; :app/project/devDebugRuntimeClasspath; :app/project/devDebugUnitTestCompileClasspath; :app/project/devDebugUnitTestRuntimeClasspath; :app/project/devReleaseCompileClasspath; :app/project/devReleaseRuntimeClasspath; :app/project/devReleaseUnitTestCompileClasspath; :app/project/devReleaseUnitTestRuntimeClasspath; :app/project/kspDevDebugAndroidTestKotlinProcessorClasspath; :app/project/kspDevDebugKotlinProcessorClasspath; :app/project/kspDevDebugUnitTestKotlinProcessorClasspath; :app/project/kspDevReleaseKotlinProcessorClasspath; :app/project/kspDevReleaseUnitTestKotlinProcessorClasspath; :app/project/kspProdDebugAndroidTestKotlinProcessorClasspath; :app/project/kspProdDebugKotlinProcessorClasspath; :app/project/kspProdDebugUnitTestKotlinProcessorClasspath; :app/project/kspProdReleaseKotlinProcessorClasspath; :app/project/kspProdReleaseUnitTestKotlinProcessorClasspath; :app/project/kspQaDebugAndroidTestKotlinProcessorClasspath; :app/project/kspQaDebugKotlinProcessorClasspath; :app/project/kspQaDebugUnitTestKotlinProcessorClasspath; :app/project/kspQaReleaseKotlinProcessorClasspath; :app/project/kspQaReleaseUnitTestKotlinProcessorClasspath; :app/project/kspStagingDebugAndroidTestKotlinProcessorClasspath; :app/project/kspStagingDebugKotlinProcessorClasspath; :app/project/kspStagingDebugUnitTestKotlinProcessorClasspath; :app/project/kspStagingReleaseKotlinProcessorClasspath; :app/project/kspStagingReleaseUnitTestKotlinProcessorClasspath; :app/project/prodDebugAndroidTestCompileClasspath; :app/project/prodDebugCompileClasspath; :app/project/prodDebugRuntimeClasspath; :app/project/prodDebugUnitTestCompileClasspath; :app/project/prodDebugUnitTestRuntimeClasspath; :app/project/prodReleaseCompileClasspath; :app/project/prodReleaseRuntimeClasspath; :app/project/prodReleaseUnitTestCompileClasspath; :app/project/prodReleaseUnitTestRuntimeClasspath; :app/project/qaDebugAndroidTestCompileClasspath; :app/project/qaDebugCompileClasspath; :app/project/qaDebugRuntimeClasspath; :app/project/qaDebugUnitTestCompileClasspath; :app/project/qaDebugUnitTestRuntimeClasspath; :app/project/qaReleaseCompileClasspath; :app/project/qaReleaseRuntimeClasspath; :app/project/qaReleaseUnitTestCompileClasspath; :app/project/qaReleaseUnitTestRuntimeClasspath; :app/project/stagingDebugAndroidTestCompileClasspath; :app/project/stagingDebugCompileClasspath; :app/project/stagingDebugRuntimeClasspath; :app/project/stagingDebugUnitTestCompileClasspath; :app/project/stagingDebugUnitTestRuntimeClasspath; :app/project/stagingReleaseCompileClasspath; :app/project/stagingReleaseRuntimeClasspath; :app/project/stagingReleaseUnitTestCompileClasspath; :app/project/stagingReleaseUnitTestRuntimeClasspath","com.google.dagger:dagger-compiler:2.56.2; com.google.dagger:dagger-spi:2.56.2; com.google.dagger:hilt-android-compiler:2.56.2; com.google.dagger:hilt-android:2.56.2; com.google.dagger:hilt-core:2.56.2","","Retain pending scoped work packages; no OSV match is not security clearance"
"com.google.dagger:hilt-android-compiler:2.56.2",":app/project/kspDevDebugAndroidTestKotlinProcessorClasspath; :app/project/kspDevDebugKotlinProcessorClasspath; :app/project/kspDevDebugUnitTestKotlinProcessorClasspath; :app/project/kspDevReleaseKotlinProcessorClasspath; :app/project/kspDevReleaseUnitTestKotlinProcessorClasspath; :app/project/kspProdDebugAndroidTestKotlinProcessorClasspath; :app/project/kspProdDebugKotlinProcessorClasspath; :app/project/kspProdDebugUnitTestKotlinProcessorClasspath; :app/project/kspProdReleaseKotlinProcessorClasspath; :app/project/kspProdReleaseUnitTestKotlinProcessorClasspath; :app/project/kspQaDebugAndroidTestKotlinProcessorClasspath; :app/project/kspQaDebugKotlinProcessorClasspath; :app/project/kspQaDebugUnitTestKotlinProcessorClasspath; :app/project/kspQaReleaseKotlinProcessorClasspath; :app/project/kspQaReleaseUnitTestKotlinProcessorClasspath; :app/project/kspStagingDebugAndroidTestKotlinProcessorClasspath; :app/project/kspStagingDebugKotlinProcessorClasspath; :app/project/kspStagingDebugUnitTestKotlinProcessorClasspath; :app/project/kspStagingReleaseKotlinProcessorClasspath; :app/project/kspStagingReleaseUnitTestKotlinProcessorClasspath","project :app","","Retain pending scoped work packages; no OSV match is not security clearance"
"com.google.dagger:hilt-android-gradle-plugin:2.56.2",":/buildscript/classpath","com.google.dagger.hilt.android:com.google.dagger.hilt.android.gradle.plugin:2.56.2","","Retain pending scoped work packages; no OSV match is not security clearance"
"com.google.dagger:hilt-android:2.56.2",":app/project/devDebugAndroidTestCompileClasspath; :app/project/devDebugCompileClasspath; :app/project/devDebugRuntimeClasspath; :app/project/devDebugUnitTestCompileClasspath; :app/project/devDebugUnitTestRuntimeClasspath; :app/project/devReleaseCompileClasspath; :app/project/devReleaseRuntimeClasspath; :app/project/devReleaseUnitTestCompileClasspath; :app/project/devReleaseUnitTestRuntimeClasspath; :app/project/prodDebugAndroidTestCompileClasspath; :app/project/prodDebugCompileClasspath; :app/project/prodDebugRuntimeClasspath; :app/project/prodDebugUnitTestCompileClasspath; :app/project/prodDebugUnitTestRuntimeClasspath; :app/project/prodReleaseCompileClasspath; :app/project/prodReleaseRuntimeClasspath; :app/project/prodReleaseUnitTestCompileClasspath; :app/project/prodReleaseUnitTestRuntimeClasspath; :app/project/qaDebugAndroidTestCompileClasspath; :app/project/qaDebugCompileClasspath; :app/project/qaDebugRuntimeClasspath; :app/project/qaDebugUnitTestCompileClasspath; :app/project/qaDebugUnitTestRuntimeClasspath; :app/project/qaReleaseCompileClasspath; :app/project/qaReleaseRuntimeClasspath; :app/project/qaReleaseUnitTestCompileClasspath; :app/project/qaReleaseUnitTestRuntimeClasspath; :app/project/stagingDebugAndroidTestCompileClasspath; :app/project/stagingDebugCompileClasspath; :app/project/stagingDebugRuntimeClasspath; :app/project/stagingDebugUnitTestCompileClasspath; :app/project/stagingDebugUnitTestRuntimeClasspath; :app/project/stagingReleaseCompileClasspath; :app/project/stagingReleaseRuntimeClasspath; :app/project/stagingReleaseUnitTestCompileClasspath; :app/project/stagingReleaseUnitTestRuntimeClasspath","androidx.hilt:hilt-navigation:1.2.0; project :app","","Retain pending scoped work packages; no OSV match is not security clearance"
"com.google.dagger:hilt-core:2.56.2",":app/project/devDebugAndroidTestCompileClasspath; :app/project/devDebugCompileClasspath; :app/project/devDebugRuntimeClasspath; :app/project/devDebugUnitTestCompileClasspath; :app/project/devDebugUnitTestRuntimeClasspath; :app/project/devReleaseCompileClasspath; :app/project/devReleaseRuntimeClasspath; :app/project/devReleaseUnitTestCompileClasspath; :app/project/devReleaseUnitTestRuntimeClasspath; :app/project/prodDebugAndroidTestCompileClasspath; :app/project/prodDebugCompileClasspath; :app/project/prodDebugRuntimeClasspath; :app/project/prodDebugUnitTestCompileClasspath; :app/project/prodDebugUnitTestRuntimeClasspath; :app/project/prodReleaseCompileClasspath; :app/project/prodReleaseRuntimeClasspath; :app/project/prodReleaseUnitTestCompileClasspath; :app/project/prodReleaseUnitTestRuntimeClasspath; :app/project/qaDebugAndroidTestCompileClasspath; :app/project/qaDebugCompileClasspath; :app/project/qaDebugRuntimeClasspath; :app/project/qaDebugUnitTestCompileClasspath; :app/project/qaDebugUnitTestRuntimeClasspath; :app/project/qaReleaseCompileClasspath; :app/project/qaReleaseRuntimeClasspath; :app/project/qaReleaseUnitTestCompileClasspath; :app/project/qaReleaseUnitTestRuntimeClasspath; :app/project/stagingDebugAndroidTestCompileClasspath; :app/project/stagingDebugCompileClasspath; :app/project/stagingDebugRuntimeClasspath; :app/project/stagingDebugUnitTestCompileClasspath; :app/project/stagingDebugUnitTestRuntimeClasspath; :app/project/stagingReleaseCompileClasspath; :app/project/stagingReleaseRuntimeClasspath; :app/project/stagingReleaseUnitTestCompileClasspath; :app/project/stagingReleaseUnitTestRuntimeClasspath","com.google.dagger:hilt-android:2.56.2","","Retain pending scoped work packages; no OSV match is not security clearance"
"com.google.dagger.hilt.android:com.google.dagger.hilt.android.gradle.plugin:2.56.2",":/buildscript/classpath","root project :","","Retain pending scoped work packages; no OSV match is not security clearance"
"com.google.devtools.ksp:com.google.devtools.ksp.gradle.plugin:2.1.0-1.0.29",":/buildscript/classpath","root project :","","Retain pending scoped work packages; no OSV match is not security clearance"
"com.google.devtools.ksp:symbol-processing-api:2.1.0-1.0.29",":/buildscript/classpath; :app/project/kotlinCompilerPluginClasspathDevDebug; :app/project/kotlinCompilerPluginClasspathDevDebugAndroidTest; :app/project/kotlinCompilerPluginClasspathDevDebugUnitTest; :app/project/kotlinCompilerPluginClasspathDevRelease; :app/project/kotlinCompilerPluginClasspathDevReleaseUnitTest; :app/project/kotlinCompilerPluginClasspathProdDebug; :app/project/kotlinCompilerPluginClasspathProdDebugAndroidTest; :app/project/kotlinCompilerPluginClasspathProdDebugUnitTest; :app/project/kotlinCompilerPluginClasspathProdRelease; :app/project/kotlinCompilerPluginClasspathProdReleaseUnitTest; :app/project/kotlinCompilerPluginClasspathQaDebug; :app/project/kotlinCompilerPluginClasspathQaDebugAndroidTest; :app/project/kotlinCompilerPluginClasspathQaDebugUnitTest; :app/project/kotlinCompilerPluginClasspathQaRelease; :app/project/kotlinCompilerPluginClasspathQaReleaseUnitTest; :app/project/kotlinCompilerPluginClasspathStagingDebug; :app/project/kotlinCompilerPluginClasspathStagingDebugAndroidTest; :app/project/kotlinCompilerPluginClasspathStagingDebugUnitTest; :app/project/kotlinCompilerPluginClasspathStagingRelease; :app/project/kotlinCompilerPluginClasspathStagingReleaseUnitTest; :app/project/kspPluginClasspath; :app/project/kspPluginClasspathNonEmbeddable","com.google.devtools.ksp:symbol-processing-cmdline:2.1.0-1.0.29; com.google.devtools.ksp:symbol-processing-gradle-plugin:2.1.0-1.0.29; com.google.devtools.ksp:symbol-processing:2.1.0-1.0.29; project :app","","Retain pending scoped work packages; no OSV match is not security clearance"
"com.google.devtools.ksp:symbol-processing-api:2.1.10-1.0.31",":app/project/kspDevDebugAndroidTestKotlinProcessorClasspath; :app/project/kspDevDebugKotlinProcessorClasspath; :app/project/kspDevDebugUnitTestKotlinProcessorClasspath; :app/project/kspDevReleaseKotlinProcessorClasspath; :app/project/kspDevReleaseUnitTestKotlinProcessorClasspath; :app/project/kspProdDebugAndroidTestKotlinProcessorClasspath; :app/project/kspProdDebugKotlinProcessorClasspath; :app/project/kspProdDebugUnitTestKotlinProcessorClasspath; :app/project/kspProdReleaseKotlinProcessorClasspath; :app/project/kspProdReleaseUnitTestKotlinProcessorClasspath; :app/project/kspQaDebugAndroidTestKotlinProcessorClasspath; :app/project/kspQaDebugKotlinProcessorClasspath; :app/project/kspQaDebugUnitTestKotlinProcessorClasspath; :app/project/kspQaReleaseKotlinProcessorClasspath; :app/project/kspQaReleaseUnitTestKotlinProcessorClasspath; :app/project/kspStagingDebugAndroidTestKotlinProcessorClasspath; :app/project/kspStagingDebugKotlinProcessorClasspath; :app/project/kspStagingDebugUnitTestKotlinProcessorClasspath; :app/project/kspStagingReleaseKotlinProcessorClasspath; :app/project/kspStagingReleaseUnitTestKotlinProcessorClasspath","androidx.room:room-compiler-processing:2.6.1; androidx.room:room-compiler:2.6.1; com.google.dagger:dagger-compiler:2.56.2; com.google.dagger:dagger-spi:2.56.2; com.google.dagger:hilt-android-compiler:2.56.2","","Retain pending scoped work packages; no OSV match is not security clearance"
"com.google.devtools.ksp:symbol-processing-cmdline:2.1.0-1.0.29",":app/project/kspPluginClasspathNonEmbeddable","project :app","","Retain pending scoped work packages; no OSV match is not security clearance"
"com.google.devtools.ksp:symbol-processing-common-deps:2.1.0-1.0.29",":/buildscript/classpath","com.google.devtools.ksp:symbol-processing-gradle-plugin:2.1.0-1.0.29","","Retain pending scoped work packages; no OSV match is not security clearance"
"com.google.devtools.ksp:symbol-processing-gradle-plugin:2.1.0-1.0.29",":/buildscript/classpath","com.google.devtools.ksp:com.google.devtools.ksp.gradle.plugin:2.1.0-1.0.29","","Retain pending scoped work packages; no OSV match is not security clearance"
"com.google.devtools.ksp:symbol-processing:2.1.0-1.0.29",":app/project/kotlinCompilerPluginClasspathDevDebug; :app/project/kotlinCompilerPluginClasspathDevDebugAndroidTest; :app/project/kotlinCompilerPluginClasspathDevDebugUnitTest; :app/project/kotlinCompilerPluginClasspathDevRelease; :app/project/kotlinCompilerPluginClasspathDevReleaseUnitTest; :app/project/kotlinCompilerPluginClasspathProdDebug; :app/project/kotlinCompilerPluginClasspathProdDebugAndroidTest; :app/project/kotlinCompilerPluginClasspathProdDebugUnitTest; :app/project/kotlinCompilerPluginClasspathProdRelease; :app/project/kotlinCompilerPluginClasspathProdReleaseUnitTest; :app/project/kotlinCompilerPluginClasspathQaDebug; :app/project/kotlinCompilerPluginClasspathQaDebugAndroidTest; :app/project/kotlinCompilerPluginClasspathQaDebugUnitTest; :app/project/kotlinCompilerPluginClasspathQaRelease; :app/project/kotlinCompilerPluginClasspathQaReleaseUnitTest; :app/project/kotlinCompilerPluginClasspathStagingDebug; :app/project/kotlinCompilerPluginClasspathStagingDebugAndroidTest; :app/project/kotlinCompilerPluginClasspathStagingDebugUnitTest; :app/project/kotlinCompilerPluginClasspathStagingRelease; :app/project/kotlinCompilerPluginClasspathStagingReleaseUnitTest; :app/project/kspPluginClasspath","project :app","","Retain pending scoped work packages; no OSV match is not security clearance"
"com.google.errorprone:error_prone_annotations:2.23.0",":app/project/_internal-unified-test-platform-android-driver-instrumentation; :app/project/_internal-unified-test-platform-android-test-plugin; :app/project/_internal-unified-test-platform-core; :app/project/_internal-unified-test-platform-launcher; :app/project/kspDevDebugAndroidTestKotlinProcessorClasspath; :app/project/kspDevDebugKotlinProcessorClasspath; :app/project/kspDevDebugUnitTestKotlinProcessorClasspath; :app/project/kspDevReleaseKotlinProcessorClasspath; :app/project/kspDevReleaseUnitTestKotlinProcessorClasspath; :app/project/kspProdDebugAndroidTestKotlinProcessorClasspath; :app/project/kspProdDebugKotlinProcessorClasspath; :app/project/kspProdDebugUnitTestKotlinProcessorClasspath; :app/project/kspProdReleaseKotlinProcessorClasspath; :app/project/kspProdReleaseUnitTestKotlinProcessorClasspath; :app/project/kspQaDebugAndroidTestKotlinProcessorClasspath; :app/project/kspQaDebugKotlinProcessorClasspath; :app/project/kspQaDebugUnitTestKotlinProcessorClasspath; :app/project/kspQaReleaseKotlinProcessorClasspath; :app/project/kspQaReleaseUnitTestKotlinProcessorClasspath; :app/project/kspStagingDebugAndroidTestKotlinProcessorClasspath; :app/project/kspStagingDebugKotlinProcessorClasspath; :app/project/kspStagingDebugUnitTestKotlinProcessorClasspath; :app/project/kspStagingReleaseKotlinProcessorClasspath; :app/project/kspStagingReleaseUnitTestKotlinProcessorClasspath","com.google.guava:guava:32.0.1-jre; com.google.guava:guava:33.0.0-jre; com.google.protobuf:protobuf-java-util:3.22.3; com.google.protobuf:protobuf-java-util:3.24.4; com.google.testing.platform:android-driver-instrumentation:0.0.9-alpha03; com.google.testing.platform:android-test-plugin:0.0.9-alpha03; com.google.testing.platform:core:0.0.9-alpha03; com.google.testing.platform:launcher:0.0.9-alpha03; io.grpc:grpc-api:1.57.2; io.grpc:grpc-core:1.57.2; io.grpc:grpc-netty:1.57.2; io.grpc:grpc-services:1.57.2; io.grpc:grpc-stub:1.57.2","","Retain pending scoped work packages; no OSV match is not security clearance"
"com.google.errorprone:error_prone_annotations:2.28.0",":app/project/_internal-unified-test-platform-android-device-provider-ddmlib; :app/project/_internal-unified-test-platform-android-test-plugin-host-additional-test-output; :app/project/_internal-unified-test-platform-android-test-plugin-host-apk-installer; :app/project/_internal-unified-test-platform-android-test-plugin-host-coverage; :app/project/_internal-unified-test-platform-android-test-plugin-host-device-info; :app/project/_internal-unified-test-platform-android-test-plugin-host-logcat","com.google.guava:guava:33.3.1-jre; com.google.protobuf:protobuf-java-util:3.24.4; com.google.testing.platform:android-device-provider-local:0.0.9-alpha03; com.google.testing.platform:launcher:0.0.9-alpha03","","Retain pending scoped work packages; no OSV match is not security clearance"
"com.google.errorprone:error_prone_annotations:2.30.0",":/buildscript/classpath; :app/project/_internal-unified-test-platform-android-test-plugin-host-emulator-control; :app/project/_internal-unified-test-platform-android-test-plugin-result-listener-gradle","com.android.tools.build:bundletool:1.18.1; com.google.code.gson:gson:2.11.0; com.google.guava:guava:33.3.1-jre; com.google.protobuf:protobuf-java-util:3.24.4; com.google.protobuf:protobuf-java-util:3.25.5; com.google.testing.platform:android-device-provider-local:0.0.9-alpha03; com.google.testing.platform:android-driver-instrumentation:0.0.9-alpha03; io.grpc:grpc-api:1.69.1; io.grpc:grpc-core:1.69.1; io.grpc:grpc-netty:1.69.1; io.grpc:grpc-stub:1.69.1","","Retain pending scoped work packages; no OSV match is not security clearance"
"com.google.errorprone:javac-shaded:9-dev-r4023-3",":app/project/kspDevDebugAndroidTestKotlinProcessorClasspath; :app/project/kspDevDebugKotlinProcessorClasspath; :app/project/kspDevDebugUnitTestKotlinProcessorClasspath; :app/project/kspDevReleaseKotlinProcessorClasspath; :app/project/kspDevReleaseUnitTestKotlinProcessorClasspath; :app/project/kspProdDebugAndroidTestKotlinProcessorClasspath; :app/project/kspProdDebugKotlinProcessorClasspath; :app/project/kspProdDebugUnitTestKotlinProcessorClasspath; :app/project/kspProdReleaseKotlinProcessorClasspath; :app/project/kspProdReleaseUnitTestKotlinProcessorClasspath; :app/project/kspQaDebugAndroidTestKotlinProcessorClasspath; :app/project/kspQaDebugKotlinProcessorClasspath; :app/project/kspQaDebugUnitTestKotlinProcessorClasspath; :app/project/kspQaReleaseKotlinProcessorClasspath; :app/project/kspQaReleaseUnitTestKotlinProcessorClasspath; :app/project/kspStagingDebugAndroidTestKotlinProcessorClasspath; :app/project/kspStagingDebugKotlinProcessorClasspath; :app/project/kspStagingDebugUnitTestKotlinProcessorClasspath; :app/project/kspStagingReleaseKotlinProcessorClasspath; :app/project/kspStagingReleaseUnitTestKotlinProcessorClasspath","com.google.googlejavaformat:google-java-format:1.5","","Retain pending scoped work packages; no OSV match is not security clearance"
"com.google.flatbuffers:flatbuffers-java:1.12.0",":/buildscript/classpath","com.android.tools.build:gradle:8.13.2; org.tensorflow:tensorflow-lite-metadata:0.2.0","","Retain pending scoped work packages; no OSV match is not security clearance"
"com.google.googlejavaformat:google-java-format:1.5",":app/project/kspDevDebugAndroidTestKotlinProcessorClasspath; :app/project/kspDevDebugKotlinProcessorClasspath; :app/project/kspDevDebugUnitTestKotlinProcessorClasspath; :app/project/kspDevReleaseKotlinProcessorClasspath; :app/project/kspDevReleaseUnitTestKotlinProcessorClasspath; :app/project/kspProdDebugAndroidTestKotlinProcessorClasspath; :app/project/kspProdDebugKotlinProcessorClasspath; :app/project/kspProdDebugUnitTestKotlinProcessorClasspath; :app/project/kspProdReleaseKotlinProcessorClasspath; :app/project/kspProdReleaseUnitTestKotlinProcessorClasspath; :app/project/kspQaDebugAndroidTestKotlinProcessorClasspath; :app/project/kspQaDebugKotlinProcessorClasspath; :app/project/kspQaDebugUnitTestKotlinProcessorClasspath; :app/project/kspQaReleaseKotlinProcessorClasspath; :app/project/kspQaReleaseUnitTestKotlinProcessorClasspath; :app/project/kspStagingDebugAndroidTestKotlinProcessorClasspath; :app/project/kspStagingDebugKotlinProcessorClasspath; :app/project/kspStagingDebugUnitTestKotlinProcessorClasspath; :app/project/kspStagingReleaseKotlinProcessorClasspath; :app/project/kspStagingReleaseUnitTestKotlinProcessorClasspath","com.google.dagger:dagger-compiler:2.56.2","","Retain pending scoped work packages; no OSV match is not security clearance"
"com.google.guava:failureaccess:1.0.1",":app/project/_internal-unified-test-platform-android-driver-instrumentation; :app/project/_internal-unified-test-platform-android-test-plugin; :app/project/_internal-unified-test-platform-core; :app/project/_internal-unified-test-platform-launcher","com.google.guava:guava:32.0.1-jre","","Retain pending scoped work packages; no OSV match is not security clearance"
"com.google.guava:failureaccess:1.0.2",":/buildscript/classpath; :app/project/_internal-unified-test-platform-android-device-provider-ddmlib; :app/project/_internal-unified-test-platform-android-test-plugin-host-additional-test-output; :app/project/_internal-unified-test-platform-android-test-plugin-host-apk-installer; :app/project/_internal-unified-test-platform-android-test-plugin-host-coverage; :app/project/_internal-unified-test-platform-android-test-plugin-host-device-info; :app/project/_internal-unified-test-platform-android-test-plugin-host-emulator-control; :app/project/_internal-unified-test-platform-android-test-plugin-host-logcat; :app/project/_internal-unified-test-platform-android-test-plugin-result-listener-gradle; :app/project/kspDevDebugAndroidTestKotlinProcessorClasspath; :app/project/kspDevDebugKotlinProcessorClasspath; :app/project/kspDevDebugUnitTestKotlinProcessorClasspath; :app/project/kspDevReleaseKotlinProcessorClasspath; :app/project/kspDevReleaseUnitTestKotlinProcessorClasspath; :app/project/kspProdDebugAndroidTestKotlinProcessorClasspath; :app/project/kspProdDebugKotlinProcessorClasspath; :app/project/kspProdDebugUnitTestKotlinProcessorClasspath; :app/project/kspProdReleaseKotlinProcessorClasspath; :app/project/kspProdReleaseUnitTestKotlinProcessorClasspath; :app/project/kspQaDebugAndroidTestKotlinProcessorClasspath; :app/project/kspQaDebugKotlinProcessorClasspath; :app/project/kspQaDebugUnitTestKotlinProcessorClasspath; :app/project/kspQaReleaseKotlinProcessorClasspath; :app/project/kspQaReleaseUnitTestKotlinProcessorClasspath; :app/project/kspStagingDebugAndroidTestKotlinProcessorClasspath; :app/project/kspStagingDebugKotlinProcessorClasspath; :app/project/kspStagingDebugUnitTestKotlinProcessorClasspath; :app/project/kspStagingReleaseKotlinProcessorClasspath; :app/project/kspStagingReleaseUnitTestKotlinProcessorClasspath","com.google.dagger:dagger-compiler:2.56.2; com.google.dagger:dagger-spi:2.56.2; com.google.dagger:hilt-android-compiler:2.56.2; com.google.guava:guava:33.0.0-jre; com.google.guava:guava:33.3.1-jre","","Retain pending scoped work packages; no OSV match is not security clearance"
"com.google.guava:guava:32.0.1-jre",":app/project/_internal-unified-test-platform-android-driver-instrumentation; :app/project/_internal-unified-test-platform-android-test-plugin; :app/project/_internal-unified-test-platform-core; :app/project/_internal-unified-test-platform-launcher","com.google.auto:auto-common:1.2.1; com.google.auto.service:auto-service:1.1.1; com.google.protobuf:protobuf-java-util:3.22.3; com.google.protobuf:protobuf-java-util:3.24.4; com.google.testing.platform:android-driver-instrumentation:0.0.9-alpha03; com.google.testing.platform:core:0.0.9-alpha03; com.google.testing.platform:launcher:0.0.9-alpha03; io.grpc:grpc-api:1.57.2; io.grpc:grpc-core:1.57.2; io.grpc:grpc-netty:1.57.2; io.grpc:grpc-protobuf-lite:1.57.2; io.grpc:grpc-protobuf:1.57.2; io.grpc:grpc-services:1.57.2; io.grpc:grpc-stub:1.57.2","","Retain pending scoped work packages; no OSV match is not security clearance"
"com.google.guava:guava:33.0.0-jre",":app/project/kspDevDebugAndroidTestKotlinProcessorClasspath; :app/project/kspDevDebugKotlinProcessorClasspath; :app/project/kspDevDebugUnitTestKotlinProcessorClasspath; :app/project/kspDevReleaseKotlinProcessorClasspath; :app/project/kspDevReleaseUnitTestKotlinProcessorClasspath; :app/project/kspProdDebugAndroidTestKotlinProcessorClasspath; :app/project/kspProdDebugKotlinProcessorClasspath; :app/project/kspProdDebugUnitTestKotlinProcessorClasspath; :app/project/kspProdReleaseKotlinProcessorClasspath; :app/project/kspProdReleaseUnitTestKotlinProcessorClasspath; :app/project/kspQaDebugAndroidTestKotlinProcessorClasspath; :app/project/kspQaDebugKotlinProcessorClasspath; :app/project/kspQaDebugUnitTestKotlinProcessorClasspath; :app/project/kspQaReleaseKotlinProcessorClasspath; :app/project/kspQaReleaseUnitTestKotlinProcessorClasspath; :app/project/kspStagingDebugAndroidTestKotlinProcessorClasspath; :app/project/kspStagingDebugKotlinProcessorClasspath; :app/project/kspStagingDebugUnitTestKotlinProcessorClasspath; :app/project/kspStagingReleaseKotlinProcessorClasspath; :app/project/kspStagingReleaseUnitTestKotlinProcessorClasspath","androidx.room:room-compiler-processing:2.6.1; com.google.auto:auto-common:0.11; com.google.dagger:dagger-compiler:2.56.2; com.google.dagger:dagger-spi:2.56.2; com.google.dagger:hilt-android-compiler:2.56.2; com.google.googlejavaformat:google-java-format:1.5","","Retain pending scoped work packages; no OSV match is not security clearance"
"com.google.guava:guava:33.3.1-jre",":/buildscript/classpath; :app/project/_internal-unified-test-platform-android-device-provider-ddmlib; :app/project/_internal-unified-test-platform-android-test-plugin-host-additional-test-output; :app/project/_internal-unified-test-platform-android-test-plugin-host-apk-installer; :app/project/_internal-unified-test-platform-android-test-plugin-host-coverage; :app/project/_internal-unified-test-platform-android-test-plugin-host-device-info; :app/project/_internal-unified-test-platform-android-test-plugin-host-emulator-control; :app/project/_internal-unified-test-platform-android-test-plugin-host-logcat; :app/project/_internal-unified-test-platform-android-test-plugin-result-listener-gradle","androidx.databinding:databinding-compiler-common:8.13.2; com.android.tools:common:31.13.2; com.android.tools:sdk-common:31.13.2; com.android.tools.analytics-library:crash:31.13.2; com.android.tools.analytics-library:shared:31.13.2; com.android.tools.analytics-library:tracker:31.13.2; com.android.tools.build:aaptcompiler:8.13.2; com.android.tools.build:apkzlib:8.13.2; com.android.tools.build:builder-test-api:8.13.2; com.android.tools.build:bundletool:1.18.1; com.android.tools.build:gradle-api:8.13.2; com.android.tools.emulator:proto:31.13.2; com.android.tools.lint:lint-typedef-remover:31.13.2; com.android.tools.utp:android-test-plugin-host-emulator-control:31.13.2; com.android.tools.utp:android-test-plugin-result-listener-gradle-proto:31.13.2; com.android.tools.utp:android-test-plugin-result-listener-gradle:31.13.2; com.google.auto:auto-common:1.2.1; com.google.auto.service:auto-service:1.1.1; com.google.jimfs:jimfs:1.1; com.google.protobuf:protobuf-java-util:3.24.4; com.google.protobuf:protobuf-java-util:3.25.5; com.google.testing.platform:android-device-provider-local:0.0.9-alpha03; com.google.testing.platform:android-driver-instrumentation:0.0.9-alpha03; com.google.testing.platform:launcher:0.0.9-alpha03; io.grpc:grpc-api:1.69.1; io.grpc:grpc-core:1.69.1; io.grpc:grpc-inprocess:1.69.1; io.grpc:grpc-netty:1.69.1; io.grpc:grpc-protobuf-lite:1.69.1; io.grpc:grpc-protobuf:1.69.1; io.grpc:grpc-stub:1.69.1; io.grpc:grpc-util:1.69.1","","Retain pending scoped work packages; no OSV match is not security clearance"
"com.google.guava:listenablefuture:1.0",":app/project/devDebugAndroidTestCompileClasspath; :app/project/devDebugAndroidTestRuntimeClasspath; :app/project/devDebugCompileClasspath; :app/project/devDebugRuntimeClasspath; :app/project/devDebugUnitTestCompileClasspath; :app/project/devDebugUnitTestRuntimeClasspath; :app/project/devReleaseCompileClasspath; :app/project/devReleaseRuntimeClasspath; :app/project/devReleaseUnitTestCompileClasspath; :app/project/devReleaseUnitTestRuntimeClasspath; :app/project/prodDebugAndroidTestCompileClasspath; :app/project/prodDebugAndroidTestRuntimeClasspath; :app/project/prodDebugCompileClasspath; :app/project/prodDebugRuntimeClasspath; :app/project/prodDebugUnitTestCompileClasspath; :app/project/prodDebugUnitTestRuntimeClasspath; :app/project/prodReleaseCompileClasspath; :app/project/prodReleaseRuntimeClasspath; :app/project/prodReleaseUnitTestCompileClasspath; :app/project/prodReleaseUnitTestRuntimeClasspath; :app/project/qaDebugAndroidTestCompileClasspath; :app/project/qaDebugAndroidTestRuntimeClasspath; :app/project/qaDebugCompileClasspath; :app/project/qaDebugRuntimeClasspath; :app/project/qaDebugUnitTestCompileClasspath; :app/project/qaDebugUnitTestRuntimeClasspath; :app/project/qaReleaseCompileClasspath; :app/project/qaReleaseRuntimeClasspath; :app/project/qaReleaseUnitTestCompileClasspath; :app/project/qaReleaseUnitTestRuntimeClasspath; :app/project/stagingDebugAndroidTestCompileClasspath; :app/project/stagingDebugAndroidTestRuntimeClasspath; :app/project/stagingDebugCompileClasspath; :app/project/stagingDebugRuntimeClasspath; :app/project/stagingDebugUnitTestCompileClasspath; :app/project/stagingDebugUnitTestRuntimeClasspath; :app/project/stagingReleaseCompileClasspath; :app/project/stagingReleaseRuntimeClasspath; :app/project/stagingReleaseUnitTestCompileClasspath; :app/project/stagingReleaseUnitTestRuntimeClasspath","androidx.camera:camera-camera2:1.4.1; androidx.camera:camera-core:1.4.1; androidx.camera:camera-lifecycle:1.4.1; androidx.concurrent:concurrent-futures:1.1.0; androidx.profileinstaller:profileinstaller:1.3.1; androidx.test:core:1.6.1","","Retain pending scoped work packages; no OSV match is not security clearance"
"com.google.guava:listenablefuture:9999.0-empty-to-avoid-conflict-with-guava",":/buildscript/classpath; :app/project/_internal-unified-test-platform-android-device-provider-ddmlib; :app/project/_internal-unified-test-platform-android-driver-instrumentation; :app/project/_internal-unified-test-platform-android-test-plugin; :app/project/_internal-unified-test-platform-android-test-plugin-host-additional-test-output; :app/project/_internal-unified-test-platform-android-test-plugin-host-apk-installer; :app/project/_internal-unified-test-platform-android-test-plugin-host-coverage; :app/project/_internal-unified-test-platform-android-test-plugin-host-device-info; :app/project/_internal-unified-test-platform-android-test-plugin-host-emulator-control; :app/project/_internal-unified-test-platform-android-test-plugin-host-logcat; :app/project/_internal-unified-test-platform-android-test-plugin-result-listener-gradle; :app/project/_internal-unified-test-platform-core; :app/project/_internal-unified-test-platform-launcher; :app/project/kspDevDebugAndroidTestKotlinProcessorClasspath; :app/project/kspDevDebugKotlinProcessorClasspath; :app/project/kspDevDebugUnitTestKotlinProcessorClasspath; :app/project/kspDevReleaseKotlinProcessorClasspath; :app/project/kspDevReleaseUnitTestKotlinProcessorClasspath; :app/project/kspProdDebugAndroidTestKotlinProcessorClasspath; :app/project/kspProdDebugKotlinProcessorClasspath; :app/project/kspProdDebugUnitTestKotlinProcessorClasspath; :app/project/kspProdReleaseKotlinProcessorClasspath; :app/project/kspProdReleaseUnitTestKotlinProcessorClasspath; :app/project/kspQaDebugAndroidTestKotlinProcessorClasspath; :app/project/kspQaDebugKotlinProcessorClasspath; :app/project/kspQaDebugUnitTestKotlinProcessorClasspath; :app/project/kspQaReleaseKotlinProcessorClasspath; :app/project/kspQaReleaseUnitTestKotlinProcessorClasspath; :app/project/kspStagingDebugAndroidTestKotlinProcessorClasspath; :app/project/kspStagingDebugKotlinProcessorClasspath; :app/project/kspStagingDebugUnitTestKotlinProcessorClasspath; :app/project/kspStagingReleaseKotlinProcessorClasspath; :app/project/kspStagingReleaseUnitTestKotlinProcessorClasspath","com.google.guava:guava:32.0.1-jre; com.google.guava:guava:33.0.0-jre; com.google.guava:guava:33.3.1-jre","","Retain pending scoped work packages; no OSV match is not security clearance"
"com.google.j2objc:j2objc-annotations:2.8",":app/project/_internal-unified-test-platform-android-driver-instrumentation; :app/project/_internal-unified-test-platform-android-test-plugin; :app/project/_internal-unified-test-platform-core; :app/project/_internal-unified-test-platform-launcher","com.google.guava:guava:32.0.1-jre; com.google.protobuf:protobuf-java-util:3.22.3; com.google.protobuf:protobuf-java-util:3.24.4; io.grpc:grpc-services:1.57.2","","Retain pending scoped work packages; no OSV match is not security clearance"
"com.google.j2objc:j2objc-annotations:3.0.0",":/buildscript/classpath; :app/project/_internal-unified-test-platform-android-device-provider-ddmlib; :app/project/_internal-unified-test-platform-android-test-plugin-host-additional-test-output; :app/project/_internal-unified-test-platform-android-test-plugin-host-apk-installer; :app/project/_internal-unified-test-platform-android-test-plugin-host-coverage; :app/project/_internal-unified-test-platform-android-test-plugin-host-device-info; :app/project/_internal-unified-test-platform-android-test-plugin-host-emulator-control; :app/project/_internal-unified-test-platform-android-test-plugin-host-logcat; :app/project/_internal-unified-test-platform-android-test-plugin-result-listener-gradle","com.google.guava:guava:33.3.1-jre; com.google.protobuf:protobuf-java-util:3.24.4; com.google.protobuf:protobuf-java-util:3.25.5","","Retain pending scoped work packages; no OSV match is not security clearance"
"com.google.jimfs:jimfs:1.1",":/buildscript/classpath","com.android.tools:repository:31.13.2","","Retain pending scoped work packages; no OSV match is not security clearance"
"com.google.protobuf:protobuf-java-util:3.22.3",":app/project/_internal-unified-test-platform-core","io.grpc:grpc-services:1.57.2","","Retain pending scoped work packages; no OSV match is not security clearance"
"com.google.protobuf:protobuf-java-util:3.24.4",":app/project/_internal-unified-test-platform-android-driver-instrumentation; :app/project/_internal-unified-test-platform-android-test-plugin-host-additional-test-output; :app/project/_internal-unified-test-platform-android-test-plugin-host-device-info; :app/project/_internal-unified-test-platform-android-test-plugin-host-emulator-control; :app/project/_internal-unified-test-platform-android-test-plugin-host-logcat; :app/project/_internal-unified-test-platform-launcher","com.google.testing.platform:android-driver-instrumentation:0.0.9-alpha03; com.google.testing.platform:launcher:0.0.9-alpha03","","Retain pending scoped work packages; no OSV match is not security clearance"
"com.google.protobuf:protobuf-java-util:3.25.5",":/buildscript/classpath","com.android.tools.build:bundletool:1.18.1; com.android.tools.build:gradle:8.13.2","","Retain pending scoped work packages; no OSV match is not security clearance"
"com.google.protobuf:protobuf-java:3.24.4",":app/project/_internal-unified-test-platform-android-driver-instrumentation; :app/project/_internal-unified-test-platform-android-test-plugin; :app/project/_internal-unified-test-platform-core; :app/project/_internal-unified-test-platform-launcher","com.google.api.grpc:proto-google-common-protos:2.17.0; com.google.protobuf:protobuf-java-util:3.22.3; com.google.protobuf:protobuf-java-util:3.24.4; com.google.protobuf:protobuf-kotlin:3.24.4; com.google.testing.platform:android-driver-instrumentation:0.0.9-alpha03; com.google.testing.platform:android-test-plugin:0.0.9-alpha03; com.google.testing.platform:core:0.0.9-alpha03; com.google.testing.platform:launcher:0.0.9-alpha03; io.grpc:grpc-protobuf:1.57.2; io.opencensus:opencensus-proto:0.2.0","GHSA-735f-pc8j-v9w8","Investigate applicability; qualify parent/library remedy under report WP0a/WP3/WP5; not accepted risk"
"com.google.protobuf:protobuf-java:3.25.5",":/buildscript/classpath; :app/project/_internal-unified-test-platform-android-device-provider-ddmlib; :app/project/_internal-unified-test-platform-android-test-plugin-host-additional-test-output; :app/project/_internal-unified-test-platform-android-test-plugin-host-apk-installer; :app/project/_internal-unified-test-platform-android-test-plugin-host-coverage; :app/project/_internal-unified-test-platform-android-test-plugin-host-device-info; :app/project/_internal-unified-test-platform-android-test-plugin-host-emulator-control; :app/project/_internal-unified-test-platform-android-test-plugin-host-logcat; :app/project/_internal-unified-test-platform-android-test-plugin-result-listener-gradle","com.android.tools:sdk-common:31.13.2; com.android.tools.analytics-library:protos:31.13.2; com.android.tools.analytics-library:tracker:31.13.2; com.android.tools.build:aapt2-proto:8.13.2-14304508; com.android.tools.build:aaptcompiler:8.13.2; com.android.tools.build:bundletool:1.18.1; com.android.tools.build:gradle:8.13.2; com.android.tools.ddms:ddmlib:31.13.2; com.android.tools.emulator:proto:31.13.2; com.android.tools.utp:android-device-provider-ddmlib-proto:31.13.2; com.android.tools.utp:android-device-provider-ddmlib:31.13.2; com.android.tools.utp:android-device-provider-profile-proto:31.13.2; com.android.tools.utp:android-device-provider-profile:31.13.2; com.android.tools.utp:android-test-plugin-host-additional-test-output-proto:31.13.2; com.android.tools.utp:android-test-plugin-host-additional-test-output:31.13.2; com.android.tools.utp:android-test-plugin-host-apk-installer-proto:31.13.2; com.android.tools.utp:android-test-plugin-host-apk-installer:31.13.2; com.android.tools.utp:android-test-plugin-host-coverage-proto:31.13.2; com.android.tools.utp:android-test-plugin-host-coverage:31.13.2; com.android.tools.utp:android-test-plugin-host-device-info-proto:31.13.2; com.android.tools.utp:android-test-plugin-host-device-info:31.13.2; com.android.tools.utp:android-test-plugin-host-emulator-control-proto:31.13.2; com.android.tools.utp:android-test-plugin-host-emulator-control:31.13.2; com.android.tools.utp:android-test-plugin-host-logcat-proto:31.13.2; com.android.tools.utp:android-test-plugin-host-logcat:31.13.2; com.android.tools.utp:android-test-plugin-result-listener-gradle-proto:31.13.2; com.android.tools.utp:android-test-plugin-result-listener-gradle:31.13.2; com.google.api.grpc:proto-google-common-protos:2.17.0; com.google.api.grpc:proto-google-common-protos:2.48.0; com.google.crypto.tink:tink:1.7.0; com.google.protobuf:protobuf-java-util:3.24.4; com.google.protobuf:protobuf-java-util:3.25.5; com.google.protobuf:protobuf-kotlin:3.24.4; com.google.testing.platform:android-device-provider-local:0.0.9-alpha03; com.google.testing.platform:android-driver-instrumentation:0.0.9-alpha03; com.google.testing.platform:core-proto:0.0.9-alpha03; com.google.testing.platform:launcher:0.0.9-alpha03; io.grpc:grpc-protobuf:1.69.1; io.opencensus:opencensus-proto:0.2.0","","Retain pending scoped work packages; no OSV match is not security clearance"
"com.google.protobuf:protobuf-kotlin:3.24.4",":app/project/_internal-unified-test-platform-android-device-provider-ddmlib; :app/project/_internal-unified-test-platform-android-driver-instrumentation; :app/project/_internal-unified-test-platform-android-test-plugin; :app/project/_internal-unified-test-platform-android-test-plugin-host-additional-test-output; :app/project/_internal-unified-test-platform-android-test-plugin-host-apk-installer; :app/project/_internal-unified-test-platform-android-test-plugin-host-coverage; :app/project/_internal-unified-test-platform-android-test-plugin-host-device-info; :app/project/_internal-unified-test-platform-android-test-plugin-host-emulator-control; :app/project/_internal-unified-test-platform-android-test-plugin-host-logcat; :app/project/_internal-unified-test-platform-android-test-plugin-result-listener-gradle; :app/project/_internal-unified-test-platform-core; :app/project/_internal-unified-test-platform-launcher","com.google.testing.platform:android-device-provider-local:0.0.9-alpha03; com.google.testing.platform:android-driver-instrumentation:0.0.9-alpha03; com.google.testing.platform:android-test-plugin:0.0.9-alpha03; com.google.testing.platform:core:0.0.9-alpha03; com.google.testing.platform:launcher:0.0.9-alpha03","GHSA-735f-pc8j-v9w8","Investigate applicability; qualify parent/library remedy under report WP0a/WP3/WP5; not accepted risk"
"com.google.testing.platform:android-device-provider-local:0.0.9-alpha03",":app/project/_internal-unified-test-platform-android-device-provider-ddmlib; :app/project/_internal-unified-test-platform-android-test-plugin-host-additional-test-output; :app/project/_internal-unified-test-platform-android-test-plugin-host-apk-installer; :app/project/_internal-unified-test-platform-android-test-plugin-host-coverage; :app/project/_internal-unified-test-platform-android-test-plugin-host-device-info; :app/project/_internal-unified-test-platform-android-test-plugin-host-emulator-control; :app/project/_internal-unified-test-platform-android-test-plugin-host-logcat; :app/project/_internal-unified-test-platform-android-test-plugin-result-listener-gradle","com.android.tools.utp:android-device-provider-ddmlib:31.13.2; com.android.tools.utp:android-test-plugin-host-additional-test-output:31.13.2; com.android.tools.utp:android-test-plugin-host-apk-installer:31.13.2; com.android.tools.utp:android-test-plugin-host-coverage:31.13.2; com.android.tools.utp:android-test-plugin-host-device-info:31.13.2; com.android.tools.utp:android-test-plugin-host-emulator-control:31.13.2; com.android.tools.utp:android-test-plugin-host-logcat:31.13.2; com.android.tools.utp:android-test-plugin-result-listener-gradle:31.13.2","","Retain pending scoped work packages; no OSV match is not security clearance"
"com.google.testing.platform:android-driver-instrumentation:0.0.9-alpha03",":app/project/_internal-unified-test-platform-android-driver-instrumentation; :app/project/_internal-unified-test-platform-android-test-plugin-host-emulator-control","com.android.tools.utp:android-test-plugin-host-emulator-control:31.13.2; project :app","","Retain pending scoped work packages; no OSV match is not security clearance"
"com.google.testing.platform:android-test-plugin:0.0.9-alpha03",":app/project/_internal-unified-test-platform-android-test-plugin","project :app","","Retain pending scoped work packages; no OSV match is not security clearance"
"com.google.testing.platform:core-proto:0.0.9-alpha03",":/buildscript/classpath; :app/project/_internal-unified-test-platform-android-device-provider-ddmlib; :app/project/_internal-unified-test-platform-android-test-plugin-host-apk-installer; :app/project/_internal-unified-test-platform-android-test-plugin-result-listener-gradle","com.android.tools.build:gradle:8.13.2; com.android.tools.utp:android-device-provider-ddmlib:31.13.2; com.android.tools.utp:android-test-plugin-host-apk-installer:31.13.2; com.android.tools.utp:android-test-plugin-result-listener-gradle:31.13.2","","Retain pending scoped work packages; no OSV match is not security clearance"
"com.google.testing.platform:core:0.0.9-alpha03",":app/project/_internal-unified-test-platform-core","project :app","","Retain pending scoped work packages; no OSV match is not security clearance"
"com.google.testing.platform:launcher:0.0.9-alpha03",":app/project/_internal-unified-test-platform-android-test-plugin-host-additional-test-output; :app/project/_internal-unified-test-platform-android-test-plugin-host-device-info; :app/project/_internal-unified-test-platform-android-test-plugin-host-logcat; :app/project/_internal-unified-test-platform-launcher","com.android.tools.utp:utp-common:31.13.2; project :app","","Retain pending scoped work packages; no OSV match is not security clearance"
"com.googlecode.juniversalchardet:juniversalchardet:1.0.3",":/buildscript/classpath","androidx.databinding:databinding-compiler-common:8.13.2","","Retain pending scoped work packages; no OSV match is not security clearance"
"com.intellij:annotations:12.0",":app/project/kspDevDebugAndroidTestKotlinProcessorClasspath; :app/project/kspDevDebugKotlinProcessorClasspath; :app/project/kspDevDebugUnitTestKotlinProcessorClasspath; :app/project/kspDevReleaseKotlinProcessorClasspath; :app/project/kspDevReleaseUnitTestKotlinProcessorClasspath; :app/project/kspProdDebugAndroidTestKotlinProcessorClasspath; :app/project/kspProdDebugKotlinProcessorClasspath; :app/project/kspProdDebugUnitTestKotlinProcessorClasspath; :app/project/kspProdReleaseKotlinProcessorClasspath; :app/project/kspProdReleaseUnitTestKotlinProcessorClasspath; :app/project/kspQaDebugAndroidTestKotlinProcessorClasspath; :app/project/kspQaDebugKotlinProcessorClasspath; :app/project/kspQaDebugUnitTestKotlinProcessorClasspath; :app/project/kspQaReleaseKotlinProcessorClasspath; :app/project/kspQaReleaseUnitTestKotlinProcessorClasspath; :app/project/kspStagingDebugAndroidTestKotlinProcessorClasspath; :app/project/kspStagingDebugKotlinProcessorClasspath; :app/project/kspStagingDebugUnitTestKotlinProcessorClasspath; :app/project/kspStagingReleaseKotlinProcessorClasspath; :app/project/kspStagingReleaseUnitTestKotlinProcessorClasspath","androidx.room:room-compiler-processing:2.6.1; androidx.room:room-compiler:2.6.1","","Retain pending scoped work packages; no OSV match is not security clearance"
"com.lemonappdev:konsist:0.17.3",":app/project/devDebugUnitTestCompileClasspath; :app/project/devDebugUnitTestRuntimeClasspath; :app/project/devReleaseUnitTestCompileClasspath; :app/project/devReleaseUnitTestRuntimeClasspath; :app/project/prodDebugUnitTestCompileClasspath; :app/project/prodDebugUnitTestRuntimeClasspath; :app/project/prodReleaseUnitTestCompileClasspath; :app/project/prodReleaseUnitTestRuntimeClasspath; :app/project/qaDebugUnitTestCompileClasspath; :app/project/qaDebugUnitTestRuntimeClasspath; :app/project/qaReleaseUnitTestCompileClasspath; :app/project/qaReleaseUnitTestRuntimeClasspath; :app/project/stagingDebugUnitTestCompileClasspath; :app/project/stagingDebugUnitTestRuntimeClasspath; :app/project/stagingReleaseUnitTestCompileClasspath; :app/project/stagingReleaseUnitTestRuntimeClasspath","project :app","","Retain pending scoped work packages; no OSV match is not security clearance"
"com.pinterest.ktlint:ktlint-cli-ruleset-core:0.50.0",":app/project/detektPlugins","com.pinterest.ktlint:ktlint-ruleset-standard:0.50.0","","Retain pending scoped work packages; no OSV match is not security clearance"
"com.pinterest.ktlint:ktlint-logger:0.50.0",":app/project/detektPlugins","com.pinterest.ktlint:ktlint-rule-engine-core:0.50.0; com.pinterest.ktlint:ktlint-ruleset-standard:0.50.0","","Retain pending scoped work packages; no OSV match is not security clearance"
"com.pinterest.ktlint:ktlint-rule-engine-core:0.50.0",":app/project/detektPlugins","com.pinterest.ktlint:ktlint-cli-ruleset-core:0.50.0; com.pinterest.ktlint:ktlint-ruleset-standard:0.50.0","","Retain pending scoped work packages; no OSV match is not security clearance"
"com.pinterest.ktlint:ktlint-ruleset-standard:0.50.0",":app/project/detektPlugins","io.gitlab.arturbosch.detekt:detekt-formatting:1.23.7","","Retain pending scoped work packages; no OSV match is not security clearance"
"com.squareup:javapoet:1.13.0",":/buildscript/classpath; :app/project/kspDevDebugAndroidTestKotlinProcessorClasspath; :app/project/kspDevDebugKotlinProcessorClasspath; :app/project/kspDevDebugUnitTestKotlinProcessorClasspath; :app/project/kspDevReleaseKotlinProcessorClasspath; :app/project/kspDevReleaseUnitTestKotlinProcessorClasspath; :app/project/kspProdDebugAndroidTestKotlinProcessorClasspath; :app/project/kspProdDebugKotlinProcessorClasspath; :app/project/kspProdDebugUnitTestKotlinProcessorClasspath; :app/project/kspProdReleaseKotlinProcessorClasspath; :app/project/kspProdReleaseUnitTestKotlinProcessorClasspath; :app/project/kspQaDebugAndroidTestKotlinProcessorClasspath; :app/project/kspQaDebugKotlinProcessorClasspath; :app/project/kspQaDebugUnitTestKotlinProcessorClasspath; :app/project/kspQaReleaseKotlinProcessorClasspath; :app/project/kspQaReleaseUnitTestKotlinProcessorClasspath; :app/project/kspStagingDebugAndroidTestKotlinProcessorClasspath; :app/project/kspStagingDebugKotlinProcessorClasspath; :app/project/kspStagingDebugUnitTestKotlinProcessorClasspath; :app/project/kspStagingReleaseKotlinProcessorClasspath; :app/project/kspStagingReleaseUnitTestKotlinProcessorClasspath","androidx.databinding:databinding-compiler-common:8.13.2; androidx.room:room-compiler-processing:2.6.1; androidx.room:room-compiler:2.6.1; com.android.tools.build:gradle:8.13.2; com.google.dagger:dagger-compiler:2.56.2; com.google.dagger:dagger-spi:2.56.2; com.google.dagger:hilt-android-compiler:2.56.2; com.google.dagger:hilt-android-gradle-plugin:2.56.2; com.squareup:kotlinpoet-javapoet:1.14.2","","Retain pending scoped work packages; no OSV match is not security clearance"
"com.squareup:javawriter:2.1.1",":app/project/devDebugAndroidTestRuntimeClasspath; :app/project/prodDebugAndroidTestRuntimeClasspath; :app/project/qaDebugAndroidTestRuntimeClasspath; :app/project/stagingDebugAndroidTestRuntimeClasspath","androidx.test.espresso:espresso-core:3.5.0","","Retain pending scoped work packages; no OSV match is not security clearance"
"com.squareup:javawriter:2.5.0",":/buildscript/classpath","com.android.tools.build:builder:8.13.2","","Retain pending scoped work packages; no OSV match is not security clearance"
"com.squareup:kotlinpoet-javapoet:1.14.2",":app/project/kspDevDebugAndroidTestKotlinProcessorClasspath; :app/project/kspDevDebugKotlinProcessorClasspath; :app/project/kspDevDebugUnitTestKotlinProcessorClasspath; :app/project/kspDevReleaseKotlinProcessorClasspath; :app/project/kspDevReleaseUnitTestKotlinProcessorClasspath; :app/project/kspProdDebugAndroidTestKotlinProcessorClasspath; :app/project/kspProdDebugKotlinProcessorClasspath; :app/project/kspProdDebugUnitTestKotlinProcessorClasspath; :app/project/kspProdReleaseKotlinProcessorClasspath; :app/project/kspProdReleaseUnitTestKotlinProcessorClasspath; :app/project/kspQaDebugAndroidTestKotlinProcessorClasspath; :app/project/kspQaDebugKotlinProcessorClasspath; :app/project/kspQaDebugUnitTestKotlinProcessorClasspath; :app/project/kspQaReleaseKotlinProcessorClasspath; :app/project/kspQaReleaseUnitTestKotlinProcessorClasspath; :app/project/kspStagingDebugAndroidTestKotlinProcessorClasspath; :app/project/kspStagingDebugKotlinProcessorClasspath; :app/project/kspStagingDebugUnitTestKotlinProcessorClasspath; :app/project/kspStagingReleaseKotlinProcessorClasspath; :app/project/kspStagingReleaseUnitTestKotlinProcessorClasspath","androidx.room:room-compiler-processing:2.6.1; androidx.room:room-compiler:2.6.1","","Retain pending scoped work packages; no OSV match is not security clearance"
"com.squareup:kotlinpoet:1.14.2",":app/project/kspDevDebugAndroidTestKotlinProcessorClasspath; :app/project/kspDevDebugKotlinProcessorClasspath; :app/project/kspDevDebugUnitTestKotlinProcessorClasspath; :app/project/kspDevReleaseKotlinProcessorClasspath; :app/project/kspDevReleaseUnitTestKotlinProcessorClasspath; :app/project/kspProdDebugAndroidTestKotlinProcessorClasspath; :app/project/kspProdDebugKotlinProcessorClasspath; :app/project/kspProdDebugUnitTestKotlinProcessorClasspath; :app/project/kspProdReleaseKotlinProcessorClasspath; :app/project/kspProdReleaseUnitTestKotlinProcessorClasspath; :app/project/kspQaDebugAndroidTestKotlinProcessorClasspath; :app/project/kspQaDebugKotlinProcessorClasspath; :app/project/kspQaDebugUnitTestKotlinProcessorClasspath; :app/project/kspQaReleaseKotlinProcessorClasspath; :app/project/kspQaReleaseUnitTestKotlinProcessorClasspath; :app/project/kspStagingDebugAndroidTestKotlinProcessorClasspath; :app/project/kspStagingDebugKotlinProcessorClasspath; :app/project/kspStagingDebugUnitTestKotlinProcessorClasspath; :app/project/kspStagingReleaseKotlinProcessorClasspath; :app/project/kspStagingReleaseUnitTestKotlinProcessorClasspath","androidx.room:room-compiler-processing:2.6.1; androidx.room:room-compiler:2.6.1; com.google.dagger:dagger-compiler:2.56.2; com.squareup:kotlinpoet-javapoet:1.14.2","","Retain pending scoped work packages; no OSV match is not security clearance"
"com.sun.activation:javax.activation:1.2.0",":/buildscript/classpath","com.android.tools:repository:31.13.2","","Retain pending scoped work packages; no OSV match is not security clearance"
"com.sun.istack:istack-commons-runtime:3.0.8",":/buildscript/classpath","org.glassfish.jaxb:jaxb-runtime:2.3.2","","Retain pending scoped work packages; no OSV match is not security clearance"
"com.sun.xml.fastinfoset:FastInfoset:1.2.16",":/buildscript/classpath","org.glassfish.jaxb:jaxb-runtime:2.3.2","","Retain pending scoped work packages; no OSV match is not security clearance"
"commons-codec:commons-codec:1.11",":/buildscript/classpath","org.apache.httpcomponents:httpclient:4.5.14","","Retain pending scoped work packages; no OSV match is not security clearance"
"commons-codec:commons-codec:1.15",":app/project/kspDevDebugAndroidTestKotlinProcessorClasspath; :app/project/kspDevDebugKotlinProcessorClasspath; :app/project/kspDevDebugUnitTestKotlinProcessorClasspath; :app/project/kspDevReleaseKotlinProcessorClasspath; :app/project/kspDevReleaseUnitTestKotlinProcessorClasspath; :app/project/kspProdDebugAndroidTestKotlinProcessorClasspath; :app/project/kspProdDebugKotlinProcessorClasspath; :app/project/kspProdDebugUnitTestKotlinProcessorClasspath; :app/project/kspProdReleaseKotlinProcessorClasspath; :app/project/kspProdReleaseUnitTestKotlinProcessorClasspath; :app/project/kspQaDebugAndroidTestKotlinProcessorClasspath; :app/project/kspQaDebugKotlinProcessorClasspath; :app/project/kspQaDebugUnitTestKotlinProcessorClasspath; :app/project/kspQaReleaseKotlinProcessorClasspath; :app/project/kspQaReleaseUnitTestKotlinProcessorClasspath; :app/project/kspStagingDebugAndroidTestKotlinProcessorClasspath; :app/project/kspStagingDebugKotlinProcessorClasspath; :app/project/kspStagingDebugUnitTestKotlinProcessorClasspath; :app/project/kspStagingReleaseKotlinProcessorClasspath; :app/project/kspStagingReleaseUnitTestKotlinProcessorClasspath","androidx.room:room-compiler:2.6.1","","Retain pending scoped work packages; no OSV match is not security clearance"
"commons-io:commons-io:2.16.1",":/buildscript/classpath; :app/project/_internal-unified-test-platform-android-test-plugin-host-emulator-control","androidx.databinding:databinding-compiler-common:8.13.2; com.android.tools.build:gradle:8.13.2; com.android.tools.utp:android-test-plugin-host-emulator-control:31.13.2","","Retain pending scoped work packages; no OSV match is not security clearance"
"commons-logging:commons-logging:1.2",":/buildscript/classpath","org.apache.httpcomponents:httpclient:4.5.14","","Retain pending scoped work packages; no OSV match is not security clearance"
"dev.drewhamilton.poko:poko-annotations-jvm:0.16.0",":app/project/detekt","dev.drewhamilton.poko:poko-annotations:0.16.0","","Retain pending scoped work packages; no OSV match is not security clearance"
"dev.drewhamilton.poko:poko-annotations:0.16.0",":app/project/detekt","io.gitlab.arturbosch.detekt:detekt-api:1.23.7","","Retain pending scoped work packages; no OSV match is not security clearance"
"io.github.davidburstrom.contester:contester-breakpoint:0.2.0",":app/project/detekt","io.gitlab.arturbosch.detekt:detekt-parser:1.23.7","","Retain pending scoped work packages; no OSV match is not security clearance"
"io.github.detekt.sarif4k:sarif4k-jvm:0.6.0",":app/project/detekt","io.github.detekt.sarif4k:sarif4k:0.6.0","","Retain pending scoped work packages; no OSV match is not security clearance"
"io.github.detekt.sarif4k:sarif4k:0.6.0",":app/project/detekt","io.gitlab.arturbosch.detekt:detekt-report-sarif:1.23.7","","Retain pending scoped work packages; no OSV match is not security clearance"
"io.github.microutils:kotlin-logging-jvm:3.0.5",":app/project/detektPlugins","com.pinterest.ktlint:ktlint-logger:0.50.0","","Retain pending scoped work packages; no OSV match is not security clearance"
"io.gitlab.arturbosch.detekt:detekt-api:1.23.7",":app/project/detekt","io.gitlab.arturbosch.detekt:detekt-core:1.23.7; io.gitlab.arturbosch.detekt:detekt-metrics:1.23.7; io.gitlab.arturbosch.detekt:detekt-report-md:1.23.7; io.gitlab.arturbosch.detekt:detekt-tooling:1.23.7","","Retain pending scoped work packages; no OSV match is not security clearance"
"io.gitlab.arturbosch.detekt:detekt-cli:1.23.7",":app/project/detekt","project :app","","Retain pending scoped work packages; no OSV match is not security clearance"
"io.gitlab.arturbosch.detekt:detekt-core:1.23.7",":app/project/detekt","io.gitlab.arturbosch.detekt:detekt-cli:1.23.7","","Retain pending scoped work packages; no OSV match is not security clearance"
"io.gitlab.arturbosch.detekt:detekt-formatting:1.23.7",":app/project/detektPlugins","project :app","","Retain pending scoped work packages; no OSV match is not security clearance"
"io.gitlab.arturbosch.detekt:detekt-gradle-plugin:1.23.7",":/buildscript/classpath","io.gitlab.arturbosch.detekt:io.gitlab.arturbosch.detekt.gradle.plugin:1.23.7","","Retain pending scoped work packages; no OSV match is not security clearance"
"io.gitlab.arturbosch.detekt:detekt-metrics:1.23.7",":app/project/detekt","io.gitlab.arturbosch.detekt:detekt-core:1.23.7; io.gitlab.arturbosch.detekt:detekt-report-md:1.23.7","","Retain pending scoped work packages; no OSV match is not security clearance"
"io.gitlab.arturbosch.detekt:detekt-parser:1.23.7",":app/project/detekt","io.gitlab.arturbosch.detekt:detekt-cli:1.23.7; io.gitlab.arturbosch.detekt:detekt-core:1.23.7","","Retain pending scoped work packages; no OSV match is not security clearance"
"io.gitlab.arturbosch.detekt:detekt-psi-utils:1.23.7",":app/project/detekt","io.gitlab.arturbosch.detekt:detekt-api:1.23.7; io.gitlab.arturbosch.detekt:detekt-core:1.23.7; io.gitlab.arturbosch.detekt:detekt-parser:1.23.7","","Retain pending scoped work packages; no OSV match is not security clearance"
"io.gitlab.arturbosch.detekt:detekt-report-html:1.23.7",":app/project/detekt","io.gitlab.arturbosch.detekt:detekt-core:1.23.7","","Retain pending scoped work packages; no OSV match is not security clearance"
"io.gitlab.arturbosch.detekt:detekt-report-md:1.23.7",":app/project/detekt","io.gitlab.arturbosch.detekt:detekt-core:1.23.7","","Retain pending scoped work packages; no OSV match is not security clearance"
"io.gitlab.arturbosch.detekt:detekt-report-sarif:1.23.7",":app/project/detekt","io.gitlab.arturbosch.detekt:detekt-core:1.23.7","","Retain pending scoped work packages; no OSV match is not security clearance"
"io.gitlab.arturbosch.detekt:detekt-report-txt:1.23.7",":app/project/detekt","io.gitlab.arturbosch.detekt:detekt-core:1.23.7","","Retain pending scoped work packages; no OSV match is not security clearance"
"io.gitlab.arturbosch.detekt:detekt-report-xml:1.23.7",":app/project/detekt","io.gitlab.arturbosch.detekt:detekt-core:1.23.7","","Retain pending scoped work packages; no OSV match is not security clearance"
"io.gitlab.arturbosch.detekt:detekt-rules-complexity:1.23.7",":app/project/detekt","io.gitlab.arturbosch.detekt:detekt-rules:1.23.7","","Retain pending scoped work packages; no OSV match is not security clearance"
"io.gitlab.arturbosch.detekt:detekt-rules-coroutines:1.23.7",":app/project/detekt","io.gitlab.arturbosch.detekt:detekt-rules:1.23.7","","Retain pending scoped work packages; no OSV match is not security clearance"
"io.gitlab.arturbosch.detekt:detekt-rules-documentation:1.23.7",":app/project/detekt","io.gitlab.arturbosch.detekt:detekt-rules:1.23.7","","Retain pending scoped work packages; no OSV match is not security clearance"
"io.gitlab.arturbosch.detekt:detekt-rules-empty:1.23.7",":app/project/detekt","io.gitlab.arturbosch.detekt:detekt-rules:1.23.7","","Retain pending scoped work packages; no OSV match is not security clearance"
"io.gitlab.arturbosch.detekt:detekt-rules-errorprone:1.23.7",":app/project/detekt","io.gitlab.arturbosch.detekt:detekt-rules:1.23.7","","Retain pending scoped work packages; no OSV match is not security clearance"
"io.gitlab.arturbosch.detekt:detekt-rules-exceptions:1.23.7",":app/project/detekt","io.gitlab.arturbosch.detekt:detekt-rules:1.23.7","","Retain pending scoped work packages; no OSV match is not security clearance"
"io.gitlab.arturbosch.detekt:detekt-rules-naming:1.23.7",":app/project/detekt","io.gitlab.arturbosch.detekt:detekt-rules:1.23.7","","Retain pending scoped work packages; no OSV match is not security clearance"
"io.gitlab.arturbosch.detekt:detekt-rules-performance:1.23.7",":app/project/detekt","io.gitlab.arturbosch.detekt:detekt-rules:1.23.7","","Retain pending scoped work packages; no OSV match is not security clearance"
"io.gitlab.arturbosch.detekt:detekt-rules-style:1.23.7",":app/project/detekt","io.gitlab.arturbosch.detekt:detekt-rules:1.23.7","","Retain pending scoped work packages; no OSV match is not security clearance"
"io.gitlab.arturbosch.detekt:detekt-rules:1.23.7",":app/project/detekt","io.gitlab.arturbosch.detekt:detekt-cli:1.23.7","","Retain pending scoped work packages; no OSV match is not security clearance"
"io.gitlab.arturbosch.detekt:detekt-tooling:1.23.7",":app/project/detekt","io.gitlab.arturbosch.detekt:detekt-cli:1.23.7; io.gitlab.arturbosch.detekt:detekt-core:1.23.7; io.gitlab.arturbosch.detekt:detekt-rules-errorprone:1.23.7","","Retain pending scoped work packages; no OSV match is not security clearance"
"io.gitlab.arturbosch.detekt:detekt-utils:1.23.7",":app/project/detekt","io.gitlab.arturbosch.detekt:detekt-api:1.23.7; io.gitlab.arturbosch.detekt:detekt-core:1.23.7; io.gitlab.arturbosch.detekt:detekt-report-html:1.23.7; io.gitlab.arturbosch.detekt:detekt-report-md:1.23.7","","Retain pending scoped work packages; no OSV match is not security clearance"
"io.gitlab.arturbosch.detekt:io.gitlab.arturbosch.detekt.gradle.plugin:1.23.7",":/buildscript/classpath","root project :","","Retain pending scoped work packages; no OSV match is not security clearance"
"io.grpc:grpc-api:1.57.2",":app/project/_internal-unified-test-platform-core","com.google.testing.platform:core:0.0.9-alpha03; io.grpc:grpc-context:1.57.2; io.grpc:grpc-core:1.57.2; io.grpc:grpc-protobuf-lite:1.57.2; io.grpc:grpc-protobuf:1.57.2; io.grpc:grpc-stub:1.57.2","","Retain pending scoped work packages; no OSV match is not security clearance"
"io.grpc:grpc-api:1.69.1",":/buildscript/classpath; :app/project/_internal-unified-test-platform-android-test-plugin-host-emulator-control; :app/project/_internal-unified-test-platform-android-test-plugin-result-listener-gradle","io.grpc:grpc-context:1.69.1; io.grpc:grpc-core:1.69.1; io.grpc:grpc-inprocess:1.69.1; io.grpc:grpc-netty:1.69.1; io.grpc:grpc-protobuf-lite:1.69.1; io.grpc:grpc-protobuf:1.69.1; io.grpc:grpc-stub:1.69.1; io.grpc:grpc-util:1.69.1","","Retain pending scoped work packages; no OSV match is not security clearance"
"io.grpc:grpc-context:1.57.2",":app/project/_internal-unified-test-platform-core","io.grpc:grpc-core:1.57.2; io.opencensus:opencensus-api:0.31.0","","Retain pending scoped work packages; no OSV match is not security clearance"
"io.grpc:grpc-context:1.69.1",":/buildscript/classpath; :app/project/_internal-unified-test-platform-android-test-plugin-host-emulator-control; :app/project/_internal-unified-test-platform-android-test-plugin-result-listener-gradle","io.grpc:grpc-core:1.69.1","","Retain pending scoped work packages; no OSV match is not security clearance"
"io.grpc:grpc-core:1.57.2",":app/project/_internal-unified-test-platform-core","io.grpc:grpc-netty:1.57.2; io.grpc:grpc-services:1.57.2","","Retain pending scoped work packages; no OSV match is not security clearance"
"io.grpc:grpc-core:1.69.1",":/buildscript/classpath; :app/project/_internal-unified-test-platform-android-test-plugin-host-emulator-control; :app/project/_internal-unified-test-platform-android-test-plugin-result-listener-gradle","com.android.tools.build:gradle:8.13.2; com.android.tools.emulator:proto:31.13.2; com.android.tools.utp:android-test-plugin-result-listener-gradle-proto:31.13.2; com.android.tools.utp:android-test-plugin-result-listener-gradle:31.13.2; io.grpc:grpc-inprocess:1.69.1; io.grpc:grpc-netty:1.69.1; io.grpc:grpc-util:1.69.1","","Retain pending scoped work packages; no OSV match is not security clearance"
"io.grpc:grpc-inprocess:1.69.1",":/buildscript/classpath; :app/project/_internal-unified-test-platform-android-test-plugin-result-listener-gradle","com.android.tools.build:gradle:8.13.2; com.android.tools.utp:android-test-plugin-result-listener-gradle-proto:31.13.2; com.android.tools.utp:android-test-plugin-result-listener-gradle:31.13.2","","Retain pending scoped work packages; no OSV match is not security clearance"
"io.grpc:grpc-netty:1.57.2",":app/project/_internal-unified-test-platform-core","com.google.testing.platform:core:0.0.9-alpha03","","Retain pending scoped work packages; no OSV match is not security clearance"
"io.grpc:grpc-netty:1.69.1",":/buildscript/classpath; :app/project/_internal-unified-test-platform-android-test-plugin-host-emulator-control; :app/project/_internal-unified-test-platform-android-test-plugin-result-listener-gradle","com.android.tools.build:gradle:8.13.2; com.android.tools.emulator:proto:31.13.2; com.android.tools.utp:android-test-plugin-result-listener-gradle-proto:31.13.2; com.android.tools.utp:android-test-plugin-result-listener-gradle:31.13.2","","Retain pending scoped work packages; no OSV match is not security clearance"
"io.grpc:grpc-protobuf-lite:1.57.2",":app/project/_internal-unified-test-platform-core","io.grpc:grpc-protobuf:1.57.2","","Retain pending scoped work packages; no OSV match is not security clearance"
"io.grpc:grpc-protobuf-lite:1.69.1",":/buildscript/classpath; :app/project/_internal-unified-test-platform-android-test-plugin-host-emulator-control; :app/project/_internal-unified-test-platform-android-test-plugin-result-listener-gradle","io.grpc:grpc-protobuf:1.69.1","","Retain pending scoped work packages; no OSV match is not security clearance"
"io.grpc:grpc-protobuf:1.57.2",":app/project/_internal-unified-test-platform-core","io.grpc:grpc-services:1.57.2; io.opencensus:opencensus-proto:0.2.0","","Retain pending scoped work packages; no OSV match is not security clearance"
"io.grpc:grpc-protobuf:1.69.1",":/buildscript/classpath; :app/project/_internal-unified-test-platform-android-test-plugin-host-emulator-control; :app/project/_internal-unified-test-platform-android-test-plugin-result-listener-gradle","com.android.tools.build:gradle:8.13.2; com.android.tools.emulator:proto:31.13.2; com.android.tools.utp:android-test-plugin-result-listener-gradle-proto:31.13.2; com.android.tools.utp:android-test-plugin-result-listener-gradle:31.13.2","","Retain pending scoped work packages; no OSV match is not security clearance"
"io.grpc:grpc-services:1.57.2",":app/project/_internal-unified-test-platform-core","com.google.testing.platform:core:0.0.9-alpha03","","Retain pending scoped work packages; no OSV match is not security clearance"
"io.grpc:grpc-stub:1.57.2",":app/project/_internal-unified-test-platform-core","com.google.testing.platform:core:0.0.9-alpha03; io.grpc:grpc-services:1.57.2; io.opencensus:opencensus-proto:0.2.0","","Retain pending scoped work packages; no OSV match is not security clearance"
"io.grpc:grpc-stub:1.69.1",":/buildscript/classpath; :app/project/_internal-unified-test-platform-android-test-plugin-host-emulator-control; :app/project/_internal-unified-test-platform-android-test-plugin-result-listener-gradle","com.android.tools.build:gradle:8.13.2; com.android.tools.emulator:proto:31.13.2; com.android.tools.utp:android-test-plugin-result-listener-gradle-proto:31.13.2; com.android.tools.utp:android-test-plugin-result-listener-gradle:31.13.2","","Retain pending scoped work packages; no OSV match is not security clearance"
"io.grpc:grpc-util:1.69.1",":/buildscript/classpath; :app/project/_internal-unified-test-platform-android-test-plugin-host-emulator-control; :app/project/_internal-unified-test-platform-android-test-plugin-result-listener-gradle","io.grpc:grpc-netty:1.69.1","","Retain pending scoped work packages; no OSV match is not security clearance"
"io.netty:netty-buffer:4.1.110.Final",":/buildscript/classpath; :app/project/_internal-unified-test-platform-android-test-plugin-host-emulator-control; :app/project/_internal-unified-test-platform-android-test-plugin-result-listener-gradle","io.netty:netty-codec-http:4.1.110.Final; io.netty:netty-codec-http2:4.1.110.Final; io.netty:netty-codec-socks:4.1.110.Final; io.netty:netty-codec:4.1.110.Final; io.netty:netty-handler-proxy:4.1.110.Final; io.netty:netty-handler:4.1.110.Final; io.netty:netty-transport-native-unix-common:4.1.110.Final; io.netty:netty-transport:4.1.110.Final","","Retain pending scoped work packages; no OSV match is not security clearance"
"io.netty:netty-buffer:4.1.93.Final",":app/project/_internal-unified-test-platform-core","io.netty:netty-codec-http:4.1.93.Final; io.netty:netty-codec-http2:4.1.93.Final; io.netty:netty-codec-socks:4.1.93.Final; io.netty:netty-codec:4.1.93.Final; io.netty:netty-handler-proxy:4.1.93.Final; io.netty:netty-handler:4.1.93.Final; io.netty:netty-transport-native-unix-common:4.1.93.Final; io.netty:netty-transport:4.1.93.Final","","Retain pending scoped work packages; no OSV match is not security clearance"
"io.netty:netty-codec-http:4.1.110.Final",":/buildscript/classpath; :app/project/_internal-unified-test-platform-android-test-plugin-host-emulator-control; :app/project/_internal-unified-test-platform-android-test-plugin-result-listener-gradle","io.netty:netty-codec-http2:4.1.110.Final; io.netty:netty-handler-proxy:4.1.110.Final","GHSA-38f8-5428-x5cv; GHSA-4mp9-239f-g9hg; GHSA-57rv-r2g8-2cj3; GHSA-6cqp-g7gg-8hr5; GHSA-6jqx-86gh-f27w; GHSA-84h7-rjj3-6jx4; GHSA-8c42-7qj2-3j46; GHSA-f6hv-jmp6-3vwv; GHSA-fghv-69vj-qj49; GHSA-gcjf-9mgh-3p7g; GHSA-hvcg-qmg6-jm4c; GHSA-jppx-w49h-x2qq; GHSA-m4cv-j2px-7723; GHSA-mvh2-crg5-v77c; GHSA-pwqr-wmgm-9rr8; GHSA-q4f6-jm68-57ww; GHSA-v8h7-rr48-vmmv; GHSA-xxqh-mfjm-7mv9","Investigate applicability; qualify parent/library remedy under report WP0a/WP3/WP5; not accepted risk"
"io.netty:netty-codec-http:4.1.93.Final",":app/project/_internal-unified-test-platform-core","io.netty:netty-codec-http2:4.1.93.Final; io.netty:netty-handler-proxy:4.1.93.Final","GHSA-38f8-5428-x5cv; GHSA-4mp9-239f-g9hg; GHSA-57rv-r2g8-2cj3; GHSA-5jpm-x58v-624v; GHSA-6cqp-g7gg-8hr5; GHSA-6jqx-86gh-f27w; GHSA-84h7-rjj3-6jx4; GHSA-8c42-7qj2-3j46; GHSA-f6hv-jmp6-3vwv; GHSA-fghv-69vj-qj49; GHSA-gcjf-9mgh-3p7g; GHSA-hvcg-qmg6-jm4c; GHSA-jppx-w49h-x2qq; GHSA-m4cv-j2px-7723; GHSA-mvh2-crg5-v77c; GHSA-pwqr-wmgm-9rr8; GHSA-q4f6-jm68-57ww; GHSA-v8h7-rr48-vmmv; GHSA-xxqh-mfjm-7mv9","Investigate applicability; qualify parent/library remedy under report WP0a/WP3/WP5; not accepted risk"
"io.netty:netty-codec-http2:4.1.110.Final",":/buildscript/classpath; :app/project/_internal-unified-test-platform-android-test-plugin-host-emulator-control; :app/project/_internal-unified-test-platform-android-test-plugin-result-listener-gradle","io.grpc:grpc-netty:1.69.1","GHSA-563q-j3cm-6jxm; GHSA-5x3r-wrvg-rp6q; GHSA-93wv-jw9v-4972; GHSA-c2gf-v879-257j; GHSA-c69g-56f8-xwqj; GHSA-f6hv-jmp6-3vwv; GHSA-prj3-ccx8-p6x4; GHSA-w9fj-cfpg-grvv","Investigate applicability; qualify parent/library remedy under report WP0a/WP3/WP5; not accepted risk"
"io.netty:netty-codec-http2:4.1.93.Final",":app/project/_internal-unified-test-platform-core","io.grpc:grpc-netty:1.57.2","GHSA-563q-j3cm-6jxm; GHSA-5x3r-wrvg-rp6q; GHSA-93wv-jw9v-4972; GHSA-c2gf-v879-257j; GHSA-c69g-56f8-xwqj; GHSA-f6hv-jmp6-3vwv; GHSA-prj3-ccx8-p6x4; GHSA-w9fj-cfpg-grvv; GHSA-xpw8-rcwv-8f8p","Investigate applicability; qualify parent/library remedy under report WP0a/WP3/WP5; not accepted risk"
"io.netty:netty-codec-socks:4.1.110.Final",":/buildscript/classpath; :app/project/_internal-unified-test-platform-android-test-plugin-host-emulator-control; :app/project/_internal-unified-test-platform-android-test-plugin-result-listener-gradle","io.netty:netty-handler-proxy:4.1.110.Final","","Retain pending scoped work packages; no OSV match is not security clearance"
"io.netty:netty-codec-socks:4.1.93.Final",":app/project/_internal-unified-test-platform-core","io.netty:netty-handler-proxy:4.1.93.Final","","Retain pending scoped work packages; no OSV match is not security clearance"
"io.netty:netty-codec:4.1.110.Final",":/buildscript/classpath; :app/project/_internal-unified-test-platform-android-test-plugin-host-emulator-control; :app/project/_internal-unified-test-platform-android-test-plugin-result-listener-gradle","io.netty:netty-codec-http:4.1.110.Final; io.netty:netty-codec-http2:4.1.110.Final; io.netty:netty-codec-socks:4.1.110.Final; io.netty:netty-handler-proxy:4.1.110.Final; io.netty:netty-handler:4.1.110.Final","GHSA-3p8m-j85q-pgmj; GHSA-558v-64gr-wgg4; GHSA-mj4r-2hfc-f8p6","Investigate applicability; qualify parent/library remedy under report WP0a/WP3/WP5; not accepted risk"
"io.netty:netty-codec:4.1.93.Final",":app/project/_internal-unified-test-platform-core","io.netty:netty-codec-http:4.1.93.Final; io.netty:netty-codec-http2:4.1.93.Final; io.netty:netty-codec-socks:4.1.93.Final; io.netty:netty-handler-proxy:4.1.93.Final; io.netty:netty-handler:4.1.93.Final","GHSA-3p8m-j85q-pgmj; GHSA-558v-64gr-wgg4; GHSA-mj4r-2hfc-f8p6","Investigate applicability; qualify parent/library remedy under report WP0a/WP3/WP5; not accepted risk"
"io.netty:netty-common:4.1.110.Final",":/buildscript/classpath; :app/project/_internal-unified-test-platform-android-test-plugin-host-emulator-control; :app/project/_internal-unified-test-platform-android-test-plugin-result-listener-gradle","io.netty:netty-buffer:4.1.110.Final; io.netty:netty-codec-http:4.1.110.Final; io.netty:netty-codec-http2:4.1.110.Final; io.netty:netty-codec-socks:4.1.110.Final; io.netty:netty-codec:4.1.110.Final; io.netty:netty-handler-proxy:4.1.110.Final; io.netty:netty-handler:4.1.110.Final; io.netty:netty-resolver:4.1.110.Final; io.netty:netty-transport-native-unix-common:4.1.110.Final; io.netty:netty-transport:4.1.110.Final","GHSA-389x-839f-4rhx; GHSA-xq3w-v528-46rv","Investigate applicability; qualify parent/library remedy under report WP0a/WP3/WP5; not accepted risk"
"io.netty:netty-common:4.1.93.Final",":app/project/_internal-unified-test-platform-core","io.netty:netty-buffer:4.1.93.Final; io.netty:netty-codec-http:4.1.93.Final; io.netty:netty-codec-http2:4.1.93.Final; io.netty:netty-codec-socks:4.1.93.Final; io.netty:netty-codec:4.1.93.Final; io.netty:netty-handler-proxy:4.1.93.Final; io.netty:netty-handler:4.1.93.Final; io.netty:netty-resolver:4.1.93.Final; io.netty:netty-transport-native-unix-common:4.1.93.Final; io.netty:netty-transport:4.1.93.Final","GHSA-389x-839f-4rhx; GHSA-xq3w-v528-46rv","Investigate applicability; qualify parent/library remedy under report WP0a/WP3/WP5; not accepted risk"
"io.netty:netty-handler-proxy:4.1.110.Final",":/buildscript/classpath; :app/project/_internal-unified-test-platform-android-test-plugin-host-emulator-control; :app/project/_internal-unified-test-platform-android-test-plugin-result-listener-gradle","io.grpc:grpc-netty:1.69.1","GHSA-45q3-82m4-75jr","Investigate applicability; qualify parent/library remedy under report WP0a/WP3/WP5; not accepted risk"
"io.netty:netty-handler-proxy:4.1.93.Final",":app/project/_internal-unified-test-platform-core","io.grpc:grpc-netty:1.57.2","GHSA-45q3-82m4-75jr","Investigate applicability; qualify parent/library remedy under report WP0a/WP3/WP5; not accepted risk"
"io.netty:netty-handler:4.1.110.Final",":/buildscript/classpath; :app/project/_internal-unified-test-platform-android-test-plugin-host-emulator-control; :app/project/_internal-unified-test-platform-android-test-plugin-result-listener-gradle","io.netty:netty-codec-http:4.1.110.Final; io.netty:netty-codec-http2:4.1.110.Final","GHSA-3qp7-7mw8-wx86; GHSA-4g8c-wm8x-jfhw; GHSA-c4c3-7fpv-j4q5; GHSA-c653-97m9-rcg9; GHSA-fccg-mwvh-qqg4; GHSA-x4gw-5cx5-pgmh","Investigate applicability; qualify parent/library remedy under report WP0a/WP3/WP5; not accepted risk"
"io.netty:netty-handler:4.1.93.Final",":app/project/_internal-unified-test-platform-core","io.netty:netty-codec-http:4.1.93.Final; io.netty:netty-codec-http2:4.1.93.Final","GHSA-3qp7-7mw8-wx86; GHSA-4g8c-wm8x-jfhw; GHSA-6mjq-h674-j845; GHSA-c4c3-7fpv-j4q5; GHSA-c653-97m9-rcg9; GHSA-fccg-mwvh-qqg4; GHSA-x4gw-5cx5-pgmh","Investigate applicability; qualify parent/library remedy under report WP0a/WP3/WP5; not accepted risk"
"io.netty:netty-resolver:4.1.110.Final",":/buildscript/classpath; :app/project/_internal-unified-test-platform-android-test-plugin-host-emulator-control; :app/project/_internal-unified-test-platform-android-test-plugin-result-listener-gradle","io.netty:netty-handler:4.1.110.Final; io.netty:netty-transport:4.1.110.Final","","Retain pending scoped work packages; no OSV match is not security clearance"
"io.netty:netty-resolver:4.1.93.Final",":app/project/_internal-unified-test-platform-core","io.netty:netty-handler:4.1.93.Final; io.netty:netty-transport:4.1.93.Final","","Retain pending scoped work packages; no OSV match is not security clearance"
"io.netty:netty-transport-native-unix-common:4.1.110.Final",":/buildscript/classpath; :app/project/_internal-unified-test-platform-android-test-plugin-host-emulator-control; :app/project/_internal-unified-test-platform-android-test-plugin-result-listener-gradle","io.grpc:grpc-netty:1.69.1; io.netty:netty-handler:4.1.110.Final","","Retain pending scoped work packages; no OSV match is not security clearance"
"io.netty:netty-transport-native-unix-common:4.1.93.Final",":app/project/_internal-unified-test-platform-core","io.grpc:grpc-netty:1.57.2; io.netty:netty-handler:4.1.93.Final","","Retain pending scoped work packages; no OSV match is not security clearance"
"io.netty:netty-transport:4.1.110.Final",":/buildscript/classpath; :app/project/_internal-unified-test-platform-android-test-plugin-host-emulator-control; :app/project/_internal-unified-test-platform-android-test-plugin-result-listener-gradle","io.netty:netty-codec-http:4.1.110.Final; io.netty:netty-codec-http2:4.1.110.Final; io.netty:netty-codec-socks:4.1.110.Final; io.netty:netty-codec:4.1.110.Final; io.netty:netty-handler-proxy:4.1.110.Final; io.netty:netty-handler:4.1.110.Final; io.netty:netty-transport-native-unix-common:4.1.110.Final","","Retain pending scoped work packages; no OSV match is not security clearance"
"io.netty:netty-transport:4.1.93.Final",":app/project/_internal-unified-test-platform-core","io.netty:netty-codec-http:4.1.93.Final; io.netty:netty-codec-http2:4.1.93.Final; io.netty:netty-codec-socks:4.1.93.Final; io.netty:netty-codec:4.1.93.Final; io.netty:netty-handler-proxy:4.1.93.Final; io.netty:netty-handler:4.1.93.Final; io.netty:netty-transport-native-unix-common:4.1.93.Final","","Retain pending scoped work packages; no OSV match is not security clearance"
"io.opencensus:opencensus-api:0.31.0",":app/project/_internal-unified-test-platform-core","com.google.testing.platform:core:0.0.9-alpha03","","Retain pending scoped work packages; no OSV match is not security clearance"
"io.opencensus:opencensus-proto:0.2.0",":app/project/_internal-unified-test-platform-android-test-plugin-host-additional-test-output; :app/project/_internal-unified-test-platform-android-test-plugin-host-device-info; :app/project/_internal-unified-test-platform-android-test-plugin-host-logcat; :app/project/_internal-unified-test-platform-core; :app/project/_internal-unified-test-platform-launcher","com.google.testing.platform:core:0.0.9-alpha03; com.google.testing.platform:launcher:0.0.9-alpha03","","Retain pending scoped work packages; no OSV match is not security clearance"
"io.perfmark:perfmark-api:0.26.0",":app/project/_internal-unified-test-platform-core","io.grpc:grpc-core:1.57.2; io.grpc:grpc-netty:1.57.2","","Retain pending scoped work packages; no OSV match is not security clearance"
"io.perfmark:perfmark-api:0.27.0",":/buildscript/classpath; :app/project/_internal-unified-test-platform-android-test-plugin-host-emulator-control; :app/project/_internal-unified-test-platform-android-test-plugin-result-listener-gradle","io.grpc:grpc-core:1.69.1; io.grpc:grpc-netty:1.69.1","","Retain pending scoped work packages; no OSV match is not security clearance"
"jakarta.activation:jakarta.activation-api:1.2.1",":/buildscript/classpath","com.sun.istack:istack-commons-runtime:3.0.8; jakarta.xml.bind:jakarta.xml.bind-api:2.3.2; org.glassfish.jaxb:jaxb-runtime:2.3.2; org.jvnet.staxex:stax-ex:1.8.1","","Retain pending scoped work packages; no OSV match is not security clearance"
"jakarta.inject:jakarta.inject-api:2.0.1",":app/project/devDebugAndroidTestCompileClasspath; :app/project/devDebugCompileClasspath; :app/project/devDebugRuntimeClasspath; :app/project/devDebugUnitTestCompileClasspath; :app/project/devDebugUnitTestRuntimeClasspath; :app/project/devReleaseCompileClasspath; :app/project/devReleaseRuntimeClasspath; :app/project/devReleaseUnitTestCompileClasspath; :app/project/devReleaseUnitTestRuntimeClasspath; :app/project/kspDevDebugAndroidTestKotlinProcessorClasspath; :app/project/kspDevDebugKotlinProcessorClasspath; :app/project/kspDevDebugUnitTestKotlinProcessorClasspath; :app/project/kspDevReleaseKotlinProcessorClasspath; :app/project/kspDevReleaseUnitTestKotlinProcessorClasspath; :app/project/kspProdDebugAndroidTestKotlinProcessorClasspath; :app/project/kspProdDebugKotlinProcessorClasspath; :app/project/kspProdDebugUnitTestKotlinProcessorClasspath; :app/project/kspProdReleaseKotlinProcessorClasspath; :app/project/kspProdReleaseUnitTestKotlinProcessorClasspath; :app/project/kspQaDebugAndroidTestKotlinProcessorClasspath; :app/project/kspQaDebugKotlinProcessorClasspath; :app/project/kspQaDebugUnitTestKotlinProcessorClasspath; :app/project/kspQaReleaseKotlinProcessorClasspath; :app/project/kspQaReleaseUnitTestKotlinProcessorClasspath; :app/project/kspStagingDebugAndroidTestKotlinProcessorClasspath; :app/project/kspStagingDebugKotlinProcessorClasspath; :app/project/kspStagingDebugUnitTestKotlinProcessorClasspath; :app/project/kspStagingReleaseKotlinProcessorClasspath; :app/project/kspStagingReleaseUnitTestKotlinProcessorClasspath; :app/project/prodDebugAndroidTestCompileClasspath; :app/project/prodDebugCompileClasspath; :app/project/prodDebugRuntimeClasspath; :app/project/prodDebugUnitTestCompileClasspath; :app/project/prodDebugUnitTestRuntimeClasspath; :app/project/prodReleaseCompileClasspath; :app/project/prodReleaseRuntimeClasspath; :app/project/prodReleaseUnitTestCompileClasspath; :app/project/prodReleaseUnitTestRuntimeClasspath; :app/project/qaDebugAndroidTestCompileClasspath; :app/project/qaDebugCompileClasspath; :app/project/qaDebugRuntimeClasspath; :app/project/qaDebugUnitTestCompileClasspath; :app/project/qaDebugUnitTestRuntimeClasspath; :app/project/qaReleaseCompileClasspath; :app/project/qaReleaseRuntimeClasspath; :app/project/qaReleaseUnitTestCompileClasspath; :app/project/qaReleaseUnitTestRuntimeClasspath; :app/project/stagingDebugAndroidTestCompileClasspath; :app/project/stagingDebugCompileClasspath; :app/project/stagingDebugRuntimeClasspath; :app/project/stagingDebugUnitTestCompileClasspath; :app/project/stagingDebugUnitTestRuntimeClasspath; :app/project/stagingReleaseCompileClasspath; :app/project/stagingReleaseRuntimeClasspath; :app/project/stagingReleaseUnitTestCompileClasspath; :app/project/stagingReleaseUnitTestRuntimeClasspath","com.google.dagger:dagger:2.56.2","","Retain pending scoped work packages; no OSV match is not security clearance"
"jakarta.xml.bind:jakarta.xml.bind-api:2.3.2",":/buildscript/classpath","org.glassfish.jaxb:jaxb-runtime:2.3.2; org.jvnet.staxex:stax-ex:1.8.1","","Retain pending scoped work packages; no OSV match is not security clearance"
"javax.annotation:javax.annotation-api:1.3.2",":/buildscript/classpath; :app/project/_internal-unified-test-platform-android-test-plugin-host-emulator-control; :app/project/_internal-unified-test-platform-android-test-plugin-result-listener-gradle","com.android.tools.emulator:proto:31.13.2; com.android.tools.utp:android-test-plugin-result-listener-gradle-proto:31.13.2","","Retain pending scoped work packages; no OSV match is not security clearance"
"javax.inject:javax.inject:1",":/buildscript/classpath; :app/project/_internal-unified-test-platform-android-device-provider-ddmlib; :app/project/_internal-unified-test-platform-android-driver-instrumentation; :app/project/_internal-unified-test-platform-android-test-plugin-host-additional-test-output; :app/project/_internal-unified-test-platform-android-test-plugin-host-apk-installer; :app/project/_internal-unified-test-platform-android-test-plugin-host-coverage; :app/project/_internal-unified-test-platform-android-test-plugin-host-device-info; :app/project/_internal-unified-test-platform-android-test-plugin-host-emulator-control; :app/project/_internal-unified-test-platform-android-test-plugin-host-logcat; :app/project/_internal-unified-test-platform-android-test-plugin-result-listener-gradle; :app/project/_internal-unified-test-platform-core; :app/project/devDebugAndroidTestCompileClasspath; :app/project/devDebugAndroidTestRuntimeClasspath; :app/project/devDebugCompileClasspath; :app/project/devDebugRuntimeClasspath; :app/project/devDebugUnitTestCompileClasspath; :app/project/devDebugUnitTestRuntimeClasspath; :app/project/devReleaseCompileClasspath; :app/project/devReleaseRuntimeClasspath; :app/project/devReleaseUnitTestCompileClasspath; :app/project/devReleaseUnitTestRuntimeClasspath; :app/project/kspDevDebugAndroidTestKotlinProcessorClasspath; :app/project/kspDevDebugKotlinProcessorClasspath; :app/project/kspDevDebugUnitTestKotlinProcessorClasspath; :app/project/kspDevReleaseKotlinProcessorClasspath; :app/project/kspDevReleaseUnitTestKotlinProcessorClasspath; :app/project/kspProdDebugAndroidTestKotlinProcessorClasspath; :app/project/kspProdDebugKotlinProcessorClasspath; :app/project/kspProdDebugUnitTestKotlinProcessorClasspath; :app/project/kspProdReleaseKotlinProcessorClasspath; :app/project/kspProdReleaseUnitTestKotlinProcessorClasspath; :app/project/kspQaDebugAndroidTestKotlinProcessorClasspath; :app/project/kspQaDebugKotlinProcessorClasspath; :app/project/kspQaDebugUnitTestKotlinProcessorClasspath; :app/project/kspQaReleaseKotlinProcessorClasspath; :app/project/kspQaReleaseUnitTestKotlinProcessorClasspath; :app/project/kspStagingDebugAndroidTestKotlinProcessorClasspath; :app/project/kspStagingDebugKotlinProcessorClasspath; :app/project/kspStagingDebugUnitTestKotlinProcessorClasspath; :app/project/kspStagingReleaseKotlinProcessorClasspath; :app/project/kspStagingReleaseUnitTestKotlinProcessorClasspath; :app/project/prodDebugAndroidTestCompileClasspath; :app/project/prodDebugAndroidTestRuntimeClasspath; :app/project/prodDebugCompileClasspath; :app/project/prodDebugRuntimeClasspath; :app/project/prodDebugUnitTestCompileClasspath; :app/project/prodDebugUnitTestRuntimeClasspath; :app/project/prodReleaseCompileClasspath; :app/project/prodReleaseRuntimeClasspath; :app/project/prodReleaseUnitTestCompileClasspath; :app/project/prodReleaseUnitTestRuntimeClasspath; :app/project/qaDebugAndroidTestCompileClasspath; :app/project/qaDebugAndroidTestRuntimeClasspath; :app/project/qaDebugCompileClasspath; :app/project/qaDebugRuntimeClasspath; :app/project/qaDebugUnitTestCompileClasspath; :app/project/qaDebugUnitTestRuntimeClasspath; :app/project/qaReleaseCompileClasspath; :app/project/qaReleaseRuntimeClasspath; :app/project/qaReleaseUnitTestCompileClasspath; :app/project/qaReleaseUnitTestRuntimeClasspath; :app/project/stagingDebugAndroidTestCompileClasspath; :app/project/stagingDebugAndroidTestRuntimeClasspath; :app/project/stagingDebugCompileClasspath; :app/project/stagingDebugRuntimeClasspath; :app/project/stagingDebugUnitTestCompileClasspath; :app/project/stagingDebugUnitTestRuntimeClasspath; :app/project/stagingReleaseCompileClasspath; :app/project/stagingReleaseRuntimeClasspath; :app/project/stagingReleaseUnitTestCompileClasspath; :app/project/stagingReleaseUnitTestRuntimeClasspath","androidx.test.espresso:espresso-core:3.5.0; com.android.tools:sdk-common:31.13.2; com.android.tools.build:builder:8.13.2; com.android.tools.build:bundletool:1.18.1; com.google.dagger:dagger-compiler:2.56.2; com.google.dagger:dagger-spi:2.56.2; com.google.dagger:dagger:2.28.3; com.google.dagger:dagger:2.48; com.google.dagger:dagger:2.56.2; com.google.dagger:hilt-android-compiler:2.56.2; com.google.dagger:hilt-android:2.56.2; com.google.dagger:hilt-core:2.56.2; com.google.testing.platform:android-device-provider-local:0.0.9-alpha03; com.google.testing.platform:android-driver-instrumentation:0.0.9-alpha03; com.google.testing.platform:core:0.0.9-alpha03","","Retain pending scoped work packages; no OSV match is not security clearance"
"junit:junit:4.13.2",":app/project/devDebugAndroidTestCompileClasspath; :app/project/devDebugAndroidTestRuntimeClasspath; :app/project/devDebugUnitTestCompileClasspath; :app/project/devDebugUnitTestRuntimeClasspath; :app/project/devReleaseUnitTestCompileClasspath; :app/project/devReleaseUnitTestRuntimeClasspath; :app/project/prodDebugAndroidTestCompileClasspath; :app/project/prodDebugAndroidTestRuntimeClasspath; :app/project/prodDebugUnitTestCompileClasspath; :app/project/prodDebugUnitTestRuntimeClasspath; :app/project/prodReleaseUnitTestCompileClasspath; :app/project/prodReleaseUnitTestRuntimeClasspath; :app/project/qaDebugAndroidTestCompileClasspath; :app/project/qaDebugAndroidTestRuntimeClasspath; :app/project/qaDebugUnitTestCompileClasspath; :app/project/qaDebugUnitTestRuntimeClasspath; :app/project/qaReleaseUnitTestCompileClasspath; :app/project/qaReleaseUnitTestRuntimeClasspath; :app/project/stagingDebugAndroidTestCompileClasspath; :app/project/stagingDebugAndroidTestRuntimeClasspath; :app/project/stagingDebugUnitTestCompileClasspath; :app/project/stagingDebugUnitTestRuntimeClasspath; :app/project/stagingReleaseUnitTestCompileClasspath; :app/project/stagingReleaseUnitTestRuntimeClasspath","androidx.compose.ui:ui-test-junit4-android:1.7.6; androidx.test:runner:1.6.2; androidx.test.ext:junit:1.2.1; androidx.test.uiautomator:uiautomator:2.3.0; project :app","","Retain pending scoped work packages; no OSV match is not security clearance"
"net.java.dev.jna:jna-platform:5.6.0",":/buildscript/classpath; :app/project/_internal-unified-test-platform-android-device-provider-ddmlib; :app/project/_internal-unified-test-platform-android-test-plugin-host-additional-test-output; :app/project/_internal-unified-test-platform-android-test-plugin-host-apk-installer; :app/project/_internal-unified-test-platform-android-test-plugin-host-coverage; :app/project/_internal-unified-test-platform-android-test-plugin-host-device-info; :app/project/_internal-unified-test-platform-android-test-plugin-host-emulator-control; :app/project/_internal-unified-test-platform-android-test-plugin-host-logcat; :app/project/_internal-unified-test-platform-android-test-plugin-result-listener-gradle","com.android.tools:common:31.13.2; com.android.tools.analytics-library:shared:31.13.2","","Retain pending scoped work packages; no OSV match is not security clearance"
"net.java.dev.jna:jna:5.6.0",":/buildscript/classpath; :app/project/_internal-unified-test-platform-android-device-provider-ddmlib; :app/project/_internal-unified-test-platform-android-test-plugin-host-additional-test-output; :app/project/_internal-unified-test-platform-android-test-plugin-host-apk-installer; :app/project/_internal-unified-test-platform-android-test-plugin-host-coverage; :app/project/_internal-unified-test-platform-android-test-plugin-host-device-info; :app/project/_internal-unified-test-platform-android-test-plugin-host-emulator-control; :app/project/_internal-unified-test-platform-android-test-plugin-host-logcat; :app/project/_internal-unified-test-platform-android-test-plugin-result-listener-gradle","net.java.dev.jna:jna-platform:5.6.0","","Retain pending scoped work packages; no OSV match is not security clearance"
"net.ltgt.gradle.incap:incap:0.2",":app/project/kspDevDebugAndroidTestKotlinProcessorClasspath; :app/project/kspDevDebugKotlinProcessorClasspath; :app/project/kspDevDebugUnitTestKotlinProcessorClasspath; :app/project/kspDevReleaseKotlinProcessorClasspath; :app/project/kspDevReleaseUnitTestKotlinProcessorClasspath; :app/project/kspProdDebugAndroidTestKotlinProcessorClasspath; :app/project/kspProdDebugKotlinProcessorClasspath; :app/project/kspProdDebugUnitTestKotlinProcessorClasspath; :app/project/kspProdReleaseKotlinProcessorClasspath; :app/project/kspProdReleaseUnitTestKotlinProcessorClasspath; :app/project/kspQaDebugAndroidTestKotlinProcessorClasspath; :app/project/kspQaDebugKotlinProcessorClasspath; :app/project/kspQaDebugUnitTestKotlinProcessorClasspath; :app/project/kspQaReleaseKotlinProcessorClasspath; :app/project/kspQaReleaseUnitTestKotlinProcessorClasspath; :app/project/kspStagingDebugAndroidTestKotlinProcessorClasspath; :app/project/kspStagingDebugKotlinProcessorClasspath; :app/project/kspStagingDebugUnitTestKotlinProcessorClasspath; :app/project/kspStagingReleaseKotlinProcessorClasspath; :app/project/kspStagingReleaseUnitTestKotlinProcessorClasspath","com.google.dagger:dagger-compiler:2.56.2; com.google.dagger:hilt-android-compiler:2.56.2","","Retain pending scoped work packages; no OSV match is not security clearance"
"net.sf.jopt-simple:jopt-simple:4.9",":/buildscript/classpath","com.android.tools.build:gradle:8.13.2","","Retain pending scoped work packages; no OSV match is not security clearance"
"net.sf.kxml:kxml2:2.3.0",":/buildscript/classpath; :app/project/_internal-unified-test-platform-android-device-provider-ddmlib","com.android.tools:sdk-common:31.13.2; com.android.tools.ddms:ddmlib:31.13.2; com.android.tools.layoutlib:layoutlib-api:31.13.2; com.android.tools.lint:lint-model:31.13.2","","Retain pending scoped work packages; no OSV match is not security clearance"
"net.zetetic:sqlcipher-android:4.6.1",":app/project/devDebugAndroidTestCompileClasspath; :app/project/devDebugCompileClasspath; :app/project/devDebugRuntimeClasspath; :app/project/devDebugUnitTestCompileClasspath; :app/project/devDebugUnitTestRuntimeClasspath; :app/project/devReleaseCompileClasspath; :app/project/devReleaseRuntimeClasspath; :app/project/devReleaseUnitTestCompileClasspath; :app/project/devReleaseUnitTestRuntimeClasspath; :app/project/prodDebugAndroidTestCompileClasspath; :app/project/prodDebugCompileClasspath; :app/project/prodDebugRuntimeClasspath; :app/project/prodDebugUnitTestCompileClasspath; :app/project/prodDebugUnitTestRuntimeClasspath; :app/project/prodReleaseCompileClasspath; :app/project/prodReleaseRuntimeClasspath; :app/project/prodReleaseUnitTestCompileClasspath; :app/project/prodReleaseUnitTestRuntimeClasspath; :app/project/qaDebugAndroidTestCompileClasspath; :app/project/qaDebugCompileClasspath; :app/project/qaDebugRuntimeClasspath; :app/project/qaDebugUnitTestCompileClasspath; :app/project/qaDebugUnitTestRuntimeClasspath; :app/project/qaReleaseCompileClasspath; :app/project/qaReleaseRuntimeClasspath; :app/project/qaReleaseUnitTestCompileClasspath; :app/project/qaReleaseUnitTestRuntimeClasspath; :app/project/stagingDebugAndroidTestCompileClasspath; :app/project/stagingDebugCompileClasspath; :app/project/stagingDebugRuntimeClasspath; :app/project/stagingDebugUnitTestCompileClasspath; :app/project/stagingDebugUnitTestRuntimeClasspath; :app/project/stagingReleaseCompileClasspath; :app/project/stagingReleaseRuntimeClasspath; :app/project/stagingReleaseUnitTestCompileClasspath; :app/project/stagingReleaseUnitTestRuntimeClasspath","project :app","","Retain pending scoped work packages; no OSV match is not security clearance"
"org.apache.commons:commons-compress:1.21",":/buildscript/classpath","com.android.tools:repository:31.13.2; com.android.tools:sdk-common:31.13.2; com.android.tools:sdklib:31.13.2","GHSA-4265-ccf5-phj5; GHSA-4g9r-vxhx-9pgx","Investigate applicability; qualify parent/library remedy under report WP0a/WP3/WP5; not accepted risk"
"org.apache.httpcomponents:httpclient:4.5.14",":/buildscript/classpath","com.android.tools.analytics-library:crash:31.13.2; org.apache.httpcomponents:httpmime:4.5.6","","Retain pending scoped work packages; no OSV match is not security clearance"
"org.apache.httpcomponents:httpcore:4.4.16",":/buildscript/classpath","com.android.tools:sdklib:31.13.2; com.android.tools.analytics-library:crash:31.13.2; org.apache.httpcomponents:httpclient:4.5.14","","Retain pending scoped work packages; no OSV match is not security clearance"
"org.apache.httpcomponents:httpmime:4.5.6",":/buildscript/classpath","com.android.tools:sdklib:31.13.2; com.android.tools.analytics-library:crash:31.13.2; com.android.tools.build:gradle:8.13.2","","Retain pending scoped work packages; no OSV match is not security clearance"
"org.bitbucket.b_c:jose4j:0.9.5",":/buildscript/classpath","com.android.tools.build:bundletool:1.18.1","GHSA-3677-xxcr-wjqv","Investigate applicability; qualify parent/library remedy under report WP0a/WP3/WP5; not accepted risk"
"org.bouncycastle:bcpkix-jdk18on:1.79",":/buildscript/classpath","com.android.tools:sdk-common:31.13.2; com.android.tools.build:apkzlib:8.13.2; com.android.tools.build:builder:8.13.2; com.android.tools.build:gradle:8.13.2","GHSA-wg6q-6289-32hp","Investigate applicability; qualify parent/library remedy under report WP0a/WP3/WP5; not accepted risk"
"org.bouncycastle:bcprov-jdk18on:1.78.1",":app/project/devDebugAndroidTestCompileClasspath; :app/project/devDebugCompileClasspath; :app/project/devDebugRuntimeClasspath; :app/project/devDebugUnitTestCompileClasspath; :app/project/devDebugUnitTestRuntimeClasspath; :app/project/devReleaseCompileClasspath; :app/project/devReleaseRuntimeClasspath; :app/project/devReleaseUnitTestCompileClasspath; :app/project/devReleaseUnitTestRuntimeClasspath; :app/project/prodDebugAndroidTestCompileClasspath; :app/project/prodDebugCompileClasspath; :app/project/prodDebugRuntimeClasspath; :app/project/prodDebugUnitTestCompileClasspath; :app/project/prodDebugUnitTestRuntimeClasspath; :app/project/prodReleaseCompileClasspath; :app/project/prodReleaseRuntimeClasspath; :app/project/prodReleaseUnitTestCompileClasspath; :app/project/prodReleaseUnitTestRuntimeClasspath; :app/project/qaDebugAndroidTestCompileClasspath; :app/project/qaDebugCompileClasspath; :app/project/qaDebugRuntimeClasspath; :app/project/qaDebugUnitTestCompileClasspath; :app/project/qaDebugUnitTestRuntimeClasspath; :app/project/qaReleaseCompileClasspath; :app/project/qaReleaseRuntimeClasspath; :app/project/qaReleaseUnitTestCompileClasspath; :app/project/qaReleaseUnitTestRuntimeClasspath; :app/project/stagingDebugAndroidTestCompileClasspath; :app/project/stagingDebugCompileClasspath; :app/project/stagingDebugRuntimeClasspath; :app/project/stagingDebugUnitTestCompileClasspath; :app/project/stagingDebugUnitTestRuntimeClasspath; :app/project/stagingReleaseCompileClasspath; :app/project/stagingReleaseRuntimeClasspath; :app/project/stagingReleaseUnitTestCompileClasspath; :app/project/stagingReleaseUnitTestRuntimeClasspath","project :app","GHSA-574f-3g2m-x479; GHSA-9pwp-9qqc-pr26; GHSA-c3fc-8qff-9hwx; GHSA-qp49-qgx5-5m26","Investigate applicability; qualify parent/library remedy under report WP0a/WP3/WP5; not accepted risk"
"org.bouncycastle:bcprov-jdk18on:1.79",":/buildscript/classpath","com.android.tools:sdk-common:31.13.2; com.android.tools.build:apkzlib:8.13.2; com.android.tools.build:builder:8.13.2; org.bouncycastle:bcpkix-jdk18on:1.79; org.bouncycastle:bcutil-jdk18on:1.79","GHSA-574f-3g2m-x479; GHSA-9pwp-9qqc-pr26; GHSA-c3fc-8qff-9hwx; GHSA-qp49-qgx5-5m26","Investigate applicability; qualify parent/library remedy under report WP0a/WP3/WP5; not accepted risk"
"org.bouncycastle:bcutil-jdk18on:1.79",":/buildscript/classpath","org.bouncycastle:bcpkix-jdk18on:1.79","","Retain pending scoped work packages; no OSV match is not security clearance"
"org.checkerframework:checker-compat-qual:2.5.3",":app/project/kspDevDebugAndroidTestKotlinProcessorClasspath; :app/project/kspDevDebugKotlinProcessorClasspath; :app/project/kspDevDebugUnitTestKotlinProcessorClasspath; :app/project/kspDevReleaseKotlinProcessorClasspath; :app/project/kspDevReleaseUnitTestKotlinProcessorClasspath; :app/project/kspProdDebugAndroidTestKotlinProcessorClasspath; :app/project/kspProdDebugKotlinProcessorClasspath; :app/project/kspProdDebugUnitTestKotlinProcessorClasspath; :app/project/kspProdReleaseKotlinProcessorClasspath; :app/project/kspProdReleaseUnitTestKotlinProcessorClasspath; :app/project/kspQaDebugAndroidTestKotlinProcessorClasspath; :app/project/kspQaDebugKotlinProcessorClasspath; :app/project/kspQaDebugUnitTestKotlinProcessorClasspath; :app/project/kspQaReleaseKotlinProcessorClasspath; :app/project/kspQaReleaseUnitTestKotlinProcessorClasspath; :app/project/kspStagingDebugAndroidTestKotlinProcessorClasspath; :app/project/kspStagingDebugKotlinProcessorClasspath; :app/project/kspStagingDebugUnitTestKotlinProcessorClasspath; :app/project/kspStagingReleaseKotlinProcessorClasspath; :app/project/kspStagingReleaseUnitTestKotlinProcessorClasspath","com.google.dagger:dagger-compiler:2.56.2","","Retain pending scoped work packages; no OSV match is not security clearance"
"org.checkerframework:checker-qual:3.33.0",":app/project/_internal-unified-test-platform-android-driver-instrumentation; :app/project/_internal-unified-test-platform-android-test-plugin; :app/project/_internal-unified-test-platform-core; :app/project/_internal-unified-test-platform-launcher","com.google.guava:guava:32.0.1-jre","","Retain pending scoped work packages; no OSV match is not security clearance"
"org.checkerframework:checker-qual:3.41.0",":app/project/kspDevDebugAndroidTestKotlinProcessorClasspath; :app/project/kspDevDebugKotlinProcessorClasspath; :app/project/kspDevDebugUnitTestKotlinProcessorClasspath; :app/project/kspDevReleaseKotlinProcessorClasspath; :app/project/kspDevReleaseUnitTestKotlinProcessorClasspath; :app/project/kspProdDebugAndroidTestKotlinProcessorClasspath; :app/project/kspProdDebugKotlinProcessorClasspath; :app/project/kspProdDebugUnitTestKotlinProcessorClasspath; :app/project/kspProdReleaseKotlinProcessorClasspath; :app/project/kspProdReleaseUnitTestKotlinProcessorClasspath; :app/project/kspQaDebugAndroidTestKotlinProcessorClasspath; :app/project/kspQaDebugKotlinProcessorClasspath; :app/project/kspQaDebugUnitTestKotlinProcessorClasspath; :app/project/kspQaReleaseKotlinProcessorClasspath; :app/project/kspQaReleaseUnitTestKotlinProcessorClasspath; :app/project/kspStagingDebugAndroidTestKotlinProcessorClasspath; :app/project/kspStagingDebugKotlinProcessorClasspath; :app/project/kspStagingDebugUnitTestKotlinProcessorClasspath; :app/project/kspStagingReleaseKotlinProcessorClasspath; :app/project/kspStagingReleaseUnitTestKotlinProcessorClasspath","com.google.guava:guava:33.0.0-jre","","Retain pending scoped work packages; no OSV match is not security clearance"
"org.checkerframework:checker-qual:3.43.0",":/buildscript/classpath; :app/project/_internal-unified-test-platform-android-device-provider-ddmlib; :app/project/_internal-unified-test-platform-android-test-plugin-host-additional-test-output; :app/project/_internal-unified-test-platform-android-test-plugin-host-apk-installer; :app/project/_internal-unified-test-platform-android-test-plugin-host-coverage; :app/project/_internal-unified-test-platform-android-test-plugin-host-device-info; :app/project/_internal-unified-test-platform-android-test-plugin-host-emulator-control; :app/project/_internal-unified-test-platform-android-test-plugin-host-logcat; :app/project/_internal-unified-test-platform-android-test-plugin-result-listener-gradle","com.google.guava:guava:33.3.1-jre; org.tensorflow:tensorflow-lite-metadata:0.2.0","","Retain pending scoped work packages; no OSV match is not security clearance"
"org.codehaus.mojo:animal-sniffer-annotations:1.23",":app/project/_internal-unified-test-platform-core","io.grpc:grpc-core:1.57.2","","Retain pending scoped work packages; no OSV match is not security clearance"
"org.codehaus.mojo:animal-sniffer-annotations:1.24",":/buildscript/classpath; :app/project/_internal-unified-test-platform-android-test-plugin-host-emulator-control; :app/project/_internal-unified-test-platform-android-test-plugin-result-listener-gradle","io.grpc:grpc-core:1.69.1; io.grpc:grpc-util:1.69.1","","Retain pending scoped work packages; no OSV match is not security clearance"
"org.ec4j.core:ec4j-core:0.3.0",":app/project/detektPlugins","com.pinterest.ktlint:ktlint-rule-engine-core:0.50.0","","Retain pending scoped work packages; no OSV match is not security clearance"
"org.glassfish.jaxb:jaxb-runtime:2.3.2",":/buildscript/classpath","androidx.databinding:databinding-compiler-common:8.13.2; com.android.tools:repository:31.13.2; com.android.tools:sdk-common:31.13.2; com.android.tools:sdklib:31.13.2; com.android.tools.build:gradle:8.13.2","","Retain pending scoped work packages; no OSV match is not security clearance"
"org.glassfish.jaxb:txw2:2.3.2",":/buildscript/classpath","org.glassfish.jaxb:jaxb-runtime:2.3.2","","Retain pending scoped work packages; no OSV match is not security clearance"
"org.hamcrest:hamcrest-core:1.3",":app/project/devDebugAndroidTestCompileClasspath; :app/project/devDebugAndroidTestRuntimeClasspath; :app/project/devDebugUnitTestCompileClasspath; :app/project/devDebugUnitTestRuntimeClasspath; :app/project/devReleaseUnitTestCompileClasspath; :app/project/devReleaseUnitTestRuntimeClasspath; :app/project/prodDebugAndroidTestCompileClasspath; :app/project/prodDebugAndroidTestRuntimeClasspath; :app/project/prodDebugUnitTestCompileClasspath; :app/project/prodDebugUnitTestRuntimeClasspath; :app/project/prodReleaseUnitTestCompileClasspath; :app/project/prodReleaseUnitTestRuntimeClasspath; :app/project/qaDebugAndroidTestCompileClasspath; :app/project/qaDebugAndroidTestRuntimeClasspath; :app/project/qaDebugUnitTestCompileClasspath; :app/project/qaDebugUnitTestRuntimeClasspath; :app/project/qaReleaseUnitTestCompileClasspath; :app/project/qaReleaseUnitTestRuntimeClasspath; :app/project/stagingDebugAndroidTestCompileClasspath; :app/project/stagingDebugAndroidTestRuntimeClasspath; :app/project/stagingDebugUnitTestCompileClasspath; :app/project/stagingDebugUnitTestRuntimeClasspath; :app/project/stagingReleaseUnitTestCompileClasspath; :app/project/stagingReleaseUnitTestRuntimeClasspath","junit:junit:4.13.2; org.hamcrest:hamcrest-library:1.3","","Retain pending scoped work packages; no OSV match is not security clearance"
"org.hamcrest:hamcrest-integration:1.3",":app/project/devDebugAndroidTestRuntimeClasspath; :app/project/prodDebugAndroidTestRuntimeClasspath; :app/project/qaDebugAndroidTestRuntimeClasspath; :app/project/stagingDebugAndroidTestRuntimeClasspath","androidx.test.espresso:espresso-core:3.5.0","","Retain pending scoped work packages; no OSV match is not security clearance"
"org.hamcrest:hamcrest-library:1.3",":app/project/devDebugAndroidTestRuntimeClasspath; :app/project/prodDebugAndroidTestRuntimeClasspath; :app/project/qaDebugAndroidTestRuntimeClasspath; :app/project/stagingDebugAndroidTestRuntimeClasspath","androidx.test.espresso:espresso-core:3.5.0; org.hamcrest:hamcrest-integration:1.3","","Retain pending scoped work packages; no OSV match is not security clearance"
"org.jcommander:jcommander:1.85",":app/project/detekt","io.gitlab.arturbosch.detekt:detekt-cli:1.23.7","","Retain pending scoped work packages; no OSV match is not security clearance"
"org.jdom:jdom2:2.0.6",":/buildscript/classpath","com.android.tools.build.jetifier:jetifier-processor:1.0.0-beta10","GHSA-2363-cqg2-863c","Investigate applicability; qualify parent/library remedy under report WP0a/WP3/WP5; not accepted risk"
"org.jetbrains:annotations:13.0",":/buildscript/classpath; :app/project/detekt; :app/project/detektPlugins; :app/project/kotlinBuildToolsApiClasspath; :app/project/kotlinCompilerClasspath; :app/project/kotlinCompilerPluginClasspathDevDebug; :app/project/kotlinCompilerPluginClasspathDevDebugAndroidTest; :app/project/kotlinCompilerPluginClasspathDevDebugUnitTest; :app/project/kotlinCompilerPluginClasspathDevRelease; :app/project/kotlinCompilerPluginClasspathDevReleaseUnitTest; :app/project/kotlinCompilerPluginClasspathProdDebug; :app/project/kotlinCompilerPluginClasspathProdDebugAndroidTest; :app/project/kotlinCompilerPluginClasspathProdDebugUnitTest; :app/project/kotlinCompilerPluginClasspathProdRelease; :app/project/kotlinCompilerPluginClasspathProdReleaseUnitTest; :app/project/kotlinCompilerPluginClasspathQaDebug; :app/project/kotlinCompilerPluginClasspathQaDebugAndroidTest; :app/project/kotlinCompilerPluginClasspathQaDebugUnitTest; :app/project/kotlinCompilerPluginClasspathQaRelease; :app/project/kotlinCompilerPluginClasspathQaReleaseUnitTest; :app/project/kotlinCompilerPluginClasspathStagingDebug; :app/project/kotlinCompilerPluginClasspathStagingDebugAndroidTest; :app/project/kotlinCompilerPluginClasspathStagingDebugUnitTest; :app/project/kotlinCompilerPluginClasspathStagingRelease; :app/project/kotlinCompilerPluginClasspathStagingReleaseUnitTest; :app/project/kspDevDebugAndroidTestKotlinProcessorClasspath; :app/project/kspDevDebugKotlinProcessorClasspath; :app/project/kspDevDebugUnitTestKotlinProcessorClasspath; :app/project/kspDevReleaseKotlinProcessorClasspath; :app/project/kspDevReleaseUnitTestKotlinProcessorClasspath; :app/project/kspPluginClasspath; :app/project/kspPluginClasspathNonEmbeddable; :app/project/kspProdDebugAndroidTestKotlinProcessorClasspath; :app/project/kspProdDebugKotlinProcessorClasspath; :app/project/kspProdDebugUnitTestKotlinProcessorClasspath; :app/project/kspProdReleaseKotlinProcessorClasspath; :app/project/kspProdReleaseUnitTestKotlinProcessorClasspath; :app/project/kspQaDebugAndroidTestKotlinProcessorClasspath; :app/project/kspQaDebugKotlinProcessorClasspath; :app/project/kspQaDebugUnitTestKotlinProcessorClasspath; :app/project/kspQaReleaseKotlinProcessorClasspath; :app/project/kspQaReleaseUnitTestKotlinProcessorClasspath; :app/project/kspStagingDebugAndroidTestKotlinProcessorClasspath; :app/project/kspStagingDebugKotlinProcessorClasspath; :app/project/kspStagingDebugUnitTestKotlinProcessorClasspath; :app/project/kspStagingReleaseKotlinProcessorClasspath; :app/project/kspStagingReleaseUnitTestKotlinProcessorClasspath","com.android.tools.ddms:ddmlib:31.13.2; com.android.tools.layoutlib:layoutlib-api:31.13.2; org.jetbrains.kotlin:kotlin-stdlib:2.0.10; org.jetbrains.kotlin:kotlin-stdlib:2.0.21; org.jetbrains.kotlin:kotlin-stdlib:2.1.0; org.jetbrains.kotlin:kotlin-stdlib:2.1.10; org.jetbrains.kotlinx:kotlinx-coroutines-core-jvm:1.9.0","","Retain pending scoped work packages; no OSV match is not security clearance"
"org.jetbrains:annotations:23.0.0",":app/project/_internal-unified-test-platform-android-device-provider-ddmlib; :app/project/_internal-unified-test-platform-android-driver-instrumentation; :app/project/_internal-unified-test-platform-android-test-plugin; :app/project/_internal-unified-test-platform-android-test-plugin-host-additional-test-output; :app/project/_internal-unified-test-platform-android-test-plugin-host-apk-installer; :app/project/_internal-unified-test-platform-android-test-plugin-host-coverage; :app/project/_internal-unified-test-platform-android-test-plugin-host-device-info; :app/project/_internal-unified-test-platform-android-test-plugin-host-emulator-control; :app/project/_internal-unified-test-platform-android-test-plugin-host-logcat; :app/project/_internal-unified-test-platform-android-test-plugin-result-listener-gradle; :app/project/_internal-unified-test-platform-core; :app/project/_internal-unified-test-platform-launcher; :app/project/devDebugAndroidTestCompileClasspath; :app/project/devDebugAndroidTestRuntimeClasspath; :app/project/devDebugCompileClasspath; :app/project/devDebugRuntimeClasspath; :app/project/devDebugUnitTestCompileClasspath; :app/project/devDebugUnitTestRuntimeClasspath; :app/project/devReleaseCompileClasspath; :app/project/devReleaseRuntimeClasspath; :app/project/devReleaseUnitTestCompileClasspath; :app/project/devReleaseUnitTestRuntimeClasspath; :app/project/prodDebugAndroidTestCompileClasspath; :app/project/prodDebugAndroidTestRuntimeClasspath; :app/project/prodDebugCompileClasspath; :app/project/prodDebugRuntimeClasspath; :app/project/prodDebugUnitTestCompileClasspath; :app/project/prodDebugUnitTestRuntimeClasspath; :app/project/prodReleaseCompileClasspath; :app/project/prodReleaseRuntimeClasspath; :app/project/prodReleaseUnitTestCompileClasspath; :app/project/prodReleaseUnitTestRuntimeClasspath; :app/project/qaDebugAndroidTestCompileClasspath; :app/project/qaDebugAndroidTestRuntimeClasspath; :app/project/qaDebugCompileClasspath; :app/project/qaDebugRuntimeClasspath; :app/project/qaDebugUnitTestCompileClasspath; :app/project/qaDebugUnitTestRuntimeClasspath; :app/project/qaReleaseCompileClasspath; :app/project/qaReleaseRuntimeClasspath; :app/project/qaReleaseUnitTestCompileClasspath; :app/project/qaReleaseUnitTestRuntimeClasspath; :app/project/stagingDebugAndroidTestCompileClasspath; :app/project/stagingDebugAndroidTestRuntimeClasspath; :app/project/stagingDebugCompileClasspath; :app/project/stagingDebugRuntimeClasspath; :app/project/stagingDebugUnitTestCompileClasspath; :app/project/stagingDebugUnitTestRuntimeClasspath; :app/project/stagingReleaseCompileClasspath; :app/project/stagingReleaseRuntimeClasspath; :app/project/stagingReleaseUnitTestCompileClasspath; :app/project/stagingReleaseUnitTestRuntimeClasspath","com.android.tools.ddms:ddmlib:31.13.2; org.jetbrains.kotlin:kotlin-stdlib:1.8.21; org.jetbrains.kotlin:kotlin-stdlib:1.9.0; org.jetbrains.kotlin:kotlin-stdlib:2.1.10; org.jetbrains.kotlin:kotlin-stdlib:2.2.0; org.jetbrains.kotlinx:kotlinx-coroutines-core-jvm:1.7.3; org.jetbrains.kotlinx:kotlinx-coroutines-core-jvm:1.9.0; org.jetbrains.kotlinx:kotlinx-coroutines-test-jvm:1.9.0","","Retain pending scoped work packages; no OSV match is not security clearance"
"org.jetbrains.intellij.deps:trove4j:1.0.20200330",":app/project/detekt; :app/project/devDebugUnitTestRuntimeClasspath; :app/project/devReleaseUnitTestRuntimeClasspath; :app/project/kotlinBuildToolsApiClasspath; :app/project/kotlinCompilerClasspath; :app/project/prodDebugUnitTestRuntimeClasspath; :app/project/prodReleaseUnitTestRuntimeClasspath; :app/project/qaDebugUnitTestRuntimeClasspath; :app/project/qaReleaseUnitTestRuntimeClasspath; :app/project/stagingDebugUnitTestRuntimeClasspath; :app/project/stagingReleaseUnitTestRuntimeClasspath","org.jetbrains.kotlin:kotlin-compiler-embeddable:2.0.10; org.jetbrains.kotlin:kotlin-compiler-embeddable:2.0.21; org.jetbrains.kotlin:kotlin-compiler-embeddable:2.1.0","","Retain pending scoped work packages; no OSV match is not security clearance"
"org.jetbrains.kotlin:compose-compiler-gradle-plugin:2.1.0",":/buildscript/classpath","org.jetbrains.kotlin.plugin.compose:org.jetbrains.kotlin.plugin.compose.gradle.plugin:2.1.0","","Retain pending scoped work packages; no OSV match is not security clearance"
"org.jetbrains.kotlin:kotlin-build-common:2.1.0",":app/project/kotlinBuildToolsApiClasspath","org.jetbrains.kotlin:kotlin-compiler-runner:2.1.0","","Retain pending scoped work packages; no OSV match is not security clearance"
"org.jetbrains.kotlin:kotlin-build-statistics:2.1.0",":/buildscript/classpath","org.jetbrains.kotlin:kotlin-gradle-plugin:2.1.0","","Retain pending scoped work packages; no OSV match is not security clearance"
"org.jetbrains.kotlin:kotlin-build-tools-api:2.1.0",":/buildscript/classpath; :app/project/kotlinBuildToolsApiClasspath","org.jetbrains.kotlin:kotlin-build-statistics:2.1.0; org.jetbrains.kotlin:kotlin-build-tools-impl:2.1.0; org.jetbrains.kotlin:kotlin-gradle-plugin-api:2.1.0","","Retain pending scoped work packages; no OSV match is not security clearance"
"org.jetbrains.kotlin:kotlin-build-tools-impl:2.1.0",":app/project/kotlinBuildToolsApiClasspath","project :app","","Retain pending scoped work packages; no OSV match is not security clearance"
"org.jetbrains.kotlin:kotlin-compiler-embeddable:2.0.10",":app/project/detekt","io.gitlab.arturbosch.detekt:detekt-api:1.23.7; io.gitlab.arturbosch.detekt:detekt-cli:1.23.7; io.gitlab.arturbosch.detekt:detekt-parser:1.23.7; io.gitlab.arturbosch.detekt:detekt-psi-utils:1.23.7","","Retain pending scoped work packages; no OSV match is not security clearance"
"org.jetbrains.kotlin:kotlin-compiler-embeddable:2.0.21",":app/project/devDebugUnitTestRuntimeClasspath; :app/project/devReleaseUnitTestRuntimeClasspath; :app/project/prodDebugUnitTestRuntimeClasspath; :app/project/prodReleaseUnitTestRuntimeClasspath; :app/project/qaDebugUnitTestRuntimeClasspath; :app/project/qaReleaseUnitTestRuntimeClasspath; :app/project/stagingDebugUnitTestRuntimeClasspath; :app/project/stagingReleaseUnitTestRuntimeClasspath","com.lemonappdev:konsist:0.17.3","","Retain pending scoped work packages; no OSV match is not security clearance"
"org.jetbrains.kotlin:kotlin-compiler-embeddable:2.1.0",":app/project/kotlinBuildToolsApiClasspath; :app/project/kotlinCompilerClasspath","org.jetbrains.kotlin:kotlin-build-tools-impl:2.1.0; org.jetbrains.kotlin:kotlin-compiler-runner:2.1.0; project :app","","Retain pending scoped work packages; no OSV match is not security clearance"
"org.jetbrains.kotlin:kotlin-compiler-runner:2.1.0",":/buildscript/classpath; :app/project/kotlinBuildToolsApiClasspath","org.jetbrains.kotlin:kotlin-build-tools-impl:2.1.0; org.jetbrains.kotlin:kotlin-gradle-plugin:2.1.0","","Retain pending scoped work packages; no OSV match is not security clearance"
"org.jetbrains.kotlin:kotlin-compose-compiler-plugin-embeddable:2.1.0",":app/project/kotlinCompilerPluginClasspathDevDebug; :app/project/kotlinCompilerPluginClasspathDevDebugAndroidTest; :app/project/kotlinCompilerPluginClasspathDevDebugUnitTest; :app/project/kotlinCompilerPluginClasspathDevRelease; :app/project/kotlinCompilerPluginClasspathDevReleaseUnitTest; :app/project/kotlinCompilerPluginClasspathProdDebug; :app/project/kotlinCompilerPluginClasspathProdDebugAndroidTest; :app/project/kotlinCompilerPluginClasspathProdDebugUnitTest; :app/project/kotlinCompilerPluginClasspathProdRelease; :app/project/kotlinCompilerPluginClasspathProdReleaseUnitTest; :app/project/kotlinCompilerPluginClasspathQaDebug; :app/project/kotlinCompilerPluginClasspathQaDebugAndroidTest; :app/project/kotlinCompilerPluginClasspathQaDebugUnitTest; :app/project/kotlinCompilerPluginClasspathQaRelease; :app/project/kotlinCompilerPluginClasspathQaReleaseUnitTest; :app/project/kotlinCompilerPluginClasspathStagingDebug; :app/project/kotlinCompilerPluginClasspathStagingDebugAndroidTest; :app/project/kotlinCompilerPluginClasspathStagingDebugUnitTest; :app/project/kotlinCompilerPluginClasspathStagingRelease; :app/project/kotlinCompilerPluginClasspathStagingReleaseUnitTest","project :app","","Retain pending scoped work packages; no OSV match is not security clearance"
"org.jetbrains.kotlin:kotlin-daemon-client:2.1.0",":/buildscript/classpath; :app/project/kotlinBuildToolsApiClasspath","org.jetbrains.kotlin:kotlin-compiler-runner:2.1.0","","Retain pending scoped work packages; no OSV match is not security clearance"
"org.jetbrains.kotlin:kotlin-daemon-embeddable:2.0.10",":app/project/detekt","org.jetbrains.kotlin:kotlin-compiler-embeddable:2.0.10","","Retain pending scoped work packages; no OSV match is not security clearance"
"org.jetbrains.kotlin:kotlin-daemon-embeddable:2.0.21",":app/project/devDebugUnitTestRuntimeClasspath; :app/project/devReleaseUnitTestRuntimeClasspath; :app/project/prodDebugUnitTestRuntimeClasspath; :app/project/prodReleaseUnitTestRuntimeClasspath; :app/project/qaDebugUnitTestRuntimeClasspath; :app/project/qaReleaseUnitTestRuntimeClasspath; :app/project/stagingDebugUnitTestRuntimeClasspath; :app/project/stagingReleaseUnitTestRuntimeClasspath","org.jetbrains.kotlin:kotlin-compiler-embeddable:2.0.21","","Retain pending scoped work packages; no OSV match is not security clearance"
"org.jetbrains.kotlin:kotlin-daemon-embeddable:2.1.0",":app/project/kotlinBuildToolsApiClasspath; :app/project/kotlinCompilerClasspath","org.jetbrains.kotlin:kotlin-compiler-embeddable:2.1.0","","Retain pending scoped work packages; no OSV match is not security clearance"
"org.jetbrains.kotlin:kotlin-gradle-plugin-annotations:2.1.0",":/buildscript/classpath","org.jetbrains.kotlin:kotlin-gradle-plugin-api:2.1.0; org.jetbrains.kotlin:kotlin-gradle-plugin-idea:2.1.0","","Retain pending scoped work packages; no OSV match is not security clearance"
"org.jetbrains.kotlin:kotlin-gradle-plugin-api:2.1.0",":/buildscript/classpath","org.jetbrains.kotlin:compose-compiler-gradle-plugin:2.1.0; org.jetbrains.kotlin:kotlin-gradle-plugin-model:2.1.0; org.jetbrains.kotlin:kotlin-gradle-plugin:2.1.0","","Retain pending scoped work packages; no OSV match is not security clearance"
"org.jetbrains.kotlin:kotlin-gradle-plugin-idea-proto:2.1.0",":/buildscript/classpath","org.jetbrains.kotlin:kotlin-gradle-plugin:2.1.0","","Retain pending scoped work packages; no OSV match is not security clearance"
"org.jetbrains.kotlin:kotlin-gradle-plugin-idea:2.1.0",":/buildscript/classpath","org.jetbrains.kotlin:kotlin-gradle-plugin-idea-proto:2.1.0; org.jetbrains.kotlin:kotlin-gradle-plugin:2.1.0","","Retain pending scoped work packages; no OSV match is not security clearance"
"org.jetbrains.kotlin:kotlin-gradle-plugin-model:2.1.0",":/buildscript/classpath","org.jetbrains.kotlin:compose-compiler-gradle-plugin:2.1.0; org.jetbrains.kotlin:kotlin-gradle-plugin:2.1.0","","Retain pending scoped work packages; no OSV match is not security clearance"
"org.jetbrains.kotlin:kotlin-gradle-plugin:2.1.0",":/buildscript/classpath","org.jetbrains.kotlin:compose-compiler-gradle-plugin:2.1.0; org.jetbrains.kotlin.android:org.jetbrains.kotlin.android.gradle.plugin:2.1.0","GHSA-r937-wjx7-w2jp","Investigate applicability; qualify parent/library remedy under report WP0a/WP3/WP5; not accepted risk"
"org.jetbrains.kotlin:kotlin-gradle-plugins-bom:2.1.0",":/buildscript/classpath","org.jetbrains.kotlin:compose-compiler-gradle-plugin:2.1.0; org.jetbrains.kotlin:kotlin-gradle-plugin-api:2.1.0; org.jetbrains.kotlin:kotlin-gradle-plugin-model:2.1.0; org.jetbrains.kotlin:kotlin-gradle-plugin:2.1.0","","Retain pending scoped work packages; no OSV match is not security clearance"
"org.jetbrains.kotlin:kotlin-klib-commonizer-api:2.1.0",":/buildscript/classpath","org.jetbrains.kotlin:kotlin-gradle-plugin:2.1.0","","Retain pending scoped work packages; no OSV match is not security clearance"
"org.jetbrains.kotlin:kotlin-native-utils:2.1.0",":/buildscript/classpath","org.jetbrains.kotlin:kotlin-gradle-plugin-api:2.1.0; org.jetbrains.kotlin:kotlin-klib-commonizer-api:2.1.0","","Retain pending scoped work packages; no OSV match is not security clearance"
"org.jetbrains.kotlin:kotlin-reflect:1.6.10",":app/project/devDebugUnitTestRuntimeClasspath; :app/project/devReleaseUnitTestRuntimeClasspath; :app/project/kotlinBuildToolsApiClasspath; :app/project/kotlinCompilerClasspath; :app/project/prodDebugUnitTestRuntimeClasspath; :app/project/prodReleaseUnitTestRuntimeClasspath; :app/project/qaDebugUnitTestRuntimeClasspath; :app/project/qaReleaseUnitTestRuntimeClasspath; :app/project/stagingDebugUnitTestRuntimeClasspath; :app/project/stagingReleaseUnitTestRuntimeClasspath","org.jetbrains.kotlin:kotlin-compiler-embeddable:2.0.21; org.jetbrains.kotlin:kotlin-compiler-embeddable:2.1.0","","Retain pending scoped work packages; no OSV match is not security clearance"
"org.jetbrains.kotlin:kotlin-reflect:1.8.21",":app/project/_internal-unified-test-platform-android-device-provider-ddmlib; :app/project/_internal-unified-test-platform-android-driver-instrumentation; :app/project/_internal-unified-test-platform-android-test-plugin; :app/project/_internal-unified-test-platform-android-test-plugin-host-additional-test-output; :app/project/_internal-unified-test-platform-android-test-plugin-host-apk-installer; :app/project/_internal-unified-test-platform-android-test-plugin-host-coverage; :app/project/_internal-unified-test-platform-android-test-plugin-host-device-info; :app/project/_internal-unified-test-platform-android-test-plugin-host-emulator-control; :app/project/_internal-unified-test-platform-android-test-plugin-host-logcat; :app/project/_internal-unified-test-platform-android-test-plugin-result-listener-gradle; :app/project/_internal-unified-test-platform-core; :app/project/_internal-unified-test-platform-launcher; :app/project/kspDevDebugAndroidTestKotlinProcessorClasspath; :app/project/kspDevDebugKotlinProcessorClasspath; :app/project/kspDevDebugUnitTestKotlinProcessorClasspath; :app/project/kspDevReleaseKotlinProcessorClasspath; :app/project/kspDevReleaseUnitTestKotlinProcessorClasspath; :app/project/kspProdDebugAndroidTestKotlinProcessorClasspath; :app/project/kspProdDebugKotlinProcessorClasspath; :app/project/kspProdDebugUnitTestKotlinProcessorClasspath; :app/project/kspProdReleaseKotlinProcessorClasspath; :app/project/kspProdReleaseUnitTestKotlinProcessorClasspath; :app/project/kspQaDebugAndroidTestKotlinProcessorClasspath; :app/project/kspQaDebugKotlinProcessorClasspath; :app/project/kspQaDebugUnitTestKotlinProcessorClasspath; :app/project/kspQaReleaseKotlinProcessorClasspath; :app/project/kspQaReleaseUnitTestKotlinProcessorClasspath; :app/project/kspStagingDebugAndroidTestKotlinProcessorClasspath; :app/project/kspStagingDebugKotlinProcessorClasspath; :app/project/kspStagingDebugUnitTestKotlinProcessorClasspath; :app/project/kspStagingReleaseKotlinProcessorClasspath; :app/project/kspStagingReleaseUnitTestKotlinProcessorClasspath","com.google.testing.platform:android-device-provider-local:0.0.9-alpha03; com.google.testing.platform:android-driver-instrumentation:0.0.9-alpha03; com.google.testing.platform:android-test-plugin:0.0.9-alpha03; com.google.testing.platform:core:0.0.9-alpha03; com.google.testing.platform:launcher:0.0.9-alpha03; com.squareup:kotlinpoet:1.14.2","","Retain pending scoped work packages; no OSV match is not security clearance"
"org.jetbrains.kotlin:kotlin-reflect:2.0.10",":app/project/detekt","io.gitlab.arturbosch.detekt:detekt-core:1.23.7; org.jetbrains.kotlin:kotlin-compiler-embeddable:2.0.10","","Retain pending scoped work packages; no OSV match is not security clearance"
"org.jetbrains.kotlin:kotlin-reflect:2.0.21",":/buildscript/classpath","com.android.tools:sdk-common:31.13.2","","Retain pending scoped work packages; no OSV match is not security clearance"
"org.jetbrains.kotlin:kotlin-script-runtime:2.0.10",":app/project/detekt","org.jetbrains.kotlin:kotlin-compiler-embeddable:2.0.10","","Retain pending scoped work packages; no OSV match is not security clearance"
"org.jetbrains.kotlin:kotlin-script-runtime:2.0.21",":app/project/devDebugUnitTestRuntimeClasspath; :app/project/devReleaseUnitTestRuntimeClasspath; :app/project/prodDebugUnitTestRuntimeClasspath; :app/project/prodReleaseUnitTestRuntimeClasspath; :app/project/qaDebugUnitTestRuntimeClasspath; :app/project/qaReleaseUnitTestRuntimeClasspath; :app/project/stagingDebugUnitTestRuntimeClasspath; :app/project/stagingReleaseUnitTestRuntimeClasspath","org.jetbrains.kotlin:kotlin-compiler-embeddable:2.0.21","","Retain pending scoped work packages; no OSV match is not security clearance"
"org.jetbrains.kotlin:kotlin-script-runtime:2.1.0",":app/project/kotlinBuildToolsApiClasspath; :app/project/kotlinCompilerClasspath","org.jetbrains.kotlin:kotlin-compiler-embeddable:2.1.0; org.jetbrains.kotlin:kotlin-scripting-jvm:2.1.0","","Retain pending scoped work packages; no OSV match is not security clearance"
"org.jetbrains.kotlin:kotlin-scripting-common:2.1.0",":app/project/kotlinBuildToolsApiClasspath","org.jetbrains.kotlin:kotlin-scripting-compiler-impl-embeddable:2.1.0; org.jetbrains.kotlin:kotlin-scripting-jvm:2.1.0","","Retain pending scoped work packages; no OSV match is not security clearance"
"org.jetbrains.kotlin:kotlin-scripting-compiler-embeddable:2.1.0",":app/project/kotlinBuildToolsApiClasspath","org.jetbrains.kotlin:kotlin-build-tools-impl:2.1.0","","Retain pending scoped work packages; no OSV match is not security clearance"
"org.jetbrains.kotlin:kotlin-scripting-compiler-impl-embeddable:2.1.0",":app/project/kotlinBuildToolsApiClasspath","org.jetbrains.kotlin:kotlin-build-tools-impl:2.1.0; org.jetbrains.kotlin:kotlin-scripting-compiler-embeddable:2.1.0","","Retain pending scoped work packages; no OSV match is not security clearance"
"org.jetbrains.kotlin:kotlin-scripting-jvm:2.1.0",":app/project/kotlinBuildToolsApiClasspath","org.jetbrains.kotlin:kotlin-scripting-compiler-impl-embeddable:2.1.0","","Retain pending scoped work packages; no OSV match is not security clearance"
"org.jetbrains.kotlin:kotlin-stdlib-common:1.8.21",":app/project/_internal-unified-test-platform-android-test-plugin; :app/project/_internal-unified-test-platform-core","org.jetbrains.kotlin:kotlin-stdlib:1.8.21; org.jetbrains.kotlinx:kotlinx-coroutines-core-jvm:1.7.3","","Retain pending scoped work packages; no OSV match is not security clearance"
"org.jetbrains.kotlin:kotlin-stdlib-common:1.9.0",":app/project/_internal-unified-test-platform-android-driver-instrumentation; :app/project/_internal-unified-test-platform-launcher","org.jetbrains.kotlin:kotlin-stdlib:1.9.0; org.jetbrains.kotlinx:atomicfu-jvm:0.22.0; org.jetbrains.kotlinx:kotlinx-coroutines-core-jvm:1.7.3","","Retain pending scoped work packages; no OSV match is not security clearance"
"org.jetbrains.kotlin:kotlin-stdlib-common:2.0.10",":app/project/detekt","org.jetbrains.kotlinx:kotlinx-serialization-core-jvm:1.4.1; org.jetbrains.kotlinx:kotlinx-serialization-json-jvm:1.4.1","","Retain pending scoped work packages; no OSV match is not security clearance"
"org.jetbrains.kotlin:kotlin-stdlib-common:2.1.0",":app/project/kotlinCompilerPluginClasspathDevDebug; :app/project/kotlinCompilerPluginClasspathDevDebugAndroidTest; :app/project/kotlinCompilerPluginClasspathDevDebugUnitTest; :app/project/kotlinCompilerPluginClasspathDevRelease; :app/project/kotlinCompilerPluginClasspathDevReleaseUnitTest; :app/project/kotlinCompilerPluginClasspathProdDebug; :app/project/kotlinCompilerPluginClasspathProdDebugAndroidTest; :app/project/kotlinCompilerPluginClasspathProdDebugUnitTest; :app/project/kotlinCompilerPluginClasspathProdRelease; :app/project/kotlinCompilerPluginClasspathProdReleaseUnitTest; :app/project/kotlinCompilerPluginClasspathQaDebug; :app/project/kotlinCompilerPluginClasspathQaDebugAndroidTest; :app/project/kotlinCompilerPluginClasspathQaDebugUnitTest; :app/project/kotlinCompilerPluginClasspathQaRelease; :app/project/kotlinCompilerPluginClasspathQaReleaseUnitTest; :app/project/kotlinCompilerPluginClasspathStagingDebug; :app/project/kotlinCompilerPluginClasspathStagingDebugAndroidTest; :app/project/kotlinCompilerPluginClasspathStagingDebugUnitTest; :app/project/kotlinCompilerPluginClasspathStagingRelease; :app/project/kotlinCompilerPluginClasspathStagingReleaseUnitTest; :app/project/kspPluginClasspath; :app/project/kspPluginClasspathNonEmbeddable","org.jetbrains.kotlinx:kotlinx-serialization-core-jvm:1.6.3; org.jetbrains.kotlinx:kotlinx-serialization-json-jvm:1.6.3","","Retain pending scoped work packages; no OSV match is not security clearance"
"org.jetbrains.kotlin:kotlin-stdlib-common:2.1.10",":app/project/devDebugRuntimeClasspath; :app/project/devDebugUnitTestRuntimeClasspath; :app/project/devReleaseRuntimeClasspath; :app/project/devReleaseUnitTestRuntimeClasspath; :app/project/prodDebugRuntimeClasspath; :app/project/prodDebugUnitTestRuntimeClasspath; :app/project/prodReleaseRuntimeClasspath; :app/project/prodReleaseUnitTestRuntimeClasspath; :app/project/qaDebugRuntimeClasspath; :app/project/qaDebugUnitTestRuntimeClasspath; :app/project/qaReleaseRuntimeClasspath; :app/project/qaReleaseUnitTestRuntimeClasspath; :app/project/stagingDebugRuntimeClasspath; :app/project/stagingDebugUnitTestRuntimeClasspath; :app/project/stagingReleaseRuntimeClasspath; :app/project/stagingReleaseUnitTestRuntimeClasspath","androidx.compose.material:material-icons-core-android:1.7.6; androidx.compose.material:material-icons-extended-android:1.7.6; androidx.compose.material3:material3-android:1.3.1; androidx.compose.ui:ui-tooling-preview-android:1.7.6","","Retain pending scoped work packages; no OSV match is not security clearance"
"org.jetbrains.kotlin:kotlin-stdlib-common:2.2.0",":app/project/_internal-unified-test-platform-android-device-provider-ddmlib; :app/project/_internal-unified-test-platform-android-test-plugin-host-additional-test-output; :app/project/_internal-unified-test-platform-android-test-plugin-host-apk-installer; :app/project/_internal-unified-test-platform-android-test-plugin-host-coverage; :app/project/_internal-unified-test-platform-android-test-plugin-host-device-info; :app/project/_internal-unified-test-platform-android-test-plugin-host-emulator-control; :app/project/_internal-unified-test-platform-android-test-plugin-host-logcat; :app/project/_internal-unified-test-platform-android-test-plugin-result-listener-gradle","org.jetbrains.kotlinx:atomicfu-jvm:0.22.0; org.jetbrains.kotlinx:kotlinx-coroutines-core-jvm:1.7.3","","Retain pending scoped work packages; no OSV match is not security clearance"
"org.jetbrains.kotlin:kotlin-stdlib-jdk7:1.8.0",":app/project/detekt","org.jetbrains.kotlin:kotlin-stdlib-jdk8:1.8.0","","Retain pending scoped work packages; no OSV match is not security clearance"
"org.jetbrains.kotlin:kotlin-stdlib-jdk7:1.8.20",":app/project/_internal-unified-test-platform-android-driver-instrumentation; :app/project/_internal-unified-test-platform-android-test-plugin; :app/project/_internal-unified-test-platform-core; :app/project/_internal-unified-test-platform-launcher","org.jetbrains.kotlin:kotlin-stdlib-jdk8:1.8.20","","Retain pending scoped work packages; no OSV match is not security clearance"
"org.jetbrains.kotlin:kotlin-stdlib-jdk7:1.8.22",":app/project/devDebugAndroidTestCompileClasspath; :app/project/devDebugCompileClasspath; :app/project/devDebugRuntimeClasspath; :app/project/devReleaseCompileClasspath; :app/project/devReleaseRuntimeClasspath; :app/project/kspDevDebugAndroidTestKotlinProcessorClasspath; :app/project/kspDevDebugKotlinProcessorClasspath; :app/project/kspDevDebugUnitTestKotlinProcessorClasspath; :app/project/kspDevReleaseKotlinProcessorClasspath; :app/project/kspDevReleaseUnitTestKotlinProcessorClasspath; :app/project/kspProdDebugAndroidTestKotlinProcessorClasspath; :app/project/kspProdDebugKotlinProcessorClasspath; :app/project/kspProdDebugUnitTestKotlinProcessorClasspath; :app/project/kspProdReleaseKotlinProcessorClasspath; :app/project/kspProdReleaseUnitTestKotlinProcessorClasspath; :app/project/kspQaDebugAndroidTestKotlinProcessorClasspath; :app/project/kspQaDebugKotlinProcessorClasspath; :app/project/kspQaDebugUnitTestKotlinProcessorClasspath; :app/project/kspQaReleaseKotlinProcessorClasspath; :app/project/kspQaReleaseUnitTestKotlinProcessorClasspath; :app/project/kspStagingDebugAndroidTestKotlinProcessorClasspath; :app/project/kspStagingDebugKotlinProcessorClasspath; :app/project/kspStagingDebugUnitTestKotlinProcessorClasspath; :app/project/kspStagingReleaseKotlinProcessorClasspath; :app/project/kspStagingReleaseUnitTestKotlinProcessorClasspath; :app/project/prodDebugAndroidTestCompileClasspath; :app/project/prodDebugCompileClasspath; :app/project/prodDebugRuntimeClasspath; :app/project/prodReleaseCompileClasspath; :app/project/prodReleaseRuntimeClasspath; :app/project/qaDebugAndroidTestCompileClasspath; :app/project/qaDebugCompileClasspath; :app/project/qaDebugRuntimeClasspath; :app/project/qaReleaseCompileClasspath; :app/project/qaReleaseRuntimeClasspath; :app/project/stagingDebugAndroidTestCompileClasspath; :app/project/stagingDebugCompileClasspath; :app/project/stagingDebugRuntimeClasspath; :app/project/stagingReleaseCompileClasspath; :app/project/stagingReleaseRuntimeClasspath","org.jetbrains.kotlin:kotlin-stdlib-jdk8:1.8.22","","Retain pending scoped work packages; no OSV match is not security clearance"
"org.jetbrains.kotlin:kotlin-stdlib-jdk7:2.0.21",":app/project/devDebugUnitTestCompileClasspath; :app/project/devDebugUnitTestRuntimeClasspath; :app/project/devReleaseUnitTestCompileClasspath; :app/project/devReleaseUnitTestRuntimeClasspath; :app/project/prodDebugUnitTestCompileClasspath; :app/project/prodDebugUnitTestRuntimeClasspath; :app/project/prodReleaseUnitTestCompileClasspath; :app/project/prodReleaseUnitTestRuntimeClasspath; :app/project/qaDebugUnitTestCompileClasspath; :app/project/qaDebugUnitTestRuntimeClasspath; :app/project/qaReleaseUnitTestCompileClasspath; :app/project/qaReleaseUnitTestRuntimeClasspath; :app/project/stagingDebugUnitTestCompileClasspath; :app/project/stagingDebugUnitTestRuntimeClasspath; :app/project/stagingReleaseUnitTestCompileClasspath; :app/project/stagingReleaseUnitTestRuntimeClasspath","org.jetbrains.kotlin:kotlin-stdlib-jdk8:2.0.21","","Retain pending scoped work packages; no OSV match is not security clearance"
"org.jetbrains.kotlin:kotlin-stdlib-jdk7:2.2.0",":/buildscript/classpath; :app/project/_internal-unified-test-platform-android-device-provider-ddmlib; :app/project/_internal-unified-test-platform-android-test-plugin-host-additional-test-output; :app/project/_internal-unified-test-platform-android-test-plugin-host-apk-installer; :app/project/_internal-unified-test-platform-android-test-plugin-host-coverage; :app/project/_internal-unified-test-platform-android-test-plugin-host-device-info; :app/project/_internal-unified-test-platform-android-test-plugin-host-emulator-control; :app/project/_internal-unified-test-platform-android-test-plugin-host-logcat; :app/project/_internal-unified-test-platform-android-test-plugin-result-listener-gradle","org.jetbrains.kotlin:kotlin-stdlib-jdk8:2.2.0","","Retain pending scoped work packages; no OSV match is not security clearance"
"org.jetbrains.kotlin:kotlin-stdlib-jdk8:1.8.0",":app/project/detekt","org.jetbrains.kotlinx:kotlinx-serialization-core-jvm:1.4.1; org.jetbrains.kotlinx:kotlinx-serialization-json-jvm:1.4.1","","Retain pending scoped work packages; no OSV match is not security clearance"
"org.jetbrains.kotlin:kotlin-stdlib-jdk8:1.8.20",":app/project/_internal-unified-test-platform-android-driver-instrumentation; :app/project/_internal-unified-test-platform-android-test-plugin; :app/project/_internal-unified-test-platform-core; :app/project/_internal-unified-test-platform-launcher","org.jetbrains.kotlinx:kotlinx-coroutines-core-jvm:1.7.3","","Retain pending scoped work packages; no OSV match is not security clearance"
"org.jetbrains.kotlin:kotlin-stdlib-jdk8:1.8.22",":app/project/devDebugAndroidTestCompileClasspath; :app/project/devDebugCompileClasspath; :app/project/devDebugRuntimeClasspath; :app/project/devReleaseCompileClasspath; :app/project/devReleaseRuntimeClasspath; :app/project/kspDevDebugAndroidTestKotlinProcessorClasspath; :app/project/kspDevDebugKotlinProcessorClasspath; :app/project/kspDevDebugUnitTestKotlinProcessorClasspath; :app/project/kspDevReleaseKotlinProcessorClasspath; :app/project/kspDevReleaseUnitTestKotlinProcessorClasspath; :app/project/kspProdDebugAndroidTestKotlinProcessorClasspath; :app/project/kspProdDebugKotlinProcessorClasspath; :app/project/kspProdDebugUnitTestKotlinProcessorClasspath; :app/project/kspProdReleaseKotlinProcessorClasspath; :app/project/kspProdReleaseUnitTestKotlinProcessorClasspath; :app/project/kspQaDebugAndroidTestKotlinProcessorClasspath; :app/project/kspQaDebugKotlinProcessorClasspath; :app/project/kspQaDebugUnitTestKotlinProcessorClasspath; :app/project/kspQaReleaseKotlinProcessorClasspath; :app/project/kspQaReleaseUnitTestKotlinProcessorClasspath; :app/project/kspStagingDebugAndroidTestKotlinProcessorClasspath; :app/project/kspStagingDebugKotlinProcessorClasspath; :app/project/kspStagingDebugUnitTestKotlinProcessorClasspath; :app/project/kspStagingReleaseKotlinProcessorClasspath; :app/project/kspStagingReleaseUnitTestKotlinProcessorClasspath; :app/project/prodDebugAndroidTestCompileClasspath; :app/project/prodDebugCompileClasspath; :app/project/prodDebugRuntimeClasspath; :app/project/prodReleaseCompileClasspath; :app/project/prodReleaseRuntimeClasspath; :app/project/qaDebugAndroidTestCompileClasspath; :app/project/qaDebugCompileClasspath; :app/project/qaDebugRuntimeClasspath; :app/project/qaReleaseCompileClasspath; :app/project/qaReleaseRuntimeClasspath; :app/project/stagingDebugAndroidTestCompileClasspath; :app/project/stagingDebugCompileClasspath; :app/project/stagingDebugRuntimeClasspath; :app/project/stagingReleaseCompileClasspath; :app/project/stagingReleaseRuntimeClasspath","androidx.room:room-common:2.6.1; androidx.room:room-compiler-processing:2.6.1; com.squareup:kotlinpoet-javapoet:1.14.2; com.squareup:kotlinpoet:1.14.2","","Retain pending scoped work packages; no OSV match is not security clearance"
"org.jetbrains.kotlin:kotlin-stdlib-jdk8:2.0.21",":app/project/devDebugUnitTestCompileClasspath; :app/project/devDebugUnitTestRuntimeClasspath; :app/project/devReleaseUnitTestCompileClasspath; :app/project/devReleaseUnitTestRuntimeClasspath; :app/project/prodDebugUnitTestCompileClasspath; :app/project/prodDebugUnitTestRuntimeClasspath; :app/project/prodReleaseUnitTestCompileClasspath; :app/project/prodReleaseUnitTestRuntimeClasspath; :app/project/qaDebugUnitTestCompileClasspath; :app/project/qaDebugUnitTestRuntimeClasspath; :app/project/qaReleaseUnitTestCompileClasspath; :app/project/qaReleaseUnitTestRuntimeClasspath; :app/project/stagingDebugUnitTestCompileClasspath; :app/project/stagingDebugUnitTestRuntimeClasspath; :app/project/stagingReleaseUnitTestCompileClasspath; :app/project/stagingReleaseUnitTestRuntimeClasspath","androidx.room:room-common:2.6.1; com.lemonappdev:konsist:0.17.3","","Retain pending scoped work packages; no OSV match is not security clearance"
"org.jetbrains.kotlin:kotlin-stdlib-jdk8:2.2.0",":/buildscript/classpath; :app/project/_internal-unified-test-platform-android-device-provider-ddmlib; :app/project/_internal-unified-test-platform-android-test-plugin-host-additional-test-output; :app/project/_internal-unified-test-platform-android-test-plugin-host-apk-installer; :app/project/_internal-unified-test-platform-android-test-plugin-host-coverage; :app/project/_internal-unified-test-platform-android-test-plugin-host-device-info; :app/project/_internal-unified-test-platform-android-test-plugin-host-emulator-control; :app/project/_internal-unified-test-platform-android-test-plugin-host-logcat; :app/project/_internal-unified-test-platform-android-test-plugin-result-listener-gradle","androidx.databinding:databinding-compiler-common:8.13.2; com.android.tools:common:31.13.2; com.android.tools:repository:31.13.2; com.android.tools:sdk-common:31.13.2; com.android.tools.analytics-library:shared:31.13.2; com.android.tools.analytics-library:tracker:31.13.2; com.android.tools.lint:lint-model:31.13.2; com.android.tools.utp:android-test-plugin-host-emulator-control-proto:31.13.2; com.android.tools.utp:utp-common:31.13.2; org.jetbrains.kotlinx:kotlinx-coroutines-core-jvm:1.7.3","","Retain pending scoped work packages; no OSV match is not security clearance"
"org.jetbrains.kotlin:kotlin-stdlib:1.8.21",":app/project/_internal-unified-test-platform-android-test-plugin; :app/project/_internal-unified-test-platform-core","com.google.protobuf:protobuf-kotlin:3.24.4; com.google.testing.platform:android-test-plugin:0.0.9-alpha03; com.google.testing.platform:core:0.0.9-alpha03; org.jetbrains.kotlin:kotlin-reflect:1.8.21; org.jetbrains.kotlin:kotlin-stdlib-jdk7:1.8.20; org.jetbrains.kotlin:kotlin-stdlib-jdk8:1.8.20","","Retain pending scoped work packages; no OSV match is not security clearance"
"org.jetbrains.kotlin:kotlin-stdlib:1.9.0",":app/project/_internal-unified-test-platform-android-driver-instrumentation; :app/project/_internal-unified-test-platform-launcher","com.google.protobuf:protobuf-kotlin:3.24.4; com.google.testing.platform:android-driver-instrumentation:0.0.9-alpha03; com.google.testing.platform:launcher:0.0.9-alpha03; org.jetbrains.kotlin:kotlin-reflect:1.8.21; org.jetbrains.kotlin:kotlin-stdlib-jdk7:1.8.20; org.jetbrains.kotlin:kotlin-stdlib-jdk8:1.8.20; org.jetbrains.kotlinx:atomicfu-jvm:0.22.0","","Retain pending scoped work packages; no OSV match is not security clearance"
"org.jetbrains.kotlin:kotlin-stdlib:2.0.10",":app/project/detekt; :app/project/detektPlugins","dev.drewhamilton.poko:poko-annotations-jvm:0.16.0; io.github.detekt.sarif4k:sarif4k-jvm:0.6.0; io.gitlab.arturbosch.detekt:detekt-api:1.23.7; io.gitlab.arturbosch.detekt:detekt-cli:1.23.7; io.gitlab.arturbosch.detekt:detekt-core:1.23.7; io.gitlab.arturbosch.detekt:detekt-formatting:1.23.7; io.gitlab.arturbosch.detekt:detekt-metrics:1.23.7; io.gitlab.arturbosch.detekt:detekt-parser:1.23.7; io.gitlab.arturbosch.detekt:detekt-psi-utils:1.23.7; io.gitlab.arturbosch.detekt:detekt-report-html:1.23.7; io.gitlab.arturbosch.detekt:detekt-report-md:1.23.7; io.gitlab.arturbosch.detekt:detekt-report-sarif:1.23.7; io.gitlab.arturbosch.detekt:detekt-report-txt:1.23.7; io.gitlab.arturbosch.detekt:detekt-report-xml:1.23.7; io.gitlab.arturbosch.detekt:detekt-rules-complexity:1.23.7; io.gitlab.arturbosch.detekt:detekt-rules-coroutines:1.23.7; io.gitlab.arturbosch.detekt:detekt-rules-documentation:1.23.7; io.gitlab.arturbosch.detekt:detekt-rules-empty:1.23.7; io.gitlab.arturbosch.detekt:detekt-rules-errorprone:1.23.7; io.gitlab.arturbosch.detekt:detekt-rules-exceptions:1.23.7; io.gitlab.arturbosch.detekt:detekt-rules-naming:1.23.7; io.gitlab.arturbosch.detekt:detekt-rules-performance:1.23.7; io.gitlab.arturbosch.detekt:detekt-rules-style:1.23.7; io.gitlab.arturbosch.detekt:detekt-rules:1.23.7; io.gitlab.arturbosch.detekt:detekt-tooling:1.23.7; io.gitlab.arturbosch.detekt:detekt-utils:1.23.7; org.jetbrains.kotlin:kotlin-compiler-embeddable:2.0.10; org.jetbrains.kotlin:kotlin-reflect:2.0.10; org.jetbrains.kotlin:kotlin-stdlib-common:2.0.10; org.jetbrains.kotlin:kotlin-stdlib-jdk7:1.8.0; org.jetbrains.kotlin:kotlin-stdlib-jdk8:1.8.0; org.jetbrains.kotlinx:kotlinx-serialization-core-jvm:1.4.1; org.jetbrains.kotlinx:kotlinx-serialization-json-jvm:1.4.1","","Retain pending scoped work packages; no OSV match is not security clearance"
"org.jetbrains.kotlin:kotlin-stdlib:2.0.21",":/buildscript/classpath","com.android.tools.build:aaptcompiler:8.13.2; com.android.tools.build:builder-model:8.13.2; com.android.tools.build:builder:8.13.2; com.android.tools.build:gradle-api:8.13.2; com.android.tools.build:gradle-common-api:8.13.2; com.android.tools.build:gradle-settings-api:8.13.2; com.android.tools.build:gradle:8.13.2; com.android.tools.build:manifest-merger:31.13.2; com.android.tools.build.jetifier:jetifier-core:1.0.0-beta10; com.android.tools.build.jetifier:jetifier-processor:1.0.0-beta10; com.google.dagger:hilt-android-gradle-plugin:2.56.2; com.google.devtools.ksp:symbol-processing-api:2.1.0-1.0.29; com.google.devtools.ksp:symbol-processing-common-deps:2.1.0-1.0.29; org.jetbrains.kotlin:kotlin-reflect:2.0.21; org.jetbrains.kotlin:kotlin-stdlib-jdk7:2.2.0; org.jetbrains.kotlin:kotlin-stdlib-jdk8:2.2.0; org.jetbrains.kotlinx:kotlinx-coroutines-core-jvm:1.9.0","","Retain pending scoped work packages; no OSV match is not security clearance"
"org.jetbrains.kotlin:kotlin-stdlib:2.1.0",":app/project/kotlinBuildToolsApiClasspath; :app/project/kotlinCompilerClasspath; :app/project/kotlinCompilerPluginClasspathDevDebug; :app/project/kotlinCompilerPluginClasspathDevDebugAndroidTest; :app/project/kotlinCompilerPluginClasspathDevDebugUnitTest; :app/project/kotlinCompilerPluginClasspathDevRelease; :app/project/kotlinCompilerPluginClasspathDevReleaseUnitTest; :app/project/kotlinCompilerPluginClasspathProdDebug; :app/project/kotlinCompilerPluginClasspathProdDebugAndroidTest; :app/project/kotlinCompilerPluginClasspathProdDebugUnitTest; :app/project/kotlinCompilerPluginClasspathProdRelease; :app/project/kotlinCompilerPluginClasspathProdReleaseUnitTest; :app/project/kotlinCompilerPluginClasspathQaDebug; :app/project/kotlinCompilerPluginClasspathQaDebugAndroidTest; :app/project/kotlinCompilerPluginClasspathQaDebugUnitTest; :app/project/kotlinCompilerPluginClasspathQaRelease; :app/project/kotlinCompilerPluginClasspathQaReleaseUnitTest; :app/project/kotlinCompilerPluginClasspathStagingDebug; :app/project/kotlinCompilerPluginClasspathStagingDebugAndroidTest; :app/project/kotlinCompilerPluginClasspathStagingDebugUnitTest; :app/project/kotlinCompilerPluginClasspathStagingRelease; :app/project/kotlinCompilerPluginClasspathStagingReleaseUnitTest; :app/project/kspPluginClasspath; :app/project/kspPluginClasspathNonEmbeddable","com.google.devtools.ksp:symbol-processing-api:2.1.0-1.0.29; com.google.devtools.ksp:symbol-processing-cmdline:2.1.0-1.0.29; com.google.devtools.ksp:symbol-processing:2.1.0-1.0.29; org.jetbrains.kotlin:kotlin-build-tools-impl:2.1.0; org.jetbrains.kotlin:kotlin-compiler-embeddable:2.1.0; org.jetbrains.kotlin:kotlin-daemon-client:2.1.0; org.jetbrains.kotlin:kotlin-scripting-common:2.1.0; org.jetbrains.kotlin:kotlin-scripting-compiler-embeddable:2.1.0; org.jetbrains.kotlin:kotlin-scripting-compiler-impl-embeddable:2.1.0; org.jetbrains.kotlin:kotlin-scripting-jvm:2.1.0; org.jetbrains.kotlin:kotlin-stdlib-common:2.1.0; org.jetbrains.kotlinx:kotlinx-serialization-core-jvm:1.6.3; org.jetbrains.kotlinx:kotlinx-serialization-json-jvm:1.6.3","","Retain pending scoped work packages; no OSV match is not security clearance"
"org.jetbrains.kotlin:kotlin-stdlib:2.1.10",":app/project/devDebugAndroidTestCompileClasspath; :app/project/devDebugAndroidTestRuntimeClasspath; :app/project/devDebugCompileClasspath; :app/project/devDebugRuntimeClasspath; :app/project/devDebugUnitTestCompileClasspath; :app/project/devDebugUnitTestRuntimeClasspath; :app/project/devReleaseCompileClasspath; :app/project/devReleaseRuntimeClasspath; :app/project/devReleaseUnitTestCompileClasspath; :app/project/devReleaseUnitTestRuntimeClasspath; :app/project/kspDevDebugAndroidTestKotlinProcessorClasspath; :app/project/kspDevDebugKotlinProcessorClasspath; :app/project/kspDevDebugUnitTestKotlinProcessorClasspath; :app/project/kspDevReleaseKotlinProcessorClasspath; :app/project/kspDevReleaseUnitTestKotlinProcessorClasspath; :app/project/kspProdDebugAndroidTestKotlinProcessorClasspath; :app/project/kspProdDebugKotlinProcessorClasspath; :app/project/kspProdDebugUnitTestKotlinProcessorClasspath; :app/project/kspProdReleaseKotlinProcessorClasspath; :app/project/kspProdReleaseUnitTestKotlinProcessorClasspath; :app/project/kspQaDebugAndroidTestKotlinProcessorClasspath; :app/project/kspQaDebugKotlinProcessorClasspath; :app/project/kspQaDebugUnitTestKotlinProcessorClasspath; :app/project/kspQaReleaseKotlinProcessorClasspath; :app/project/kspQaReleaseUnitTestKotlinProcessorClasspath; :app/project/kspStagingDebugAndroidTestKotlinProcessorClasspath; :app/project/kspStagingDebugKotlinProcessorClasspath; :app/project/kspStagingDebugUnitTestKotlinProcessorClasspath; :app/project/kspStagingReleaseKotlinProcessorClasspath; :app/project/kspStagingReleaseUnitTestKotlinProcessorClasspath; :app/project/prodDebugAndroidTestCompileClasspath; :app/project/prodDebugAndroidTestRuntimeClasspath; :app/project/prodDebugCompileClasspath; :app/project/prodDebugRuntimeClasspath; :app/project/prodDebugUnitTestCompileClasspath; :app/project/prodDebugUnitTestRuntimeClasspath; :app/project/prodReleaseCompileClasspath; :app/project/prodReleaseRuntimeClasspath; :app/project/prodReleaseUnitTestCompileClasspath; :app/project/prodReleaseUnitTestRuntimeClasspath; :app/project/qaDebugAndroidTestCompileClasspath; :app/project/qaDebugAndroidTestRuntimeClasspath; :app/project/qaDebugCompileClasspath; :app/project/qaDebugRuntimeClasspath; :app/project/qaDebugUnitTestCompileClasspath; :app/project/qaDebugUnitTestRuntimeClasspath; :app/project/qaReleaseCompileClasspath; :app/project/qaReleaseRuntimeClasspath; :app/project/qaReleaseUnitTestCompileClasspath; :app/project/qaReleaseUnitTestRuntimeClasspath; :app/project/stagingDebugAndroidTestCompileClasspath; :app/project/stagingDebugAndroidTestRuntimeClasspath; :app/project/stagingDebugCompileClasspath; :app/project/stagingDebugRuntimeClasspath; :app/project/stagingDebugUnitTestCompileClasspath; :app/project/stagingDebugUnitTestRuntimeClasspath; :app/project/stagingReleaseCompileClasspath; :app/project/stagingReleaseRuntimeClasspath; :app/project/stagingReleaseUnitTestCompileClasspath; :app/project/stagingReleaseUnitTestRuntimeClasspath","androidx.activity:activity-compose:1.9.3; androidx.activity:activity-ktx:1.9.3; androidx.activity:activity:1.9.3; androidx.annotation:annotation-experimental:1.4.1; androidx.annotation:annotation-jvm:1.8.1; androidx.camera:camera-core:1.4.1; androidx.collection:collection-jvm:1.4.4; androidx.compose.animation:animation-android:1.7.6; androidx.compose.animation:animation-core-android:1.7.6; androidx.compose.foundation:foundation-android:1.7.6; androidx.compose.foundation:foundation-layout-android:1.7.6; androidx.compose.material:material-icons-core-android:1.7.6; androidx.compose.material:material-ripple-android:1.7.6; androidx.compose.runtime:runtime-android:1.7.6; androidx.compose.runtime:runtime-saveable-android:1.7.6; androidx.compose.ui:ui-android:1.7.6; androidx.compose.ui:ui-geometry-android:1.7.6; androidx.compose.ui:ui-graphics-android:1.7.6; androidx.compose.ui:ui-test-android:1.7.6; androidx.compose.ui:ui-test-junit4-android:1.7.6; androidx.compose.ui:ui-text-android:1.7.6; androidx.compose.ui:ui-unit-android:1.7.6; androidx.compose.ui:ui-util-android:1.7.6; androidx.concurrent:concurrent-futures-ktx:1.1.0; androidx.core:core-ktx:1.15.0; androidx.core:core:1.15.0; androidx.customview:customview-poolingcontainer:1.0.0; androidx.fragment:fragment:1.5.1; androidx.graphics:graphics-path:1.0.1; androidx.hilt:hilt-navigation-compose:1.2.0; androidx.hilt:hilt-navigation:1.2.0; androidx.lifecycle:lifecycle-common-jvm:2.8.7; androidx.lifecycle:lifecycle-livedata-core-ktx:2.8.7; androidx.lifecycle:lifecycle-livedata-core:2.8.7; androidx.lifecycle:lifecycle-livedata:2.8.7; androidx.lifecycle:lifecycle-process:2.8.7; androidx.lifecycle:lifecycle-runtime-android:2.8.7; androidx.lifecycle:lifecycle-runtime-ktx-android:2.8.7; androidx.lifecycle:lifecycle-viewmodel-android:2.8.7; androidx.lifecycle:lifecycle-viewmodel-compose-android:2.8.7; androidx.lifecycle:lifecycle-viewmodel-ktx:2.8.7; androidx.lifecycle:lifecycle-viewmodel-savedstate:2.8.7; androidx.navigation:navigation-common:2.5.1; androidx.navigation:navigation-compose:2.5.1; androidx.navigation:navigation-runtime:2.5.1; androidx.room:room-compiler-processing:2.6.1; androidx.room:room-compiler:2.6.1; androidx.room:room-ktx:2.6.1; androidx.room:room-migration:2.6.1; androidx.savedstate:savedstate-ktx:1.2.1; androidx.savedstate:savedstate:1.2.1; androidx.sqlite:sqlite-framework:2.4.0; androidx.sqlite:sqlite-ktx:2.4.0; androidx.sqlite:sqlite:2.4.0; androidx.test:core-ktx:1.6.1; androidx.test:core:1.6.1; androidx.test:monitor:1.7.2; androidx.test.espresso:espresso-core:3.5.0; androidx.test.ext:junit:1.2.1; androidx.tracing:tracing-ktx:1.2.0; com.google.dagger:dagger-compiler:2.56.2; com.google.dagger:hilt-android-compiler:2.56.2; com.google.dagger:hilt-android:2.56.2; com.google.devtools.ksp:symbol-processing-api:2.1.10-1.0.31; org.jetbrains.kotlin:kotlin-compiler-embeddable:2.0.21; org.jetbrains.kotlin:kotlin-reflect:1.8.21; org.jetbrains.kotlin:kotlin-stdlib-common:2.1.10; org.jetbrains.kotlin:kotlin-stdlib-jdk7:1.8.22; org.jetbrains.kotlin:kotlin-stdlib-jdk7:2.0.21; org.jetbrains.kotlin:kotlin-stdlib-jdk8:1.8.22; org.jetbrains.kotlin:kotlin-stdlib-jdk8:2.0.21; org.jetbrains.kotlinx:kotlinx-coroutines-android:1.9.0; org.jetbrains.kotlinx:kotlinx-coroutines-core-jvm:1.9.0; org.jetbrains.kotlinx:kotlinx-coroutines-test-jvm:1.9.0; project :app","","Retain pending scoped work packages; no OSV match is not security clearance"
"org.jetbrains.kotlin:kotlin-stdlib:2.2.0",":app/project/_internal-unified-test-platform-android-device-provider-ddmlib; :app/project/_internal-unified-test-platform-android-test-plugin-host-additional-test-output; :app/project/_internal-unified-test-platform-android-test-plugin-host-apk-installer; :app/project/_internal-unified-test-platform-android-test-plugin-host-coverage; :app/project/_internal-unified-test-platform-android-test-plugin-host-device-info; :app/project/_internal-unified-test-platform-android-test-plugin-host-emulator-control; :app/project/_internal-unified-test-platform-android-test-plugin-host-logcat; :app/project/_internal-unified-test-platform-android-test-plugin-result-listener-gradle","com.android.tools.utp:android-device-provider-ddmlib:31.13.2; com.android.tools.utp:android-device-provider-profile:31.13.2; com.android.tools.utp:android-test-plugin-host-additional-test-output:31.13.2; com.android.tools.utp:android-test-plugin-host-apk-installer:31.13.2; com.android.tools.utp:android-test-plugin-host-coverage:31.13.2; com.android.tools.utp:android-test-plugin-host-device-info:31.13.2; com.android.tools.utp:android-test-plugin-host-emulator-control:31.13.2; com.android.tools.utp:android-test-plugin-host-logcat:31.13.2; com.android.tools.utp:android-test-plugin-result-listener-gradle:31.13.2; com.google.protobuf:protobuf-kotlin:3.24.4; com.google.testing.platform:android-device-provider-local:0.0.9-alpha03; com.google.testing.platform:android-driver-instrumentation:0.0.9-alpha03; com.google.testing.platform:launcher:0.0.9-alpha03; org.jetbrains.kotlin:kotlin-reflect:1.8.21; org.jetbrains.kotlin:kotlin-stdlib-common:2.2.0; org.jetbrains.kotlin:kotlin-stdlib-jdk7:2.2.0; org.jetbrains.kotlin:kotlin-stdlib-jdk8:2.2.0; org.jetbrains.kotlinx:atomicfu-jvm:0.22.0","","Retain pending scoped work packages; no OSV match is not security clearance"
"org.jetbrains.kotlin:kotlin-tooling-core:2.1.0",":/buildscript/classpath","org.jetbrains.kotlin:kotlin-gradle-plugin-api:2.1.0; org.jetbrains.kotlin:kotlin-gradle-plugin-idea:2.1.0","","Retain pending scoped work packages; no OSV match is not security clearance"
"org.jetbrains.kotlin:kotlin-util-io:2.1.0",":/buildscript/classpath","org.jetbrains.kotlin:kotlin-native-utils:2.1.0; org.jetbrains.kotlin:kotlin-util-klib-metadata:2.1.0; org.jetbrains.kotlin:kotlin-util-klib:2.1.0","","Retain pending scoped work packages; no OSV match is not security clearance"
"org.jetbrains.kotlin:kotlin-util-klib-metadata:2.1.0",":/buildscript/classpath","org.jetbrains.kotlin:kotlin-gradle-plugin:2.1.0","","Retain pending scoped work packages; no OSV match is not security clearance"
"org.jetbrains.kotlin:kotlin-util-klib:2.1.0",":/buildscript/classpath","org.jetbrains.kotlin:kotlin-native-utils:2.1.0; org.jetbrains.kotlin:kotlin-util-klib-metadata:2.1.0","","Retain pending scoped work packages; no OSV match is not security clearance"
"org.jetbrains.kotlin.android:org.jetbrains.kotlin.android.gradle.plugin:2.1.0",":/buildscript/classpath","root project :","","Retain pending scoped work packages; no OSV match is not security clearance"
"org.jetbrains.kotlin.plugin.compose:org.jetbrains.kotlin.plugin.compose.gradle.plugin:2.1.0",":/buildscript/classpath","root project :","","Retain pending scoped work packages; no OSV match is not security clearance"
"org.jetbrains.kotlinx:atomicfu-jvm:0.22.0",":app/project/_internal-unified-test-platform-android-driver-instrumentation; :app/project/_internal-unified-test-platform-android-test-plugin-host-additional-test-output; :app/project/_internal-unified-test-platform-android-test-plugin-host-device-info; :app/project/_internal-unified-test-platform-android-test-plugin-host-emulator-control; :app/project/_internal-unified-test-platform-android-test-plugin-host-logcat; :app/project/_internal-unified-test-platform-launcher","org.jetbrains.kotlinx:atomicfu:0.22.0","","Retain pending scoped work packages; no OSV match is not security clearance"
"org.jetbrains.kotlinx:atomicfu:0.22.0",":app/project/_internal-unified-test-platform-android-driver-instrumentation; :app/project/_internal-unified-test-platform-android-test-plugin-host-additional-test-output; :app/project/_internal-unified-test-platform-android-test-plugin-host-device-info; :app/project/_internal-unified-test-platform-android-test-plugin-host-emulator-control; :app/project/_internal-unified-test-platform-android-test-plugin-host-logcat; :app/project/_internal-unified-test-platform-launcher","com.google.testing.platform:android-driver-instrumentation:0.0.9-alpha03; com.google.testing.platform:launcher:0.0.9-alpha03","","Retain pending scoped work packages; no OSV match is not security clearance"
"org.jetbrains.kotlinx:kotlinx-coroutines-android:1.9.0",":app/project/devDebugAndroidTestCompileClasspath; :app/project/devDebugAndroidTestRuntimeClasspath; :app/project/devDebugCompileClasspath; :app/project/devDebugRuntimeClasspath; :app/project/devDebugUnitTestCompileClasspath; :app/project/devDebugUnitTestRuntimeClasspath; :app/project/devReleaseCompileClasspath; :app/project/devReleaseRuntimeClasspath; :app/project/devReleaseUnitTestCompileClasspath; :app/project/devReleaseUnitTestRuntimeClasspath; :app/project/prodDebugAndroidTestCompileClasspath; :app/project/prodDebugAndroidTestRuntimeClasspath; :app/project/prodDebugCompileClasspath; :app/project/prodDebugRuntimeClasspath; :app/project/prodDebugUnitTestCompileClasspath; :app/project/prodDebugUnitTestRuntimeClasspath; :app/project/prodReleaseCompileClasspath; :app/project/prodReleaseRuntimeClasspath; :app/project/prodReleaseUnitTestCompileClasspath; :app/project/prodReleaseUnitTestRuntimeClasspath; :app/project/qaDebugAndroidTestCompileClasspath; :app/project/qaDebugAndroidTestRuntimeClasspath; :app/project/qaDebugCompileClasspath; :app/project/qaDebugRuntimeClasspath; :app/project/qaDebugUnitTestCompileClasspath; :app/project/qaDebugUnitTestRuntimeClasspath; :app/project/qaReleaseCompileClasspath; :app/project/qaReleaseRuntimeClasspath; :app/project/qaReleaseUnitTestCompileClasspath; :app/project/qaReleaseUnitTestRuntimeClasspath; :app/project/stagingDebugAndroidTestCompileClasspath; :app/project/stagingDebugAndroidTestRuntimeClasspath; :app/project/stagingDebugCompileClasspath; :app/project/stagingDebugRuntimeClasspath; :app/project/stagingDebugUnitTestCompileClasspath; :app/project/stagingDebugUnitTestRuntimeClasspath; :app/project/stagingReleaseCompileClasspath; :app/project/stagingReleaseRuntimeClasspath; :app/project/stagingReleaseUnitTestCompileClasspath; :app/project/stagingReleaseUnitTestRuntimeClasspath","androidx.camera:camera-core:1.4.1; androidx.camera:camera-lifecycle:1.4.1; androidx.compose.runtime:runtime-android:1.7.6; androidx.compose.ui:ui-android:1.7.6; androidx.lifecycle:lifecycle-runtime-android:2.8.7; androidx.lifecycle:lifecycle-runtime-ktx-android:2.8.7; androidx.lifecycle:lifecycle-viewmodel-android:2.8.7; androidx.lifecycle:lifecycle-viewmodel-ktx:2.8.7; androidx.lifecycle:lifecycle-viewmodel-savedstate:2.8.7; androidx.room:room-ktx:2.6.1; project :app","","Retain pending scoped work packages; no OSV match is not security clearance"
"org.jetbrains.kotlinx:kotlinx-coroutines-bom:1.7.3",":app/project/_internal-unified-test-platform-android-device-provider-ddmlib; :app/project/_internal-unified-test-platform-android-driver-instrumentation; :app/project/_internal-unified-test-platform-android-test-plugin; :app/project/_internal-unified-test-platform-android-test-plugin-host-additional-test-output; :app/project/_internal-unified-test-platform-android-test-plugin-host-apk-installer; :app/project/_internal-unified-test-platform-android-test-plugin-host-coverage; :app/project/_internal-unified-test-platform-android-test-plugin-host-device-info; :app/project/_internal-unified-test-platform-android-test-plugin-host-emulator-control; :app/project/_internal-unified-test-platform-android-test-plugin-host-logcat; :app/project/_internal-unified-test-platform-android-test-plugin-result-listener-gradle; :app/project/_internal-unified-test-platform-core; :app/project/_internal-unified-test-platform-launcher","org.jetbrains.kotlinx:kotlinx-coroutines-core-jvm:1.7.3","","Retain pending scoped work packages; no OSV match is not security clearance"
"org.jetbrains.kotlinx:kotlinx-coroutines-bom:1.9.0",":/buildscript/classpath; :app/project/devDebugAndroidTestCompileClasspath; :app/project/devDebugAndroidTestRuntimeClasspath; :app/project/devDebugCompileClasspath; :app/project/devDebugRuntimeClasspath; :app/project/devDebugUnitTestCompileClasspath; :app/project/devDebugUnitTestRuntimeClasspath; :app/project/devReleaseCompileClasspath; :app/project/devReleaseRuntimeClasspath; :app/project/devReleaseUnitTestCompileClasspath; :app/project/devReleaseUnitTestRuntimeClasspath; :app/project/prodDebugAndroidTestCompileClasspath; :app/project/prodDebugAndroidTestRuntimeClasspath; :app/project/prodDebugCompileClasspath; :app/project/prodDebugRuntimeClasspath; :app/project/prodDebugUnitTestCompileClasspath; :app/project/prodDebugUnitTestRuntimeClasspath; :app/project/prodReleaseCompileClasspath; :app/project/prodReleaseRuntimeClasspath; :app/project/prodReleaseUnitTestCompileClasspath; :app/project/prodReleaseUnitTestRuntimeClasspath; :app/project/qaDebugAndroidTestCompileClasspath; :app/project/qaDebugAndroidTestRuntimeClasspath; :app/project/qaDebugCompileClasspath; :app/project/qaDebugRuntimeClasspath; :app/project/qaDebugUnitTestCompileClasspath; :app/project/qaDebugUnitTestRuntimeClasspath; :app/project/qaReleaseCompileClasspath; :app/project/qaReleaseRuntimeClasspath; :app/project/qaReleaseUnitTestCompileClasspath; :app/project/qaReleaseUnitTestRuntimeClasspath; :app/project/stagingDebugAndroidTestCompileClasspath; :app/project/stagingDebugAndroidTestRuntimeClasspath; :app/project/stagingDebugCompileClasspath; :app/project/stagingDebugRuntimeClasspath; :app/project/stagingDebugUnitTestCompileClasspath; :app/project/stagingDebugUnitTestRuntimeClasspath; :app/project/stagingReleaseCompileClasspath; :app/project/stagingReleaseRuntimeClasspath; :app/project/stagingReleaseUnitTestCompileClasspath; :app/project/stagingReleaseUnitTestRuntimeClasspath","org.jetbrains.kotlinx:kotlinx-coroutines-android:1.9.0; org.jetbrains.kotlinx:kotlinx-coroutines-core-jvm:1.9.0; org.jetbrains.kotlinx:kotlinx-coroutines-test-jvm:1.9.0","","Retain pending scoped work packages; no OSV match is not security clearance"
"org.jetbrains.kotlinx:kotlinx-coroutines-core-jvm:1.6.4",":app/project/kotlinBuildToolsApiClasspath; :app/project/kotlinCompilerClasspath","org.jetbrains.kotlin:kotlin-compiler-embeddable:2.1.0; org.jetbrains.kotlin:kotlin-compiler-runner:2.1.0","","Retain pending scoped work packages; no OSV match is not security clearance"
"org.jetbrains.kotlinx:kotlinx-coroutines-core-jvm:1.7.3",":app/project/_internal-unified-test-platform-android-device-provider-ddmlib; :app/project/_internal-unified-test-platform-android-driver-instrumentation; :app/project/_internal-unified-test-platform-android-test-plugin; :app/project/_internal-unified-test-platform-android-test-plugin-host-additional-test-output; :app/project/_internal-unified-test-platform-android-test-plugin-host-apk-installer; :app/project/_internal-unified-test-platform-android-test-plugin-host-coverage; :app/project/_internal-unified-test-platform-android-test-plugin-host-device-info; :app/project/_internal-unified-test-platform-android-test-plugin-host-emulator-control; :app/project/_internal-unified-test-platform-android-test-plugin-host-logcat; :app/project/_internal-unified-test-platform-android-test-plugin-result-listener-gradle; :app/project/_internal-unified-test-platform-core; :app/project/_internal-unified-test-platform-launcher","com.google.testing.platform:android-device-provider-local:0.0.9-alpha03; com.google.testing.platform:android-driver-instrumentation:0.0.9-alpha03; com.google.testing.platform:android-test-plugin:0.0.9-alpha03; com.google.testing.platform:core:0.0.9-alpha03; com.google.testing.platform:launcher:0.0.9-alpha03; org.jetbrains.kotlinx:kotlinx-coroutines-core:1.7.3","","Retain pending scoped work packages; no OSV match is not security clearance"
"org.jetbrains.kotlinx:kotlinx-coroutines-core-jvm:1.9.0",":/buildscript/classpath; :app/project/devDebugAndroidTestCompileClasspath; :app/project/devDebugAndroidTestRuntimeClasspath; :app/project/devDebugCompileClasspath; :app/project/devDebugRuntimeClasspath; :app/project/devDebugUnitTestCompileClasspath; :app/project/devDebugUnitTestRuntimeClasspath; :app/project/devReleaseCompileClasspath; :app/project/devReleaseRuntimeClasspath; :app/project/devReleaseUnitTestCompileClasspath; :app/project/devReleaseUnitTestRuntimeClasspath; :app/project/prodDebugAndroidTestCompileClasspath; :app/project/prodDebugAndroidTestRuntimeClasspath; :app/project/prodDebugCompileClasspath; :app/project/prodDebugRuntimeClasspath; :app/project/prodDebugUnitTestCompileClasspath; :app/project/prodDebugUnitTestRuntimeClasspath; :app/project/prodReleaseCompileClasspath; :app/project/prodReleaseRuntimeClasspath; :app/project/prodReleaseUnitTestCompileClasspath; :app/project/prodReleaseUnitTestRuntimeClasspath; :app/project/qaDebugAndroidTestCompileClasspath; :app/project/qaDebugAndroidTestRuntimeClasspath; :app/project/qaDebugCompileClasspath; :app/project/qaDebugRuntimeClasspath; :app/project/qaDebugUnitTestCompileClasspath; :app/project/qaDebugUnitTestRuntimeClasspath; :app/project/qaReleaseCompileClasspath; :app/project/qaReleaseRuntimeClasspath; :app/project/qaReleaseUnitTestCompileClasspath; :app/project/qaReleaseUnitTestRuntimeClasspath; :app/project/stagingDebugAndroidTestCompileClasspath; :app/project/stagingDebugAndroidTestRuntimeClasspath; :app/project/stagingDebugCompileClasspath; :app/project/stagingDebugRuntimeClasspath; :app/project/stagingDebugUnitTestCompileClasspath; :app/project/stagingDebugUnitTestRuntimeClasspath; :app/project/stagingReleaseCompileClasspath; :app/project/stagingReleaseRuntimeClasspath; :app/project/stagingReleaseUnitTestCompileClasspath; :app/project/stagingReleaseUnitTestRuntimeClasspath","androidx.test:core:1.6.1; org.jetbrains.kotlin:kotlin-compiler-embeddable:2.0.21; org.jetbrains.kotlin:kotlin-compiler-runner:2.1.0; org.jetbrains.kotlinx:kotlinx-coroutines-core:1.9.0","","Retain pending scoped work packages; no OSV match is not security clearance"
"org.jetbrains.kotlinx:kotlinx-coroutines-core:1.7.3",":app/project/_internal-unified-test-platform-android-device-provider-ddmlib; :app/project/_internal-unified-test-platform-android-test-plugin-host-additional-test-output; :app/project/_internal-unified-test-platform-android-test-plugin-host-apk-installer; :app/project/_internal-unified-test-platform-android-test-plugin-host-coverage; :app/project/_internal-unified-test-platform-android-test-plugin-host-device-info; :app/project/_internal-unified-test-platform-android-test-plugin-host-emulator-control; :app/project/_internal-unified-test-platform-android-test-plugin-host-logcat; :app/project/_internal-unified-test-platform-android-test-plugin-result-listener-gradle; :app/project/_internal-unified-test-platform-core; :app/project/_internal-unified-test-platform-launcher","com.android.tools.utp:android-device-provider-ddmlib:31.13.2; com.android.tools.utp:android-test-plugin-host-emulator-control:31.13.2; com.android.tools.utp:android-test-plugin-result-listener-gradle:31.13.2; com.google.testing.platform:android-device-provider-local:0.0.9-alpha03; com.google.testing.platform:core:0.0.9-alpha03; com.google.testing.platform:launcher:0.0.9-alpha03","","Retain pending scoped work packages; no OSV match is not security clearance"
"org.jetbrains.kotlinx:kotlinx-coroutines-core:1.9.0",":/buildscript/classpath; :app/project/devDebugAndroidTestCompileClasspath; :app/project/devDebugAndroidTestRuntimeClasspath; :app/project/devDebugCompileClasspath; :app/project/devDebugRuntimeClasspath; :app/project/devDebugUnitTestCompileClasspath; :app/project/devDebugUnitTestRuntimeClasspath; :app/project/devReleaseCompileClasspath; :app/project/devReleaseRuntimeClasspath; :app/project/devReleaseUnitTestCompileClasspath; :app/project/devReleaseUnitTestRuntimeClasspath; :app/project/prodDebugAndroidTestCompileClasspath; :app/project/prodDebugAndroidTestRuntimeClasspath; :app/project/prodDebugCompileClasspath; :app/project/prodDebugRuntimeClasspath; :app/project/prodDebugUnitTestCompileClasspath; :app/project/prodDebugUnitTestRuntimeClasspath; :app/project/prodReleaseCompileClasspath; :app/project/prodReleaseRuntimeClasspath; :app/project/prodReleaseUnitTestCompileClasspath; :app/project/prodReleaseUnitTestRuntimeClasspath; :app/project/qaDebugAndroidTestCompileClasspath; :app/project/qaDebugAndroidTestRuntimeClasspath; :app/project/qaDebugCompileClasspath; :app/project/qaDebugRuntimeClasspath; :app/project/qaDebugUnitTestCompileClasspath; :app/project/qaDebugUnitTestRuntimeClasspath; :app/project/qaReleaseCompileClasspath; :app/project/qaReleaseRuntimeClasspath; :app/project/qaReleaseUnitTestCompileClasspath; :app/project/qaReleaseUnitTestRuntimeClasspath; :app/project/stagingDebugAndroidTestCompileClasspath; :app/project/stagingDebugAndroidTestRuntimeClasspath; :app/project/stagingDebugCompileClasspath; :app/project/stagingDebugRuntimeClasspath; :app/project/stagingDebugUnitTestCompileClasspath; :app/project/stagingDebugUnitTestRuntimeClasspath; :app/project/stagingReleaseCompileClasspath; :app/project/stagingReleaseRuntimeClasspath; :app/project/stagingReleaseUnitTestCompileClasspath; :app/project/stagingReleaseUnitTestRuntimeClasspath","androidx.compose.animation:animation-core-android:1.7.6; androidx.compose.runtime:runtime-android:1.7.6; androidx.compose.ui:ui-android:1.7.6; androidx.compose.ui:ui-test-android:1.7.6; androidx.compose.ui:ui-test-junit4-android:1.7.6; androidx.compose.ui:ui-text-android:1.7.6; androidx.concurrent:concurrent-futures-ktx:1.1.0; androidx.lifecycle:lifecycle-common-jvm:2.8.7; androidx.lifecycle:lifecycle-livedata:2.8.7; androidx.lifecycle:lifecycle-viewmodel-android:2.8.7; com.android.tools:repository:31.13.2; com.lemonappdev:konsist:0.17.3; org.jetbrains.kotlinx:kotlinx-coroutines-android:1.9.0; org.jetbrains.kotlinx:kotlinx-coroutines-test-jvm:1.9.0","","Retain pending scoped work packages; no OSV match is not security clearance"
"org.jetbrains.kotlinx:kotlinx-coroutines-test-jvm:1.9.0",":app/project/devDebugAndroidTestCompileClasspath; :app/project/devDebugAndroidTestRuntimeClasspath; :app/project/devDebugUnitTestCompileClasspath; :app/project/devDebugUnitTestRuntimeClasspath; :app/project/devReleaseUnitTestCompileClasspath; :app/project/devReleaseUnitTestRuntimeClasspath; :app/project/prodDebugAndroidTestCompileClasspath; :app/project/prodDebugAndroidTestRuntimeClasspath; :app/project/prodDebugUnitTestCompileClasspath; :app/project/prodDebugUnitTestRuntimeClasspath; :app/project/prodReleaseUnitTestCompileClasspath; :app/project/prodReleaseUnitTestRuntimeClasspath; :app/project/qaDebugAndroidTestCompileClasspath; :app/project/qaDebugAndroidTestRuntimeClasspath; :app/project/qaDebugUnitTestCompileClasspath; :app/project/qaDebugUnitTestRuntimeClasspath; :app/project/qaReleaseUnitTestCompileClasspath; :app/project/qaReleaseUnitTestRuntimeClasspath; :app/project/stagingDebugAndroidTestCompileClasspath; :app/project/stagingDebugAndroidTestRuntimeClasspath; :app/project/stagingDebugUnitTestCompileClasspath; :app/project/stagingDebugUnitTestRuntimeClasspath; :app/project/stagingReleaseUnitTestCompileClasspath; :app/project/stagingReleaseUnitTestRuntimeClasspath","org.jetbrains.kotlinx:kotlinx-coroutines-test:1.9.0","","Retain pending scoped work packages; no OSV match is not security clearance"
"org.jetbrains.kotlinx:kotlinx-coroutines-test:1.9.0",":app/project/devDebugAndroidTestCompileClasspath; :app/project/devDebugAndroidTestRuntimeClasspath; :app/project/devDebugUnitTestCompileClasspath; :app/project/devDebugUnitTestRuntimeClasspath; :app/project/devReleaseUnitTestCompileClasspath; :app/project/devReleaseUnitTestRuntimeClasspath; :app/project/prodDebugAndroidTestCompileClasspath; :app/project/prodDebugAndroidTestRuntimeClasspath; :app/project/prodDebugUnitTestCompileClasspath; :app/project/prodDebugUnitTestRuntimeClasspath; :app/project/prodReleaseUnitTestCompileClasspath; :app/project/prodReleaseUnitTestRuntimeClasspath; :app/project/qaDebugAndroidTestCompileClasspath; :app/project/qaDebugAndroidTestRuntimeClasspath; :app/project/qaDebugUnitTestCompileClasspath; :app/project/qaDebugUnitTestRuntimeClasspath; :app/project/qaReleaseUnitTestCompileClasspath; :app/project/qaReleaseUnitTestRuntimeClasspath; :app/project/stagingDebugAndroidTestCompileClasspath; :app/project/stagingDebugAndroidTestRuntimeClasspath; :app/project/stagingDebugUnitTestCompileClasspath; :app/project/stagingDebugUnitTestRuntimeClasspath; :app/project/stagingReleaseUnitTestCompileClasspath; :app/project/stagingReleaseUnitTestRuntimeClasspath","androidx.compose.ui:ui-test-android:1.7.6; androidx.compose.ui:ui-test-junit4-android:1.7.6; project :app","","Retain pending scoped work packages; no OSV match is not security clearance"
"org.jetbrains.kotlinx:kotlinx-html-jvm:0.8.1",":app/project/detekt","io.gitlab.arturbosch.detekt:detekt-report-html:1.23.7","","Retain pending scoped work packages; no OSV match is not security clearance"
"org.jetbrains.kotlinx:kotlinx-serialization-bom:1.6.3",":app/project/kotlinCompilerPluginClasspathDevDebug; :app/project/kotlinCompilerPluginClasspathDevDebugAndroidTest; :app/project/kotlinCompilerPluginClasspathDevDebugUnitTest; :app/project/kotlinCompilerPluginClasspathDevRelease; :app/project/kotlinCompilerPluginClasspathDevReleaseUnitTest; :app/project/kotlinCompilerPluginClasspathProdDebug; :app/project/kotlinCompilerPluginClasspathProdDebugAndroidTest; :app/project/kotlinCompilerPluginClasspathProdDebugUnitTest; :app/project/kotlinCompilerPluginClasspathProdRelease; :app/project/kotlinCompilerPluginClasspathProdReleaseUnitTest; :app/project/kotlinCompilerPluginClasspathQaDebug; :app/project/kotlinCompilerPluginClasspathQaDebugAndroidTest; :app/project/kotlinCompilerPluginClasspathQaDebugUnitTest; :app/project/kotlinCompilerPluginClasspathQaRelease; :app/project/kotlinCompilerPluginClasspathQaReleaseUnitTest; :app/project/kotlinCompilerPluginClasspathStagingDebug; :app/project/kotlinCompilerPluginClasspathStagingDebugAndroidTest; :app/project/kotlinCompilerPluginClasspathStagingDebugUnitTest; :app/project/kotlinCompilerPluginClasspathStagingRelease; :app/project/kotlinCompilerPluginClasspathStagingReleaseUnitTest; :app/project/kspPluginClasspath; :app/project/kspPluginClasspathNonEmbeddable","org.jetbrains.kotlinx:kotlinx-serialization-core-jvm:1.6.3; org.jetbrains.kotlinx:kotlinx-serialization-json-jvm:1.6.3","","Retain pending scoped work packages; no OSV match is not security clearance"
"org.jetbrains.kotlinx:kotlinx-serialization-core-jvm:1.4.1",":app/project/detekt","org.jetbrains.kotlinx:kotlinx-serialization-core:1.4.1","","Retain pending scoped work packages; no OSV match is not security clearance"
"org.jetbrains.kotlinx:kotlinx-serialization-core-jvm:1.6.3",":app/project/kotlinCompilerPluginClasspathDevDebug; :app/project/kotlinCompilerPluginClasspathDevDebugAndroidTest; :app/project/kotlinCompilerPluginClasspathDevDebugUnitTest; :app/project/kotlinCompilerPluginClasspathDevRelease; :app/project/kotlinCompilerPluginClasspathDevReleaseUnitTest; :app/project/kotlinCompilerPluginClasspathProdDebug; :app/project/kotlinCompilerPluginClasspathProdDebugAndroidTest; :app/project/kotlinCompilerPluginClasspathProdDebugUnitTest; :app/project/kotlinCompilerPluginClasspathProdRelease; :app/project/kotlinCompilerPluginClasspathProdReleaseUnitTest; :app/project/kotlinCompilerPluginClasspathQaDebug; :app/project/kotlinCompilerPluginClasspathQaDebugAndroidTest; :app/project/kotlinCompilerPluginClasspathQaDebugUnitTest; :app/project/kotlinCompilerPluginClasspathQaRelease; :app/project/kotlinCompilerPluginClasspathQaReleaseUnitTest; :app/project/kotlinCompilerPluginClasspathStagingDebug; :app/project/kotlinCompilerPluginClasspathStagingDebugAndroidTest; :app/project/kotlinCompilerPluginClasspathStagingDebugUnitTest; :app/project/kotlinCompilerPluginClasspathStagingRelease; :app/project/kotlinCompilerPluginClasspathStagingReleaseUnitTest; :app/project/kspPluginClasspath; :app/project/kspPluginClasspathNonEmbeddable","org.jetbrains.kotlinx:kotlinx-serialization-core:1.6.3","","Retain pending scoped work packages; no OSV match is not security clearance"
"org.jetbrains.kotlinx:kotlinx-serialization-core:1.4.1",":app/project/detekt","org.jetbrains.kotlinx:kotlinx-serialization-json-jvm:1.4.1","","Retain pending scoped work packages; no OSV match is not security clearance"
"org.jetbrains.kotlinx:kotlinx-serialization-core:1.6.3",":app/project/kotlinCompilerPluginClasspathDevDebug; :app/project/kotlinCompilerPluginClasspathDevDebugAndroidTest; :app/project/kotlinCompilerPluginClasspathDevDebugUnitTest; :app/project/kotlinCompilerPluginClasspathDevRelease; :app/project/kotlinCompilerPluginClasspathDevReleaseUnitTest; :app/project/kotlinCompilerPluginClasspathProdDebug; :app/project/kotlinCompilerPluginClasspathProdDebugAndroidTest; :app/project/kotlinCompilerPluginClasspathProdDebugUnitTest; :app/project/kotlinCompilerPluginClasspathProdRelease; :app/project/kotlinCompilerPluginClasspathProdReleaseUnitTest; :app/project/kotlinCompilerPluginClasspathQaDebug; :app/project/kotlinCompilerPluginClasspathQaDebugAndroidTest; :app/project/kotlinCompilerPluginClasspathQaDebugUnitTest; :app/project/kotlinCompilerPluginClasspathQaRelease; :app/project/kotlinCompilerPluginClasspathQaReleaseUnitTest; :app/project/kotlinCompilerPluginClasspathStagingDebug; :app/project/kotlinCompilerPluginClasspathStagingDebugAndroidTest; :app/project/kotlinCompilerPluginClasspathStagingDebugUnitTest; :app/project/kotlinCompilerPluginClasspathStagingRelease; :app/project/kotlinCompilerPluginClasspathStagingReleaseUnitTest; :app/project/kspPluginClasspath; :app/project/kspPluginClasspathNonEmbeddable","org.jetbrains.kotlinx:kotlinx-serialization-json-jvm:1.6.3","","Retain pending scoped work packages; no OSV match is not security clearance"
"org.jetbrains.kotlinx:kotlinx-serialization-json-jvm:1.4.1",":app/project/detekt","org.jetbrains.kotlinx:kotlinx-serialization-json:1.4.1","","Retain pending scoped work packages; no OSV match is not security clearance"
"org.jetbrains.kotlinx:kotlinx-serialization-json-jvm:1.6.3",":app/project/kotlinCompilerPluginClasspathDevDebug; :app/project/kotlinCompilerPluginClasspathDevDebugAndroidTest; :app/project/kotlinCompilerPluginClasspathDevDebugUnitTest; :app/project/kotlinCompilerPluginClasspathDevRelease; :app/project/kotlinCompilerPluginClasspathDevReleaseUnitTest; :app/project/kotlinCompilerPluginClasspathProdDebug; :app/project/kotlinCompilerPluginClasspathProdDebugAndroidTest; :app/project/kotlinCompilerPluginClasspathProdDebugUnitTest; :app/project/kotlinCompilerPluginClasspathProdRelease; :app/project/kotlinCompilerPluginClasspathProdReleaseUnitTest; :app/project/kotlinCompilerPluginClasspathQaDebug; :app/project/kotlinCompilerPluginClasspathQaDebugAndroidTest; :app/project/kotlinCompilerPluginClasspathQaDebugUnitTest; :app/project/kotlinCompilerPluginClasspathQaRelease; :app/project/kotlinCompilerPluginClasspathQaReleaseUnitTest; :app/project/kotlinCompilerPluginClasspathStagingDebug; :app/project/kotlinCompilerPluginClasspathStagingDebugAndroidTest; :app/project/kotlinCompilerPluginClasspathStagingDebugUnitTest; :app/project/kotlinCompilerPluginClasspathStagingRelease; :app/project/kotlinCompilerPluginClasspathStagingReleaseUnitTest; :app/project/kspPluginClasspath; :app/project/kspPluginClasspathNonEmbeddable","org.jetbrains.kotlinx:kotlinx-serialization-json:1.6.3","","Retain pending scoped work packages; no OSV match is not security clearance"
"org.jetbrains.kotlinx:kotlinx-serialization-json:1.4.1",":app/project/detekt","io.github.detekt.sarif4k:sarif4k-jvm:0.6.0","","Retain pending scoped work packages; no OSV match is not security clearance"
"org.jetbrains.kotlinx:kotlinx-serialization-json:1.6.3",":app/project/kotlinCompilerPluginClasspathDevDebug; :app/project/kotlinCompilerPluginClasspathDevDebugAndroidTest; :app/project/kotlinCompilerPluginClasspathDevDebugUnitTest; :app/project/kotlinCompilerPluginClasspathDevRelease; :app/project/kotlinCompilerPluginClasspathDevReleaseUnitTest; :app/project/kotlinCompilerPluginClasspathProdDebug; :app/project/kotlinCompilerPluginClasspathProdDebugAndroidTest; :app/project/kotlinCompilerPluginClasspathProdDebugUnitTest; :app/project/kotlinCompilerPluginClasspathProdRelease; :app/project/kotlinCompilerPluginClasspathProdReleaseUnitTest; :app/project/kotlinCompilerPluginClasspathQaDebug; :app/project/kotlinCompilerPluginClasspathQaDebugAndroidTest; :app/project/kotlinCompilerPluginClasspathQaDebugUnitTest; :app/project/kotlinCompilerPluginClasspathQaRelease; :app/project/kotlinCompilerPluginClasspathQaReleaseUnitTest; :app/project/kotlinCompilerPluginClasspathStagingDebug; :app/project/kotlinCompilerPluginClasspathStagingDebugAndroidTest; :app/project/kotlinCompilerPluginClasspathStagingDebugUnitTest; :app/project/kotlinCompilerPluginClasspathStagingRelease; :app/project/kotlinCompilerPluginClasspathStagingReleaseUnitTest; :app/project/kspPluginClasspath; :app/project/kspPluginClasspathNonEmbeddable","com.google.devtools.ksp:symbol-processing-cmdline:2.1.0-1.0.29; com.google.devtools.ksp:symbol-processing:2.1.0-1.0.29","","Retain pending scoped work packages; no OSV match is not security clearance"
"org.jspecify:jspecify:1.0.0",":app/project/devDebugAndroidTestCompileClasspath; :app/project/devDebugCompileClasspath; :app/project/devDebugRuntimeClasspath; :app/project/devDebugUnitTestCompileClasspath; :app/project/devDebugUnitTestRuntimeClasspath; :app/project/devReleaseCompileClasspath; :app/project/devReleaseRuntimeClasspath; :app/project/devReleaseUnitTestCompileClasspath; :app/project/devReleaseUnitTestRuntimeClasspath; :app/project/kspDevDebugAndroidTestKotlinProcessorClasspath; :app/project/kspDevDebugKotlinProcessorClasspath; :app/project/kspDevDebugUnitTestKotlinProcessorClasspath; :app/project/kspDevReleaseKotlinProcessorClasspath; :app/project/kspDevReleaseUnitTestKotlinProcessorClasspath; :app/project/kspProdDebugAndroidTestKotlinProcessorClasspath; :app/project/kspProdDebugKotlinProcessorClasspath; :app/project/kspProdDebugUnitTestKotlinProcessorClasspath; :app/project/kspProdReleaseKotlinProcessorClasspath; :app/project/kspProdReleaseUnitTestKotlinProcessorClasspath; :app/project/kspQaDebugAndroidTestKotlinProcessorClasspath; :app/project/kspQaDebugKotlinProcessorClasspath; :app/project/kspQaDebugUnitTestKotlinProcessorClasspath; :app/project/kspQaReleaseKotlinProcessorClasspath; :app/project/kspQaReleaseUnitTestKotlinProcessorClasspath; :app/project/kspStagingDebugAndroidTestKotlinProcessorClasspath; :app/project/kspStagingDebugKotlinProcessorClasspath; :app/project/kspStagingDebugUnitTestKotlinProcessorClasspath; :app/project/kspStagingReleaseKotlinProcessorClasspath; :app/project/kspStagingReleaseUnitTestKotlinProcessorClasspath; :app/project/prodDebugAndroidTestCompileClasspath; :app/project/prodDebugCompileClasspath; :app/project/prodDebugRuntimeClasspath; :app/project/prodDebugUnitTestCompileClasspath; :app/project/prodDebugUnitTestRuntimeClasspath; :app/project/prodReleaseCompileClasspath; :app/project/prodReleaseRuntimeClasspath; :app/project/prodReleaseUnitTestCompileClasspath; :app/project/prodReleaseUnitTestRuntimeClasspath; :app/project/qaDebugAndroidTestCompileClasspath; :app/project/qaDebugCompileClasspath; :app/project/qaDebugRuntimeClasspath; :app/project/qaDebugUnitTestCompileClasspath; :app/project/qaDebugUnitTestRuntimeClasspath; :app/project/qaReleaseCompileClasspath; :app/project/qaReleaseRuntimeClasspath; :app/project/qaReleaseUnitTestCompileClasspath; :app/project/qaReleaseUnitTestRuntimeClasspath; :app/project/stagingDebugAndroidTestCompileClasspath; :app/project/stagingDebugCompileClasspath; :app/project/stagingDebugRuntimeClasspath; :app/project/stagingDebugUnitTestCompileClasspath; :app/project/stagingDebugUnitTestRuntimeClasspath; :app/project/stagingReleaseCompileClasspath; :app/project/stagingReleaseRuntimeClasspath; :app/project/stagingReleaseUnitTestCompileClasspath; :app/project/stagingReleaseUnitTestRuntimeClasspath","com.google.dagger:dagger:2.56.2","","Retain pending scoped work packages; no OSV match is not security clearance"
"org.jvnet.staxex:stax-ex:1.8.1",":/buildscript/classpath","org.glassfish.jaxb:jaxb-runtime:2.3.2","","Retain pending scoped work packages; no OSV match is not security clearance"
"org.ow2.asm:asm-analysis:9.8",":/buildscript/classpath","com.android.tools.build:gradle:8.13.2; org.ow2.asm:asm-util:9.8","","Retain pending scoped work packages; no OSV match is not security clearance"
"org.ow2.asm:asm-commons:9.8",":/buildscript/classpath","com.android.tools.build:builder:8.13.2; com.android.tools.build:gradle:8.13.2; com.android.tools.build.jetifier:jetifier-processor:1.0.0-beta10","","Retain pending scoped work packages; no OSV match is not security clearance"
"org.ow2.asm:asm-tree:9.8",":/buildscript/classpath","org.ow2.asm:asm-analysis:9.8; org.ow2.asm:asm-commons:9.8; org.ow2.asm:asm-util:9.8","","Retain pending scoped work packages; no OSV match is not security clearance"
"org.ow2.asm:asm-util:9.8",":/buildscript/classpath","com.android.tools.build:gradle:8.13.2; com.android.tools.build.jetifier:jetifier-processor:1.0.0-beta10","","Retain pending scoped work packages; no OSV match is not security clearance"
"org.ow2.asm:asm:9.8",":/buildscript/classpath","com.android.tools.build:gradle-api:8.13.2; com.android.tools.build:gradle:8.13.2; com.android.tools.build.jetifier:jetifier-processor:1.0.0-beta10; com.android.tools.lint:lint-typedef-remover:31.13.2; com.google.dagger:hilt-android-gradle-plugin:2.56.2; org.ow2.asm:asm-commons:9.8; org.ow2.asm:asm-tree:9.8; org.ow2.asm:asm-util:9.8","","Retain pending scoped work packages; no OSV match is not security clearance"
"org.slf4j:slf4j-api:1.7.30",":/buildscript/classpath","com.android.tools.build:bundletool:1.18.1","","Retain pending scoped work packages; no OSV match is not security clearance"
"org.slf4j:slf4j-api:2.0.3",":app/project/detektPlugins","io.github.microutils:kotlin-logging-jvm:3.0.5","","Retain pending scoped work packages; no OSV match is not security clearance"
"org.snakeyaml:snakeyaml-engine:2.7",":app/project/detekt","io.gitlab.arturbosch.detekt:detekt-core:1.23.7","","Retain pending scoped work packages; no OSV match is not security clearance"
"org.tensorflow:tensorflow-lite-metadata:0.2.0",":/buildscript/classpath","com.android.tools.build:gradle:8.13.2","","Retain pending scoped work packages; no OSV match is not security clearance"
"org.xerial:sqlite-jdbc:3.41.2.2",":app/project/kspDevDebugAndroidTestKotlinProcessorClasspath; :app/project/kspDevDebugKotlinProcessorClasspath; :app/project/kspDevDebugUnitTestKotlinProcessorClasspath; :app/project/kspDevReleaseKotlinProcessorClasspath; :app/project/kspDevReleaseUnitTestKotlinProcessorClasspath; :app/project/kspProdDebugAndroidTestKotlinProcessorClasspath; :app/project/kspProdDebugKotlinProcessorClasspath; :app/project/kspProdDebugUnitTestKotlinProcessorClasspath; :app/project/kspProdReleaseKotlinProcessorClasspath; :app/project/kspProdReleaseUnitTestKotlinProcessorClasspath; :app/project/kspQaDebugAndroidTestKotlinProcessorClasspath; :app/project/kspQaDebugKotlinProcessorClasspath; :app/project/kspQaDebugUnitTestKotlinProcessorClasspath; :app/project/kspQaReleaseKotlinProcessorClasspath; :app/project/kspQaReleaseUnitTestKotlinProcessorClasspath; :app/project/kspStagingDebugAndroidTestKotlinProcessorClasspath; :app/project/kspStagingDebugKotlinProcessorClasspath; :app/project/kspStagingDebugUnitTestKotlinProcessorClasspath; :app/project/kspStagingReleaseKotlinProcessorClasspath; :app/project/kspStagingReleaseUnitTestKotlinProcessorClasspath","androidx.room:room-compiler:2.6.1","","Retain pending scoped work packages; no OSV match is not security clearance"
